id:ID,name,:LABEL
0,综合动力平台,System
1,通用船舶部件,Equipment
2,可编程控制器故障,Symptom
3,通信故障,Cause
4,修复通信线路,Repair
5,修复电源问题,Repair
6,更换损坏硬件,Repair
7,重新编程,Repair
8,电源问题,Cause
9,程序错误,Cause
10,硬件损坏,Cause
11,检查程序逻辑,Diagnosis
12,检查硬件状态,Diagnosis
13,检查通信线路,Diagnosis
14,检查电源电压,Diagnosis
15,船用异步电动机无法启动,Symptom
16,启动器故障,Cause
17,解除机械卡死,Repair
18,更换电机,Repair
19,修复电源,Repair
20,修复,Repair
21,更换启动器,Repair
22,电源故障,Cause
23,机械卡死,Cause
24,电机绕组损坏,Cause
25,检查机械部分,Diagnosis
26,测量绕组电阻,Diagnosis
27,检查启动器,Diagnosis
28,船用直流电机过热,Symptom
29,过载,Cause
30,更换电刷,Repair
31,减少负载,Repair
32,更换绕组,Repair
33,清理通风系统,Repair
34,通风不良,Cause
35,绕组短路,Cause
36,电刷磨损,Cause
37,检查负载,Diagnosis
38,检查电刷状态,Diagnosis
39,检查通风系统,Diagnosis
40,船用变压器输出电压异常,Symptom
41,铁芯损坏,Cause
42,修复铁芯,Repair
43,调整输入电压,Repair
44,输入电压异常,Cause
45,负载过大,Cause
46,检查铁芯,Diagnosis
47,检查输入电压,Diagnosis
48,电气系统,System
49,配电板,Equipment
50,接触器不吸合,Symptom
51,线圈损坏,Cause
52,调整控制电压,Repair
53,更换线圈,Repair
54,清理机械部分,Repair
55,更换触点,Repair
56,触点烧毁,Cause
57,控制电压不足,Cause
58,测量线圈电阻,Diagnosis
59,检查控制电压,Diagnosis
60,检查触点,Diagnosis
61,继电器触点粘连,Symptom
62,过电流,Cause
63,改善环境,Repair
64,机械磨损,Cause
65,环境腐蚀,Cause
66,触点材料老化,Cause
67,检查触点状态,Diagnosis
68,检查环境,Diagnosis
69,检查负载电流,Diagnosis
70,自动开关频繁跳闸,Symptom
71,开关损坏,Cause
72,修复短路,Repair
73,修复线路,Repair
74,更换开关,Repair
75,短路,Cause
76,线路故障,Cause
77,测试开关,Diagnosis
78,检查线路,Diagnosis
79,检查线路短路,Diagnosis
80,熔断器熔断,Symptom
81,更换合适熔断器,Repair
82,熔断器规格不符,Cause
83,核对规格,Diagnosis
84,电气控制线路故障,Symptom
85,元件损坏,Cause
86,更换元件,Repair
87,紧固连接,Repair
88,修复断路,Repair
89,线路断路,Cause
90,接触不良,Cause
91,测试元件,Diagnosis
92,检查线路通断,Diagnosis
93,检查电源,Diagnosis
94,检查连接点,Diagnosis
95,船舶起货机电气系统故障,Symptom
96,机械故障,Cause
97,修复控制线路,Repair
98,修复机械部分,Repair
99,控制线路故障,Cause
100,电机故障,Cause
101,检查控制线路,Diagnosis
102,检查电机,Diagnosis
103,船舶锚机、绞缆机电气系统故障,Symptom
104,监测系统,System
105,传感器,Equipment
106,船舶舵机电气系统故障,Symptom
107,传感器故障,Cause
108,更换传感器,Repair
109,检查传感器,Diagnosis
110,船舶辅锅炉自动控制系统故障,Symptom
111,更换执行器,Repair
112,执行器故障,Cause
113,检查执行器,Diagnosis
114,船舶冷藏、空调电气设备故障,Symptom
115,更换压缩机,Repair
116,压缩机故障,Cause
117,检查压缩机,Diagnosis
118,控制系统,System
119,控制器,Equipment
120,通用紧急报警装置故障,Symptom
121,更换报警器,Repair
122,修复控制单元,Repair
123,报警器损坏,Cause
124,控制单元故障,Cause
125,测试报警器,Diagnosis
126,检查控制单元,Diagnosis
127,火灾自动监控与报警系统故障,Symptom
128,船舶主发电机及调压器故障,Symptom
129,励磁系统故障,Cause
130,修复励磁系统,Repair
131,更换调压器,Repair
132,修复绕组,Repair
133,绕组故障,Cause
134,调压器故障,Cause
135,检查励磁系统,Diagnosis
136,检查调压器,Diagnosis
137,船舶配电装置故障,Symptom
138,绝缘故障,Cause
139,修复绝缘,Repair
140,更换断路器,Repair
141,修复母线,Repair
142,断路器故障,Cause
143,母线故障,Cause
144,检查母线,Diagnosis
145,测量绝缘电阻,Diagnosis
146,检查断路器,Diagnosis
147,船舶发电机并联运行故障,Symptom
148,负载分配不均,Cause
149,修复同步装置,Repair
150,修复调压器,Repair
151,调整负载分配,Repair
152,同步故障,Cause
153,检查同步装置,Diagnosis
154,检查负载分配,Diagnosis
155,主柴油发电机组自动控制系统故障,Symptom
156,船舶电站自动控制系统故障,Symptom
157,修复PLC,Repair
158,PLC故障,Cause
159,检查PLC,Diagnosis
160,瞬时过电压高于船舶电源系统的额定冲击耐受电压,Symptom
161,船用电器设计,Cause
162,更换符合规格的电器,Repair
163,增加过电压保护装置,Repair
164,电源系统保护不足,Cause
165,选型不当,Cause
166,检查电器规格是否符合船舶电源系统要求,Diagnosis
167,测试瞬时电压峰值,Diagnosis
168,电气设备在高温环境下失效,Symptom
169,环境温度超过设备上限值,Cause
170,改善散热条件,Repair
171,更换耐高温设备,Repair
172,散热不良,Cause
173,测量环境温度,Diagnosis
174,检查设备散热条件,Diagnosis
175,电气设备在船舶摇摆和振动时损坏,Symptom
176,抗振设计不足,Cause
177,加固安装,Repair
178,更换抗振设备,Repair
179,设备固定不牢,Cause
180,观察振动时的表现,Diagnosis
181,检查设备安装牢固性,Diagnosis
182,电气设备在电压和频率波动时工作不可靠,Symptom
183,电源质量差,Cause
184,更换适应性更强的设备,Repair
185,改善电源质量,Repair
186,设备抗干扰能力不足,Cause
187,测试设备在波动条件下的表现,Diagnosis
188,监测电源参数,Diagnosis
189,电气设备绝缘性能下降,Symptom
190,受潮,Cause
191,采取防腐蚀措施,Repair
192,更换绝缘材料,Repair
193,改善密封,Repair
194,绝缘材料老化,Cause
195,盐雾腐蚀,Cause
196,检查设备密封性,Diagnosis
197,防爆电气设备在危险区域失效,Symptom
198,设备防爆等级不符,Cause
199,更换符合要求的防爆设备,Repair
200,重新规范安装,Repair
201,安装不当,Cause
202,核对设备防爆标识,Diagnosis
203,检查安装位置,Diagnosis
204,电子设备在极端温度下失效,Symptom
205,散热不足,Cause
206,改善环境温度控制,Repair
207,更换宽温设备,Repair
208,环境温度超出工作范围,Cause
209,监测环境温度,Diagnosis
210,检查设备温度保护机制,Diagnosis
211,自动化设备在高湿环境下失效,Symptom
212,湿度超出工作范围,Cause
213,更换高防护等级设备,Repair
214,改善环境湿度控制,Repair
215,密封不良,Cause
216,测量环境湿度,Diagnosis
217,电气设备不能完成预定功能,Symptom
218,维护管理不到位,Cause
219,熟练掌握设备的工作原理,Repair
220,了解各部件出现故障时所表现的特征,Repair
221,具备足够的设备管理维修经验,Repair
222,机舱环境异常,Cause
223,恶劣海况,Cause
224,材料问题,Cause
225,制造工艺,Cause
226,设计缺陷,Cause
227,负荷突变,Cause
228,安装工艺,Cause
229,分析故障模式,Diagnosis
230,区分功能故障和潜在故障,Diagnosis
231,明确系统在规定的条件下丧失规定功能的判别准则,Diagnosis
232,机械设备技术状况日渐变差,Symptom
233,物理量变化,Cause
234,时更换磨损零件,Repair
235,定期维护和检查机械设备,Repair
236,保持设备初始状况,Repair
237,相互位置变化,Cause
238,受载,Cause
239,发热,Cause
240,配合间隙变化,Cause
241,零件尺寸变化,Cause
242,磨损,Cause
243,物理,Cause
244,化学变化,Cause
245,相互位置,Diagnosis
246,检查零件的尺寸,Diagnosis
247,物理量,Diagnosis
248,分析机械设备的技术状况,Diagnosis
249,配合间隙,Diagnosis
250,动力系统,System
251,柴油机主轴,Equipment
252,电机轴承磨损,Symptom
253,负荷过大,Cause
254,时更换磨损轴承,Repair
255,定期润滑轴承,Repair
256,润滑不足,Cause
257,长期使用,Cause
258,检测轴承运行状态,Diagnosis
259,观察轴承磨损程度,Diagnosis
260,电气设备短路,Symptom
261,绝缘损坏,Cause
262,更换损坏的绝缘材料,Repair
263,线路,Repair
264,改进设计,Repair
265,线路老化,Cause
266,检查绝缘状态,Diagnosis
267,测试线路电阻,Diagnosis
268,电气设备开路,Symptom
269,连接松动,Cause
270,更换断裂线路,Repair
271,故障开关,Repair
272,开关故障,Cause
273,线路断裂,Cause
274,检查连接状态,Diagnosis
275,测试线路通断,Diagnosis
276,电气设备过载,Symptom
277,增加设备容量,Repair
278,减少负荷,Repair
279,设计容量不足,Cause
280,测量负荷电流,Diagnosis
281,检查散热系统,Diagnosis
282,机械故障,Symptom
283,机械本身在工作过程中组成元件间相互作用的结果,Cause
284,更换磨损,Repair
285,改善机械设备的工作环境,Repair
286,加强机械设备的维护和保养,Repair
287,损坏的机件,Repair
288,塑性变形,Cause
289,发展成故障,Cause
290,造成机件的腐蚀损坏,Cause
291,偶然的因素导致技术状况变差,Cause
292,如机械设备工作环境条件恶劣,Cause
293,保管不当,Cause
294,导致机件磨损,Cause
295,疲劳破坏,Cause
296,使用,Cause
297,维护,Cause
298,疲劳情况,Diagnosis
299,检查机件的磨损,Diagnosis
300,观察机械设备的运行状态,Diagnosis
301,识别异常声音,Diagnosis
302,检查机械设备的工作环境和维护记录,Diagnosis
303,振动,Diagnosis
304,变形,Diagnosis
305,电气设备故障,Symptom
306,接地,Cause
307,检查并修复关联设备的故障,Repair
308,更换损坏的电气元件,Repair
309,调整电源参数至正常范围,Repair
310,工作不正常。致使相关保护环节动作,Cause
311,缺相,Cause
312,电压过低等,Cause
313,断开,Cause
314,过小,Cause
315,线圈短路,Cause
316,该通的不通。要求接通的接点接触不良,Cause
317,电源参数不正常。表现为失压,Cause
318,触头熔焊,Cause
319,关联设备故障,Cause
320,线圈断线等,Cause
321,元件参数变化过大。如电阻值过大,Cause
322,绝缘电阻过小等,Cause
323,该断的不断。要求断开的地方没有断开,Cause
324,各种参数整定不当等,Cause
325,主要表现为短路,Cause
326,逐步排查故障的具体位置,Diagnosis
327,根据故障现象确定故障在主电路还是在控制电路,Diagnosis
328,确定故障是开路故障还是短路故障,Diagnosis
329,电气设备验收不合格,Symptom
330,外观检验不合格,Cause
331,重新进行绝缘处理,Repair
332,调整,Repair
333,更换不合格的部件,Repair
334,修复设备的性能问题,Repair
335,绝缘检验不合格,Cause
336,如设备运行不稳定,Cause
337,如绝缘电阻低于标准值,Cause
338,外壳防护等级不符合要求,Cause
339,如表面保护层光洁度不足,Cause
340,指示牌指示不正确,Cause
341,功能不全,Cause
342,性能检验不合格,Cause
343,进行外观检验,Diagnosis
344,测试设备的运行状态和功能,Diagnosis
345,测量设备的绝缘电阻,Diagnosis
346,进行性能检验,Diagnosis
347,检查设备的表面保护层,Diagnosis
348,指示牌和外壳防护等级,Diagnosis
349,进行绝缘检验,Diagnosis
350,绝缘电阻值低,Symptom
351,接线端子松动,Cause
352,干燥受潮设备,Repair
353,更换老化的绝缘材料,Repair
354,在适宜的气候条件下重新测量,Repair
355,清洁并紧固接线端子,Repair
356,气候条件影响,Cause
357,污染,Cause
358,设备受潮,Cause
359,污染,Diagnosis
360,裂纹,Diagnosis
361,检查接线端子是否松动,Diagnosis
362,检查设备是否有受潮迹象,Diagnosis
363,使用兆欧表测量绝缘电阻,Diagnosis
364,检查绝缘材料是否有老化,Diagnosis
365,电动机启动时只响不转,Symptom
366,启动电容故障,Cause
367,减轻负载,Repair
368,更换故障启动电容,Repair
369,修复缺相电源,Repair
370,更换更大功率电动机,Repair
371,更换损坏的轴承,Repair
372,电源缺相,Cause
373,电动机轴承损坏,Cause
374,检查电源三相电压是否正常,Diagnosis
375,听电动机轴承是否有异响,Diagnosis
376,检查负载是否过大,Diagnosis
377,测试启动电容是否正常,Diagnosis
378,接触器线圈通电后噪声很大,Symptom
379,机械部件卡阻,Cause
380,更换卡阻部件,Repair
381,清洁磁路接触面,Repair
382,调整线圈电压至额定值,Repair
383,润滑,Repair
384,更换断裂的短路环,Repair
385,短路环断裂,Cause
386,线圈电压不足,Cause
387,磁路接触面有污垢,Cause
388,检查短路环是否完好,Diagnosis
389,测量线圈电压是否正常,Diagnosis
390,检查磁路接触面是否清洁,Diagnosis
391,检查机械部件是否灵活,Diagnosis
392,熔断器熔体熔断,Symptom
393,排除短路故障,Repair
394,减小负载,Repair
395,清洁并紧固熔断器接触点,Repair
396,更换更大容量熔断器,Repair
397,更换匹配规格的熔断器,Repair
398,接触不良导致过热,Cause
399,电路短路,Cause
400,熔断器规格不匹配,Cause
401,测量负载电流是否超过额定值,Diagnosis
402,检查电路是否有短路,Diagnosis
403,核对熔断器规格,Diagnosis
404,检查熔断器接触是否良好,Diagnosis
405,热继电器频繁脱扣,Symptom
406,整定值设置过低,Cause
407,降低环境温度,Repair
408,调整整定值至合适范围,Repair
409,稳定负载,Repair
410,更换老化的热元件,Repair
411,更换更大容量热继电器,Repair
412,环境温度过高,Cause
413,热元件老化,Cause
414,负载电流波动大,Cause
415,监测负载电流波动情况,Diagnosis
416,检查热元件是否老化,Diagnosis
417,检查热继电器整定值,Diagnosis
418,电器绝缘层有焦味,Symptom
419,短路,Repair
420,三相电流不平衡的原因,Repair
421,排查过载,Repair
422,检查并更换烧坏的电器绝缘层,Repair
423,三相电流严重不平衡,Cause
424,闻一闻导线等处是否有焦味,Diagnosis
425,怀疑某电器元件或电路板故障,Symptom
426,电路板损坏,Cause
427,电路板,Repair
428,修复故障件,Repair
429,更换故障元件,Repair
430,元件,Cause
431,电路板替换可疑部件,Diagnosis
432,确认无故障的同一型号的元件,Diagnosis
433,用新的,Diagnosis
434,怀疑某个触点有故障,Symptom
435,损坏,Cause
436,更换,Repair
437,修复故障触点,Repair
438,拆除短接线,Repair
439,触点接触不良,Cause
440,观察故障是否消失,Diagnosis
441,用导线短接该触点,Diagnosis
442,根据日常运行维护记录和经验,Cause
443,快速排除故障,Repair
444,查阅电气设备日常运行维护记录和故障记录,Diagnosis
445,结合实践经验,Diagnosis
446,电气设备在某一状态下故障,Symptom
447,设备在特定状态下元件工作异常,Cause
448,检修故障状态下的相关元件,Repair
449,元件在该状态下的工作状态,Diagnosis
450,分析电气设备所处的状态,Diagnosis
451,电气装置故障,Symptom
452,原理,Cause
453,结合设备布置图和接线图进行故障原因分析和检修,Repair
454,功能异常,Cause
455,装置构成,Cause
456,工作过程,Diagnosis
457,理解设备和装置的工作原理,Diagnosis
458,阅读电气图,Diagnosis
459,对照实物,Diagnosis
460,电气故障现象多样,Symptom
461,不同类故障可能有同种故障现象,Cause
462,根据故障现象进行针对性排查和修复,Repair
463,同一类故障可能有不同的故障现象,Cause
464,观察和调查故障现象,Diagnosis
465,电气系统故障,Symptom
466,机械部件故障,Cause
467,再排除电气部分故障,Repair
468,先检修机械系统故障,Repair
469,按照先易后难的原则拆检,Repair
470,先检修常见问题,Repair
471,先检查运行状态的部分,Repair
472,使用最简单的方法处理,Repair
473,后攻克疑难问题,Repair
474,后检查静态部分,Repair
475,仪表读数异常,Cause
476,控制系统操作异常,Cause
477,干扰信号,Cause
478,电气部件故障,Cause
479,损坏信号,Cause
480,检查报警装置,Diagnosis
481,电流,Diagnosis
482,检查仪表读数如电压,Diagnosis
483,使用测试仪器测量电压,Diagnosis
484,检查控制系统操作和程序,Diagnosis
485,检查设备运行时间和环境,Diagnosis
486,烟气,Diagnosis
487,检查设备运行参数和干扰信号,Diagnosis
488,连锁装置,Diagnosis
489,频率,Diagnosis
490,异味,Diagnosis
491,检查异常现象如声响,Diagnosis
492,光报警信号,Diagnosis
493,电阻,Diagnosis
494,电气设备经常容易产生相同类型的故障,Symptom
495,通病比较常见,Cause
496,古怪的疑难杂症,Repair
497,简化步骤缩小范围,Repair
498,难度高,Repair
499,提高检修速度,Repair
500,集中精力和时间排除比较少见,Repair
501,快速排除,Diagnosis
502,积累的经验较丰富,Diagnosis
503,外部部件引起的故障,Symptom
504,外部环境低劣,Cause
505,首先排除外部部件引起的故障,Repair
506,尽量避免不必要的拆卸,Repair
507,其次检修内部故障,Repair
508,后内部处理,Diagnosis
509,先外部测试检查,Diagnosis
510,电气设备通电前故障扩大,Symptom
511,立即通电导致人为扩大故障范围,Cause
512,先进行电阻测量,Repair
513,在故障设备通电前,Repair
514,采取必要的措施后,Repair
515,方能通电检修,Repair
516,后通电检修,Diagnosis
517,先不通电测量,Diagnosis
518,公用电路出故障,Symptom
519,公用电路故障导致能量,Cause
520,遵循先公用电路,Repair
521,准确地排除电气设备的故障,Repair
522,后专用电路的顺序,Repair
523,快速,Repair
524,信息无法传送,Cause
525,先公用电路,Diagnosis
526,后专用电路,Diagnosis
527,电气设备检修时误送电,Symptom
528,未挂警告牌,Cause
529,必须切断电源,Repair
530,查修故障时,Repair
531,并挂上警告牌,Repair
532,以防止有人不知情况而误送电引发事故,Repair
533,未切断电源,Cause
534,严格遵守电气安全操作规程,Diagnosis
535,检修时照明不足,Symptom
536,照明不足导致检修不便,Cause
537,必须保证足够的照明。为了检查维修方便需用手提灯时,Repair
538,并且在灯泡外加防护罩,Repair
539,在检修时,Repair
540,电压要控制在安全电压的范围之内,Repair
541,保证足够的照明,Diagnosis
542,带电测试或检修时危险,Symptom
543,带电部件附近有其他工作人员,Cause
544,必须确认带电部件附近无其他工作人员,Repair
545,检修时,Repair
546,特殊情况需要带电测试,Repair
547,方能送电,Repair
548,确认带电部件附近无其他工作人员,Diagnosis
549,带电检修时发生危险,Symptom
550,无人看护,Cause
551,在带电检修时,Repair
552,必须有专人在旁看护,Repair
553,并做好一且发生危险立即切断电源的准备,Repair
554,必须有专人在旁看护,Diagnosis
555,电气设备故障记录不全,Symptom
556,检修经过,Cause
557,检修经过,Repair
558,把故障现象,Repair
559,熟悉其工作原理,Repair
560,体会记录在专用笔记本上,Repair
561,技巧,Repair
562,积累维修经验,Repair
563,原因,Repair
564,学习掌握各种新型电气设备的理论知识,Repair
565,原因,Cause
566,未记录故障现象,Cause
567,检修经过,Diagnosis
568,体会,Diagnosis
569,技巧,Diagnosis
570,原因,Diagnosis
571,记录故障现象,Diagnosis
572,接触不良,Symptom
573,印刷电路板与插槽接触不良,Cause
574,焊接接触不良的部件,Repair
575,确保连接稳固,Repair
576,重新插拔,Repair
577,电缆线内部折断时通时不通,Cause
578,线插头,Cause
579,元器件虚焊,Cause
580,接线端子接触不好,Cause
581,插口,Diagnosis
582,接线柱等有无松脱,Diagnosis
583,滑位,Diagnosis
584,检查电子设备上的开关,Diagnosis
585,不通电观察法,Diagnosis
586,断线等问题,Diagnosis
587,旋钮,Diagnosis
588,信号受干扰,Symptom
589,使抗干扰能力趋向临界点,Cause
590,滤波,Repair
591,更换参数变化的元件,Repair
592,增加抗干扰措施,Repair
593,如屏蔽,Repair
594,电路板个别元件参数出现了变化,Cause
595,干扰太大影响了控制系统使其出错,Cause
596,通电观察法,Diagnosis
597,检查在特定条件下故障是否呈现,Diagnosis
598,元器件热稳定性不好,Symptom
599,集成电路（IC）,Cause
600,确保散热良好,Repair
601,更换热稳定性差的元器件,Repair
602,其他电容,Cause
603,电解电容,Cause
604,电阻等热稳定性差,Cause
605,二极管,Cause
606,三极管,Cause
607,检查设备在长时间运行后是否出现故障,Diagnosis
608,电路板上有湿气、积尘,Symptom
609,热胀冷缩过程中阻值变化,Cause
610,清洁电路板,Repair
611,确保干燥无尘,Repair
612,湿气和积尘导电,Cause
613,改变电路参数,Cause
614,具有电阻效应,Cause
615,积尘,Diagnosis
616,检查电路板是否有湿气,Diagnosis
617,软件参数问题,Symptom
618,某些参数的裕量调得太低,Cause
619,调整软件参数,Repair
620,增加裕量,Repair
621,处于临界范围,Cause
622,当机器运行工况符合软件判定故障的条件时报警,Cause
623,检查软件参数设置,Diagnosis
624,观察报警条件,Diagnosis
625,电阻烧坏、电容器漏液或炸裂、电源变压器损坏,Symptom
626,触点不良,Cause
627,范围,Repair
628,检查电路原理图,Repair
629,更换损坏的元件,Repair
630,分析损坏原因,Repair
631,电路连线,Cause
632,击穿,Diagnosis
633,断裂等现象,Diagnosis
634,发黑,Diagnosis
635,检查元件是否有烧焦,Diagnosis
636,漏液,Diagnosis
637,跳火、冒烟、异味、烧毁熔断器,Symptom
638,整流电路部分故障,Cause
639,拟定下一步测试方案,Repair
640,一旦发现损坏器件,Repair
641,核对电路原理图,Repair
642,立即切断电源,Repair
643,电源变压器,Diagnosis
644,电解电容,Diagnosis
645,观察整流部分,Diagnosis
646,逐步加压供电,Diagnosis
647,电阻器等器件是否有异常现象,Diagnosis
648,使用通电观察法,Diagnosis
649,电路参数变化,Symptom
650,电流,Cause
651,对照电路原理图,Repair
652,说明书中的电压数据,Repair
653,进行直流电压测量,Repair
654,查明故障原因和损坏器件,Repair
655,电阻等参数异常,Cause
656,电压,Cause
657,电阻等参数,Diagnosis
658,使用参数测试法,Diagnosis
659,测量故障电路的电压,Diagnosis
660,接触不良、虚焊、电阻变值、电容器漏电,Symptom
661,电容器漏电,Cause
662,对于高阻值电阻,Repair
663,对于连接在电路中的电阻元件,Repair
664,脱焊一端后进行测量,Repair
665,防止手指碰触测试棒,Repair
666,滑动触点接触不良,Cause
667,电路器件插脚,Cause
668,电阻变值,Cause
669,个别接点虚焊,Cause
670,在设备不通电情况下,Diagnosis
671,使用测量电阻法进行检查,Diagnosis
672,整流输出短路,Symptom
673,负载电阻阻值异常,Cause
674,根据测量结果判断短路情况,Repair
675,测量负载电阻的阻值,Diagnosis
676,电容器漏电、绝缘击穿,Symptom
677,更换损坏的电容器,Repair
678,电容器老化,Cause
679,测量电容器的漏电程度,Diagnosis
680,电容变值,Symptom
681,电容老化,Cause
682,更换变值的电容,Repair
683,脱焊被测电容的一端,Diagnosis
684,注意万用表测电阻挡的测试棒极性,Diagnosis
685,采用测量电阻法,Diagnosis
686,电感线圈或变压器绕组不通,Symptom
687,绕组断路,Cause
688,变压器,Repair
689,更换损坏的电感线圈,Repair
690,线圈,Cause
691,采用测量电阻法检查通断,Diagnosis
692,晶体管损坏,Symptom
693,烧坏断路,Cause
694,更换损坏的晶体管,Repair
695,PN结击穿短路,Cause
696,使用万用表的适当电阻挡检测PN结的正反向电阻,Diagnosis
697,电子设备输出信号异常,Symptom
698,电路故障,Cause
699,根据波形异常修复相应电路,Repair
700,使用示波器观测各级电路的输入和输出信号波形,Diagnosis
701,复杂电子设备故障,Symptom
702,多方影响,Cause
703,更换故障部分的元器件,Repair
704,元器件互相牵制,Cause
705,取出插板,Diagnosis
706,采用分割测试法,Diagnosis
707,观察故障现象,Diagnosis
708,脱焊连接电路的一端,Diagnosis
709,电子设备故障快速修复需求,Symptom
710,元器件,Cause
711,修复原部件作为备件,Repair
712,更换故障部件,Repair
713,电路板故障,Cause
714,电路板替代有疑问的部分,Diagnosis
715,规格的元器件,Diagnosis
716,使用相同型号,Diagnosis
717,电子设备工作点异常,Symptom
718,根据差异修复故障电路,Repair
719,采用整机比较法,Diagnosis
720,与完好设备比较工作点电压和波形,Diagnosis
721,电子设备电路交流干扰,Symptom
722,元器件问题,Cause
723,调整电路设计,Repair
724,更换干扰源元器件,Repair
725,电路设计,Cause
726,用适当电容器对电路部分进行交流旁路,Diagnosis
727,采用电容旁路法,Diagnosis
728,设备时好时坏（例如报警设备时常误报警）,Symptom
729,干扰源闯入,Cause
730,通过电容器的旁路排除由于电源引起的干扰和噪声,Repair
731,滤波抗干扰电容变质,Cause
732,用适当容量和耐压的电容器对电源电路相关点进行旁路检查,Diagnosis
733,电子设备无法正常工作或噪声很大,Symptom
734,多级放大电路产生寄生振荡,Cause
735,其他方法消除故障,Repair
736,加防振电阻,Repair
737,在某一级的输入端旁路时寄生振荡消失,Repair
738,用适当容量和耐压的电容由多级放大电路后级向前级逐级进行旁路检查,Diagnosis
739,晶体管故障造成设备故障,Symptom
740,参数不匹配,Cause
741,种类相同的国产晶体管替代,Repair
742,极性相同,Repair
743,选用材料相同,Repair
744,晶体管损坏,Cause
745,测算出主要参数,Diagnosis
746,分析元件在电路中所起的作用,Diagnosis
747,国产件参数常要大于或等于被换件的主要参数,Symptom
748,国产件与原装件参数不匹配,Cause
749,以工作状态最佳的那只为准,Repair
750,逐一换上,Repair
751,选用主要参数（特别是耐压和电流值）较大的国产件,Repair
752,测量原装管子的参数,Diagnosis
753,比较国产件参数,Diagnosis
754,无法测出原装管子的参数,Symptom
755,原装管子参数未知,Cause
756,尽可能选用主要参数较大的国产件,Repair
757,按原管子的形状,Repair
758,根据原管子的形状和位置选择国产件,Diagnosis
759,晶体管代换后可靠性低,Symptom
760,使用低可靠性国产件,Cause
761,使用高可靠性的国产件进行代换,Repair
762,检查国产件的可靠性,Diagnosis
763,找不到相应的国产IC,Symptom
764,国产IC与原装IC型号不匹配,Cause
765,根据电路作用和主要参数选择合适的国产件,Repair
766,分析元件在电路中的作用,Diagnosis
767,功能和主要参数,Diagnosis
768,封闭式插件无法修理,Symptom
769,无法打开,Cause
770,自行改制这部分电路,Repair
771,其他材料封闭,Cause
772,没有图纸,Cause
773,电路板被树脂,Cause
774,根据整机原理推断电路概况,Diagnosis
775,电阻器识别困难,Symptom
776,电阻器种类繁多,Cause
777,根据颜色和外形标志识别电阻器类型,Repair
778,外形和颜色多样,Cause
779,观察电阻器外表颜色和外形标志,Diagnosis
780,电阻器测量值与标称值相差很大,Symptom
781,烧断,Cause
782,更换电阻器,Repair
783,开路,Cause
784,引线脱落,Cause
785,膜层脱离,Cause
786,比较测量值与标称值,Diagnosis
787,使用万用表电阻挡测量电阻值,Diagnosis
788,电阻器测量值远小于标称值或为零欧姆,Symptom
789,电阻器表面有烧焦、开裂,Symptom
790,性能不良,Cause
791,目视检查电阻器外观,Diagnosis
792,光敏电阻器阻值变化小或无变化,Symptom
793,更换光敏电阻器,Repair
794,测量有光照和无光照时的电阻值,Diagnosis
795,热敏电阻器阻值不变,Symptom
796,更换热敏电阻器,Repair
797,加温后测量电阻值,Diagnosis
798,常温下测量标称值,Diagnosis
799,可变电阻器测量值与标称值相差很大,Symptom
800,可变电阻器损坏,Cause
801,更换可变电阻器,Repair
802,测量可变电阻器的总阻值与标称值是否接近,Diagnosis
803,可变电阻器滑动臂旋转时阻值变化不均匀,Symptom
804,可变电阻器性能不良,Cause
805,观察万用表指针偏转是否平稳,Diagnosis
806,测量滑动臂旋转时的阻值变化,Diagnosis
807,在线测量电阻值偏离标称值,Symptom
808,周围元器件影响,Cause
809,检查周围电路,Repair
810,电阻器损坏,Cause
811,结合周围元器件综合分析,Diagnosis
812,在线测量电阻值,Diagnosis
813,电阻器发热损坏,Symptom
814,实际使用功率超出额定功率,Cause
815,更换额定功率更大的电阻器,Repair
816,检查电阻器的额定功率是否满足设计要求,Diagnosis
817,电阻器被击穿烧毁,Symptom
818,实际工作电压大于电阻器的耐压,Cause
819,更换耐压更高的电阻器,Repair
820,检查电阻器的耐压是否满足设计要求,Diagnosis
821,电阻器假焊（虚焊）,Symptom
822,引脚表面氧化层未处理,Cause
823,重新处理引脚并焊接,Repair
824,检查电阻器引脚是否进行表面处理和镀锡,Diagnosis
825,高频电路性能不佳,Symptom
826,电阻器引脚过长,Cause
827,缩短引脚长度,Repair
828,检查高频电路中电阻器引脚长度,Diagnosis
829,电容器开路失效,Symptom
830,电容器内部断路,Cause
831,更换电容器,Repair
832,若始终停在无穷大,Diagnosis
833,使用万用表测量电容器的阻值,Diagnosis
834,说明电容器内部已开路,Diagnosis
835,电容器短路击穿,Symptom
836,电容器内部短路,Cause
837,说明电容器内部已短路,Diagnosis
838,若始终停在零欧姆,Diagnosis
839,电容器漏电,Symptom
840,电容器内部漏电,Cause
841,说明电容器漏电,Diagnosis
842,若漏电阻小于几百千欧姆,Diagnosis
843,使用万用表测量电容器的漏电阻,Diagnosis
844,电容器容量变小,Symptom
845,说明电容器容量变小,Diagnosis
846,使用电容测量仪测量电容器的容量,Diagnosis
847,若容量明显小于标称值,Diagnosis
848,电感线圈开路,Symptom
849,电感线圈内部断路,Cause
850,更换电感线圈,Repair
851,若阻值为无穷大,Diagnosis
852,说明电感线圈开路,Diagnosis
853,使用万用表测量电感线圈的阻值,Diagnosis
854,电感线圈短路,Symptom
855,电感线圈内部短路,Cause
856,接近零,Diagnosis
857,说明电感线圈短路,Diagnosis
858,若阻值为零,Diagnosis
859,引脚断开、线圈内部短路、变形引起电感量的变化,Symptom
860,生锈,Cause
861,线圈,Repair
862,磁芯的问题。,Repair
863,修复引脚,Repair
864,线圈松动,Cause
865,电感线圈引脚断线,Cause
866,磁芯松动,Cause
867,发霉,Cause
868,烧焦,Cause
869,破损,Cause
870,生锈,Diagnosis
871,判断电阻值是否正常。,Diagnosis
872,1. 目测法：检查电感线圈引脚有无断线,Diagnosis
873,发霉,Diagnosis
874,开路,Diagnosis
875,烧焦,Diagnosis
876,磁芯有无松动和破损。2. 用万用表检测：选用R×1挡,Diagnosis
877,线圈有无松动,Diagnosis
878,测量线圈的两个引出脚,Diagnosis
879,继电器引脚断线、开路、生锈；线圈烧焦；常开、常闭触点接触与断开点不正常；铁芯松动或破损,Symptom
880,铁芯松动,Cause
881,触点,Repair
882,铁芯的问题。,Repair
883,更换损坏的继电器,Repair
884,线圈烧焦,Cause
885,继电器引脚断线,Cause
886,常开,Cause
887,常闭触点损坏,Cause
888,检测常闭触点（R×1挡,Diagnosis
889,检测常开触点（R×10 kΩ挡,Diagnosis
890,1. 自测法：检查继电器引脚有无断线,Diagnosis
891,阻值应为无穷大）,Diagnosis
892,阻值应为零）。,Diagnosis
893,铁芯有无松动和破损。2. 用万用表检测：检测通电线圈的通断（方法与电感线圈相同）,Diagnosis
894,线圈有无烧焦,Diagnosis
895,常开,Diagnosis
896,常闭触点接触与断开点是否正常,Diagnosis
897,测量的阻值不是零,Symptom
898,已损坏,Cause
899,更换损坏的触点,Repair
900,检查并修复常闭触点,Repair
901,常闭触点没有闭合,Cause
902,测量常闭触点的阻值,Diagnosis
903,测得的反向电阻很小,Symptom
904,二极管内部短路,Cause
905,更换内部短路的二极管,Repair
906,使用万用表测量二极管的正反向电阻,Diagnosis
907,正向电阻很大,Symptom
908,二极管内部断路,Cause
909,更换内部断路的二极管,Repair
910,发光二极管不发光,Symptom
911,工作电流不足,Cause
912,确保工作电流足够,Repair
913,更换损坏的发光二极管,Repair
914,发光二极管损坏,Cause
915,测量发光二极管的正反向电阻并观察是否发光,Diagnosis
916,使用稳压电源测试,Diagnosis
917,稳压二极管稳压值测量不准确,Symptom
918,未使用高电阻挡,Cause
919,使用高电阻挡（如R×10kQ）测量稳压二极管的反向电阻,Repair
920,并根据公式计算稳压值,Repair
921,测量方法不正确,Cause
922,使用R×10kQ挡测量稳压二极管的反向电阻,Diagnosis
923,计算稳压值,Diagnosis
924,三极管管脚判别错误,Symptom
925,根据测量结果确定基极和三极管类型,Repair
926,然后判别集电极和发射极,Repair
927,未正确识别PN结特性,Cause
928,使用万用表测量各管脚间的电阻,Diagnosis
929,判断基极和类型（NPN,Diagnosis
930,PNP）,Diagnosis
931,三极管质量判断不准确,Symptom
932,ce结的正反向电阻,Cause
933,根据测量结果判断三极管的质量,Repair
934,正常情况下be结,Repair
935,反向电阻大,Repair
936,bc结正向电阻小,Repair
937,bc结,Cause
938,未正确测量be结,Cause
939,ce结的正反向电阻,Diagnosis
940,使用万用表R×100Q挡,Diagnosis
941,bc结,Diagnosis
942,R×1kQ挡测量be结,Diagnosis
943,测得正反向电阻值为无穷大,Symptom
944,管子内部已断路,Cause
945,更换损坏的管子,Repair
946,使用万用表测量正反向电阻值,Diagnosis
947,测得正反向电阻值为零,Symptom
948,管子内部已短路,Cause
949,测得控制极与阳极的正反向电阻均很小,Symptom
950,控制极与阳极已击穿,Cause
951,更换损坏的可控硅,Repair
952,使用万用表测量控制极与阳极的正反向电阻,Diagnosis
953,测得控制极与阳极的正反向电阻为无穷大,Symptom
954,控制极与阳极已断路,Cause
955,测得控制极与阳极与阴极之间的正反向电阻都很小,Symptom
956,可控硅已击穿,Cause
957,使用万用表测量控制极与阳极与阴极之间的正反向电阻,Diagnosis
958,集成电路离线电阻测量值与参考值差异较大,Symptom
959,测试电流过大损坏集成电路,Cause
960,考虑更换集成电路,Repair
961,如果电阻值超出误差范围,Repair
962,集成电路批次不同导致电阻值误差,Cause
963,集成电路性能问题,Cause
964,查阅集成电路手册,Diagnosis
965,使用万用表R×1 kΩ挡测量各引脚对地脚的正反向电阻,Diagnosis
966,比较测量值与参考值,Diagnosis
967,误差超过10%则可能有问题,Diagnosis
968,技术资料获取参考电阻值,Diagnosis
969,在线直流电阻测量值与参考值差异较大,Symptom
970,测量方法不当,Cause
971,根据测量结果更换损坏的外围元件,Repair
972,集成电路,Repair
973,集成电路损坏,Cause
974,外围元件影响,Cause
975,测量各引脚对地的正反向电阻,Diagnosis
976,断开可疑引脚的外围元件后重新测量,Diagnosis
977,检查外围元件是否损坏,Diagnosis
978,在线直流电压测量值与参考电压不符,Symptom
979,更换损坏的集成电路,Repair
980,修复外围电路,Repair
981,万用表内阻过小,Cause
982,外围电路问题,Cause
983,分析内部和外围电路,Diagnosis
984,与标注的参考电压进行比较,Diagnosis
985,使用内阻大于20 kΩ/V的万用表测量各引脚对地电压,Diagnosis
986,电压与原理图提供的参考电压不一致,Symptom
987,核对并确认参考电压的准确性,Repair
988,检查并更换损坏的外围元件,Repair
989,确保测量条件与方法正确,Repair
990,印刷和标注错误,Cause
991,测量条件与方法不正确,Cause
992,参考电压不可靠,Cause
993,检查外围元件是否正常,Diagnosis
994,核对参考电压的可靠性,Diagnosis
995,查找相关资料进行查对,Diagnosis
996,检查测量条件与方法,Diagnosis
997,测量集成电路供电电压,Diagnosis
998,集成电路引出脚直流电压不正常,Symptom
999,供电电压不正常,Cause
1000,确保供电电压正常,Repair
1001,更换损坏的外围元件,Repair
1002,外围元件损坏,Cause
1003,集成电路内部损坏,Cause
1004,区分静态电压与动态电压,Diagnosis
1005,输入和输出信号不正常,Symptom
1006,信号发生器选择不当,Cause
1007,确保接地点一致,Repair
1008,选择正确的信号发生器,Repair
1009,接地点不一致,Cause
1010,确保示波器接地点与被测电路一致,Diagnosis
1011,使用示波器观察输入和输出信号,Diagnosis
1012,与电路原理图中的正常波形比较,Diagnosis
1013,检查信号发生器的选择,Diagnosis
1014,压电器件性能异常,Symptom
1015,材料选择不当,Cause
1016,更换损坏的压电器件,Repair
1017,选择合适的压电器件材料,Repair
1018,采用正确的测量方法,Repair
1019,器件损坏,Cause
1020,检查压电器件的材料,Diagnosis
1021,测量压电器件的性能,Diagnosis
1022,核对测量方法,Diagnosis
1023,声表面滤波器传输信号衰减,Symptom
1024,梳状电极几何尺寸不匹配,Cause
1025,更换几何尺寸匹配的器件,Repair
1026,更换损坏的声表面滤波器,Repair
1027,调整信号频率至声同步频率,Repair
1028,信号频率偏离声同步频率,Cause
1029,核对梳状电极的几何尺寸,Diagnosis
1030,检查信号频率是否等于声同步频率,Diagnosis
1031,测量器件的传输效率,Diagnosis
1032,声表面滤波器输入端或输出端电阻很小,Symptom
1033,声表面滤波器内部短路,Cause
1034,更换声表面滤波器,Repair
1035,输出端（③脚和④脚）之间的电阻,Diagnosis
1036,使用万用表R×10k挡测量输入端（①脚和⑤脚）,Diagnosis
1037,陶瓷滤波器两端电阻为零或有一定阻值,Symptom
1038,陶瓷滤波器损坏,Cause
1039,更换陶瓷滤波器,Repair
1040,使用替代法检查,Repair
1041,使用万用表R×10k挡测量陶瓷滤波器两端的电阻,Diagnosis
1042,石英晶体两端电阻为零或有一定阻值,Symptom
1043,石英晶体损坏,Cause
1044,更换石英晶体,Repair
1045,使用万用表R×10k挡测量石英晶体两端的电阻,Diagnosis
1046,耳机或扬声器无声或声音异常,Symptom
1047,音圈断路,Cause
1048,破壳,Repair
1049,如果电阻值为无穷大,Repair
1050,耳机,Repair
1051,如果电阻值为零,Repair
1052,更换扬声器,Repair
1053,如果声音沙哑,Repair
1054,音圈短路,Cause
1055,质量有问题,Cause
1056,引出线断路,Cause
1057,扬声器的两个电极,Diagnosis
1058,使用万用表R×1Ω挡,Diagnosis
1059,两支表笔断续接触耳机,Diagnosis
1060,测量电阻值并听声音,Diagnosis
1061,LED数码管缺笔划或不亮,Symptom
1062,LED数码管内部断路,Cause
1063,如果正向电阻很大,Repair
1064,更换LED数码管,Repair
1065,如果反向电阻很小,Repair
1066,确保连接方式正确（共阴,Repair
1067,共阳）,Repair
1068,连接方式错误,Cause
1069,LED数码管内部短路,Cause
1070,R×1kΩ挡,Diagnosis
1071,使用万用表R×100Ω挡,Diagnosis
1072,测量LED数码管的正反向阻值,Diagnosis
1073,贴片式器件无法识别或检测,Symptom
1074,无引脚线,Cause
1075,使用适当的工具和技术进行检测,Repair
1076,参考相关技术资料,Repair
1077,寻求专业帮助,Repair
1078,技术不熟悉,Cause
1079,体积过小,Cause
1080,学习贴片式器件的识别技巧与检测方法,Diagnosis
1081,TX05C系列红外发射与接收模块无信号输出,Symptom
1082,解调器故障,Cause
1083,更换中功率红外线发射管,Repair
1084,更换接收模块放大器和解调器,Repair
1085,更换电源管理器件,Repair
1086,更换红外调制电路,Repair
1087,清除遮挡物,Repair
1088,中功率红外线发射管损坏,Cause
1089,红外线光束被遮挡,Cause
1090,接收模块放大器,Cause
1091,电源管理器件故障,Cause
1092,红外调制电路故障,Cause
1093,测量电源管理器件输出电压,Diagnosis
1094,测试中功率红外线发射管,Diagnosis
1095,检查红外调制电路工作状态,Diagnosis
1096,检查红外线光束是否被遮挡,Diagnosis
1097,检查接收模块放大器和解调器,Diagnosis
1098,电子模块引脚阻值与参考值相差很大,Symptom
1099,电子模块内部开路,Cause
1100,更换电子模块,Repair
1101,电子模块内部击穿,Cause
1102,使用万用表R×1kQ挡测量各引脚阻值,Diagnosis
1103,对比测量值与参考值,Diagnosis
1104,PLC输入接口无法接收现场设备控制信息,Symptom
1105,传感器信息异常,Cause
1106,修复连接线路,Repair
1107,更换输入接口电路,Repair
1108,检查并修复传感器,Repair
1109,连接线路故障,Cause
1110,输入接口电路故障,Cause
1111,测试连接线路,Diagnosis
1112,检查输入接口电路,Diagnosis
1113,检查传感器信息,Diagnosis
1114,PLC输出接口无法驱动电磁阀或接触器,Symptom
1115,输出数字信号异常,Cause
1116,更换输出接口电路,Repair
1117,接触器,Repair
1118,更换电磁阀,Repair
1119,检查CPU输出信号,Repair
1120,接触器故障,Cause
1121,输出接口电路故障,Cause
1122,电磁阀,Cause
1123,检查电磁阀,Diagnosis
1124,检查输出接口电路,Diagnosis
1125,接触器,Diagnosis
1126,测试输出数字信号,Diagnosis
1127,电源故障,Symptom
1128,开关电源故障,Cause
1129,更换整个电源部件,Repair
1130,按图3-11进行电源故障检查,Diagnosis
1131,系统运行异常，RUN指示灯灭,Symptom
1132,RAM/ROM故障,Cause
1133,更换RAM/ROM,Repair
1134,调整工艺过程,Repair
1135,修复程序错误,Repair
1136,工艺过程问题,Cause
1137,工艺过程,Diagnosis
1138,按图3-12进行检查,Diagnosis
1139,RAM/ROM,Diagnosis
1140,切断电源后检查运行程序,Diagnosis
1141,POWER灯不亮,Symptom
1142,电源系统故障,Cause
1143,更换电源系统,Repair
1144,检查电源系统,Diagnosis
1145,确认电源是否正常工作,Diagnosis
1146,BATTERY灯亮,Symptom
1147,锂电池故障,Cause
1148,更换锂电池,Repair
1149,修复电源连接,Repair
1150,存储器电源问题,Cause
1151,检查锂电池状态,Diagnosis
1152,存储器电源连接,Diagnosis
1153,UN灯亮,Symptom
1154,系统问题,Cause
1155,校核环境,Repair
1156,检查内部电源,Repair
1157,检查外部设备,Repair
1158,更换电池,Diagnosis
1159,检查系统,Diagnosis
1160,检查电源故障,Diagnosis
1161,RUN灯灭,Symptom
1162,程序问题,Cause
1163,修改程序,Repair
1164,置于运行状态,Repair
1165,检查输入/输出端子,Repair
1166,重新插入RAM/ROM,Repair
1167,更换电路板,Repair
1168,RAM/ROM未正确插入,Cause
1169,PLC开关未置于运行状态,Cause
1170,输入/输出端子接触不良,Cause
1171,检查编程器是否有'END'指令,Diagnosis
1172,检查PLC开关状态,Diagnosis
1173,确认RAM/ROM插入正确,Diagnosis
1174,检查输入/输出端子,Diagnosis
1175,POWER灯灭,Symptom
1176,端子输出电压问题,Cause
1177,更换保险丝,Repair
1178,更换整个电源部分,Repair
1179,更换发光二极管,Repair
1180,调整电压为额定值,Repair
1181,检查端子和接线,Repair
1182,供电问题,Cause
1183,发光二极管击穿,Cause
1184,保险丝烧毁,Cause
1185,检查保险丝,Diagnosis
1186,检查供电,Diagnosis
1187,检查发光二极管,Diagnosis
1188,检查端子和接线,Diagnosis
1189,CPU Error灯闪亮,Symptom
1190,用户程序的内部受到外因发生改变,Cause
1191,消除导电物,Repair
1192,更换电池,Repair
1193,灰尘,Repair
1194,检查接线和接地,Repair
1195,消除涌源,Repair
1196,灰尘,Diagnosis
1197,检查电池电压,Diagnosis
1198,检查浪涌电压,Diagnosis
1199,检查PLC内部是否有导电物,Diagnosis
1200,CPU Error灯常亮,Symptom
1201,电磁干扰信号瞬时加到PLC内的CPU单元,Cause
1202,更换新的CPU板,Repair
1203,采取抗干扰措施消除外来浪涌电压,Repair
1204,存储器,Cause
1205,外来浪涌电压,Cause
1206,重新接通电源,Diagnosis
1207,检查接线和接地,Diagnosis
1208,输入、输出口电路故障,Symptom
1209,接线端子接触不良,Cause
1210,重新连接,Repair
1211,更换接线端子和连接线,Repair
1212,回路问题,Cause
1213,检查接线端子和连接线,Diagnosis
1214,更换CPU板,Repair
1215,检查并修正程序错误,Repair
1216,确保电源供应稳定,Repair
1217,CPU板故障,Cause
1218,修改程序,Diagnosis
1219,更换CPU板,Diagnosis
1220,检查启动是否正常,Diagnosis
1221,接入编程器检查程序是否有错,Diagnosis
1222,切断电源后重新启动,Diagnosis
1223,若不正常,Diagnosis
1224,Y300无输出,Symptom
1225,执行电路继电器,Cause
1226,更换配线,Repair
1227,检查并修正输入信号电路,Repair
1228,半导体器件,Repair
1229,紧固,Repair
1230,更换执行电路继电器,Repair
1231,更换输出口电路,Repair
1232,输出口电路故障,Cause
1233,输入信号变化,Cause
1234,输出配线与接线端子接触不良,Cause
1235,半导体器件故障,Cause
1236,试验Y300是否可控,Diagnosis
1237,检查输入信号X400和X401的发光二极管是否亮,Diagnosis
1238,模拟一个输入,Diagnosis
1239,若亮,Diagnosis
1240,配线接触,Diagnosis
1241,检查执行电路,Diagnosis
1242,测量X400和X401端子电压,Diagnosis
1243,若不亮,Diagnosis
1244,检查输出口上指示灯Y300的发光二极管是否亮,Diagnosis
1245,连接线故障,Symptom
1246,虚焊,Cause
1247,虚焊的焊点,Repair
1248,紧固所有松动的螺钉和连接头,Repair
1249,老化的连接线,Repair
1250,更换损坏,Repair
1251,重新焊接脱焊,Repair
1252,焊点脱焊,Cause
1253,电缆连接头与座松动,Cause
1254,连接线损坏,Cause
1255,配线压紧螺钉松动,Cause
1256,老化,Cause
1257,机内固定螺钉松动,Cause
1258,氧化,Cause
1259,虚焊,Diagnosis
1260,检查电缆连接头与座是否松动,Diagnosis
1261,检查机内固定螺钉是否松动,Diagnosis
1262,检查焊点是否有脱焊,Diagnosis
1263,检查连接线是否有损坏,Diagnosis
1264,检查配线压紧螺钉是否松动,Diagnosis
1265,老化,Diagnosis
1266,氧化,Diagnosis
1267,"接线头和端子生锈,造成接触不良",Symptom
1268,盐雾严重,Cause
1269,时清洁,Repair
1270,油雾,Cause
1271,船上尘埃,Cause
1272,检查接线头和端子的锈蚀情况,Diagnosis
1273,PLC机内的印刷电路基板绝缘性能变差，甚至元件间形成短路,Symptom
1274,注意必须在切断外电源后进行,Repair
1275,用电气清洁剂喷洗,Repair
1276,用电吹风吹去灰尘,Repair
1277,洗去油污和盐结晶,Repair
1278,油污和盐结晶情况,Diagnosis
1279,检查灰尘,Diagnosis
1280,打开外盖,Diagnosis
1281,RAM和ROM丢失信息,Symptom
1282,机内锂电池电量不足,Cause
1283,注意其极性,Repair
1284,(4)从电池夹中取出电池,Repair
1285,(2)断开PLC的交流电源,Repair
1286,定期更换机内锂电池,Repair
1287,操作时间越短越好,Repair
1288,(3)打开可编程控制器的塑料盖板,Repair
1289,(5)盖回塑料盖板,Repair
1290,换上新电池,Repair
1291,更换方法：(1)先将PLC的交流电源接通10 s,Repair
1292,检查锂电池的使用时间和状态,Diagnosis
1293,输入、输出外围设备故障,Symptom
1294,传感器送来的模拟信号偏差太大,Cause
1295,电磁阀等处于良好的工作状态,Repair
1296,确保输入外围设备的开关,Repair
1297,触点接触良好,Repair
1298,传感器送来的模拟信号正常,Repair
1299,确保输出控制设备如继电器,Repair
1300,故障隐患,Cause
1301,输出控制设备如继电器,Cause
1302,电磁阀等存在缺陷,Cause
1303,输入外围设备的开关,Cause
1304,减弱,Cause
1305,传感器送来的模拟信号是否正常,Diagnosis
1306,触点是否接触良好,Diagnosis
1307,检查输入信号的开关,Diagnosis
1308,检查输出控制设备如继电器,Diagnosis
1309,电磁阀等的工作状态,Diagnosis
1310,POWER灯灭保险管多次熔断,Symptom
1311,输入电源线断,Cause
1312,更换保险管,Repair
1313,更换大的保险管,Repair
1314,重接输入端子,Repair
1315,更换接线,Repair
1316,改正输入电压设定,Repair
1317,用万用表测量,Repair
1318,输入电压设定错,Cause
1319,保险管容量太小,Cause
1320,输入端子接触不良,Cause
1321,负载短路,Cause
1322,保险管熔断,Cause
1323,检查输入端子接触情况,Diagnosis
1324,检查负载情况,Diagnosis
1325,检查保险管容量,Diagnosis
1326,检查输入电压设定,Diagnosis
1327,检查输入电源线,Diagnosis
1328,检查保险管状态,Diagnosis
1329,程序中无END指示,Cause
1330,更正VO口址,Repair
1331,修复电源故障,Repair
1332,添加END指示,Repair
1333,VO口址重复,Cause
1334,检查程序是否有END指示,Diagnosis
1335,检查VO口址,Diagnosis
1336,检查电源状态,Diagnosis
1337,输入全异常,Symptom
1338,端子触钉松动,Cause
1339,修复输入口电路,Repair
1340,提高输入信号源电源电压,Repair
1341,紧固端子触钉,Repair
1342,向输入信号供电源,Repair
1343,修复端子板接触,Repair
1344,输入口电路故障,Cause
1345,未向输入信号供电源,Cause
1346,端子板接触不良,Cause
1347,输入信号源电源电压太低,Cause
1348,检查输入信号电源,Diagnosis
1349,检查输入口电路,Diagnosis
1350,检查端子板接触,Diagnosis
1351,检查输入信号源电源电压,Diagnosis
1352,检查端子触钉,Diagnosis
1353,某一输入继电器不接通,Symptom
1354,输入回路(电路)故障,Cause
1355,延长输入接通时间,Repair
1356,紧固输入端子,Repair
1357,修复输入回路,Repair
1358,修复输入配线,Repair
1359,更换输入信号源,Repair
1360,输入接通时间太短,Cause
1361,输入信号源(器件)故障,Cause
1362,输入端子松动,Cause
1363,输入配线断,Cause
1364,检查输入接通时间,Diagnosis
1365,检查输入回路,Diagnosis
1366,检查输入端子,Diagnosis
1367,检查输入信号源,Diagnosis
1368,检查输入配线,Diagnosis
1369,输入继电器常闭输入随机动作,Symptom
1370,COM触钉松动,Cause
1371,减少输入噪声,Repair
1372,修复CPU总线故障,Repair
1373,修复输入接触,Repair
1374,提高输入信号电平,Repair
1375,紧固COM触钉,Repair
1376,输入信号电平过低,Cause
1377,CPU有总线故障,Cause
1378,输入噪声过大,Cause
1379,输入接触不良,Cause
1380,检查COM触钉,Diagnosis
1381,检查CPU总线,Diagnosis
1382,检查输入信号电平,Diagnosis
1383,检查输入接触,Diagnosis
1384,检查输入噪声,Diagnosis
1385,输出均不能接通,Symptom
1386,接触不良（端排）,Cause
1387,重接,Repair
1388,接通有关电源,Repair
1389,调整电源电压使其符合要求,Repair
1390,未加负载电源,Cause
1391,电源保险管熔断,Cause
1392,负载电源坏,Cause
1393,电压太低,Cause
1394,检查接触情况,Diagnosis
1395,检查负载电源,Diagnosis
1396,检查保险管,Diagnosis
1397,输出均不关断,Symptom
1398,输出口回路故障,Cause
1399,输出回路(电路)故障,Cause
1400,检查输出回路,Diagnosis
1401,检查输出口回路,Diagnosis
1402,某一输出继电器不接通（指示灯灭）,Symptom
1403,输出回路故障,Cause
1404,查电路,Repair
1405,调整有关参数,Repair
1406,更换继电器,Repair
1407,输出继电器损坏,Cause
1408,输出接通时间太短,Cause
1409,检查输出接通时间,Diagnosis
1410,检查继电器,Diagnosis
1411,某一输出继电器不接通（指示灯亮）,Symptom
1412,输出端子接触不良,Cause
1413,更新,Repair
1414,焊线,Repair
1415,输出驱动电路故障,Cause
1416,输出配线断,Cause
1417,检查输出配线,Diagnosis
1418,检查驱动电路,Diagnosis
1419,检查输出端子,Diagnosis
1420,某一输出继电器不关断而指示灯灭,Symptom
1421,更换输出管,Repair
1422,输出驱动管漏电流过大,Cause
1423,检查驱动管,Diagnosis
1424,某一输出继电器不关断但指示灯亮,Symptom
1425,输出指令中口址重复,Cause
1426,检查输出指令,Diagnosis
1427,输出随机动作,Symptom
1428,调整电源输出,Repair
1429,更换CPU模板,Repair
1430,拧紧,Repair
1431,加屏蔽,Repair
1432,检查端子接线,Repair
1433,滤波措施,Repair
1434,端子连接排接触不良,Cause
1435,PC供电电压太低,Cause
1436,输入噪声太大,Cause
1437,CPU中O总线故障,Cause
1438,检查PC供电电压,Diagnosis
1439,检查端子连接,Diagnosis
1440,输出继电器动作正常，但指示灯灭,Symptom
1441,LED损坏,Cause
1442,更换LED,Repair
1443,检查LED,Diagnosis
1444,电源电压过高或过低,Symptom
1445,电源电压不稳定,Cause
1446,检查并修复供电系统故障,Repair
1447,调整电源电压至额定值范围内,Repair
1448,供电系统故障,Cause
1449,三相电压不平衡程度是否超过±5%,Diagnosis
1450,监视电动机端电压,Diagnosis
1451,检查是否与额定值相差超过±5%,Diagnosis
1452,电枢电流超过额定值,Symptom
1453,电动机内部故障,Cause
1454,改善通风条件,Repair
1455,更换适合高温环境的电动机,Repair
1456,环境温度是否超过45℃,Diagnosis
1457,监视电动机电枢电流,Diagnosis
1458,检查三相电流不平衡度是否超过±10%,Diagnosis
1459,电动机温升超过允许值,Symptom
1460,查明原因并排除故障,Repair
1461,确保温升在允许范围内,Repair
1462,负载异常,Cause
1463,控制设备问题,Cause
1464,检查控制设备和负载,Diagnosis
1465,使用温度计,Diagnosis
1466,凭经验判断温升情况,Diagnosis
1467,电动机声音异常并发生振动,Symptom
1468,轴承磨损,Cause
1469,修复铁芯故障,Repair
1470,重新安装机械部件,Repair
1471,更换磨损轴承,Repair
1472,机械部件安装不当,Cause
1473,铁芯故障,Cause
1474,监听电动机运行时的声音,Diagnosis
1475,检查轴承和机械部件的安装情况,Diagnosis
1476,直流电动机换向火花过大,Symptom
1477,负载故障,Cause
1478,确保换向火花符合规定等级,Repair
1479,停车检查并修复故障,Repair
1480,电动机,Cause
1481,观察换向火花的颜色和大小,Diagnosis
1482,检查电动机和负载,Diagnosis
1483,电动机装配质量不合格,Symptom
1484,安装不正确,Cause
1485,调整转子转动灵活性,Repair
1486,重新安装并固紧螺钉,Repair
1487,螺钉未固紧,Cause
1488,轴的径向偏摆,Diagnosis
1489,检查电动机各部件安装情况,Diagnosis
1490,转子转动是否灵活,Diagnosis
1491,轴向游隙是否符合要求,Diagnosis
1492,电刷与换向器接触面不符合要求,Symptom
1493,压力在2.45MPa左右,Repair
1494,确保接触面不小于70%,Repair
1495,调整电刷,Repair
1496,检查电刷与换向器的接触面是否小于70%,Diagnosis
1497,电刷压力是否合适,Diagnosis
1498,绝缘电阻低于规定值,Symptom
1499,绕组受潮,Cause
1500,确保绝缘电阻符合要求,Repair
1501,烘干绕组,Repair
1502,绝缘老化,Cause
1503,用兆欧表测量电动机冷态绝缘电阻,Diagnosis
1504,检查是否低于5MΩ,Diagnosis
1505,耐压试验不合格,Symptom
1506,更换损坏的绕组,Repair
1507,重新进行耐压试验,Repair
1508,绕组绝缘损坏,Cause
1509,进行耐压试验,Diagnosis
1510,检查绕组对地和各绕组之间的绝缘情况,Diagnosis
1511,电动机不能启动,Symptom
1512,修理,Repair
1513,解除机械负载卡死,Repair
1514,更换电动机,Repair
1515,修复控制电路,Repair
1516,控制电路故障,Cause
1517,机械负载卡死,Cause
1518,检查控制电路是否有断路,Diagnosis
1519,检查机械负载是否卡死,Diagnosis
1520,检查电源电压是否正常,Diagnosis
1521,短路,Diagnosis
1522,检查电动机绕组是否断路,Diagnosis
1523,空载电流过大,Symptom
1524,电压过高,Cause
1525,调整转子与定子间隙,Repair
1526,更换轴承,Repair
1527,调整电源电压,Repair
1528,更换电动机绕组,Repair
1529,转子与定子相擦,Cause
1530,电动机绕组短路,Cause
1531,轴承损坏,Cause
1532,测量三相电流是否平衡,Diagnosis
1533,检查轴承状态,Diagnosis
1534,测量电源电压,Diagnosis
1535,检查转子与定子间隙,Diagnosis
1536,电动机温升过高,Symptom
1537,轴承润滑不良,Cause
1538,更换润滑脂,Repair
1539,检查轴承润滑状态,Diagnosis
1540,检查负载是否超过额定值,Diagnosis
1541,检查通风系统是否堵塞,Diagnosis
1542,电动机轴承温度过高,Symptom
1543,过多,Cause
1544,更换正确牌号润滑脂,Repair
1545,调整润滑脂量,Repair
1546,调整机械负载对中,Repair
1547,润滑脂不足,Cause
1548,润滑脂牌号不符,Cause
1549,机械负载不对中,Cause
1550,核对润滑脂牌号,Diagnosis
1551,检查机械负载对中,Diagnosis
1552,检查润滑脂量,Diagnosis
1553,电动机运行时异常声音,Symptom
1554,定子与转子相擦,Cause
1555,调整定子与转子间隙,Repair
1556,调整风扇与风罩间隙,Repair
1557,平衡转子,Repair
1558,转子不平衡,Cause
1559,风扇与风罩相碰,Cause
1560,检查风扇与风罩间隙,Diagnosis
1561,检查转子平衡,Diagnosis
1562,检查定子与转子间隙,Diagnosis
1563,直流电动机换向火花,Symptom
1564,电刷跳动,Cause
1565,固定电刷,Repair
1566,打磨换向器表面,Repair
1567,调整电刷位置,Repair
1568,修复电刷与换向器接触,Repair
1569,电刷与换向器接触不良,Cause
1570,电刷位置不正确,Cause
1571,换向器表面不平,Cause
1572,检查电刷是否跳动,Diagnosis
1573,检查电刷与换向器接触,Diagnosis
1574,检查电刷位置,Diagnosis
1575,检查换向器表面,Diagnosis
1576,不能启动,Symptom
1577,本身故障启动力矩（负载力矩）,Cause
1578,根据具体原因进行修复,Repair
1579,更换部件,Repair
1580,无电源,Cause
1581,相断路,Cause
1582,绕组开路,Cause
1583,相间,Cause
1584,二相断路,Cause
1585,匝间短路,Cause
1586,负载是否过大,Diagnosis
1587,其次看机械方面,Diagnosis
1588,如果以上都没有问题,Diagnosis
1589,先看是否有电源,Diagnosis
1590,轴是否卡死,Diagnosis
1591,再检查电机本身是否发生故障,Diagnosis
1592,电动机启动后，转速低,Symptom
1593,调整电压,Repair
1594,修理电机,Repair
1595,减轻负荷,Repair
1596,纠正接线,Repair
1597,电机本身故障,Cause
1598,线路接法错误,Cause
1599,电压过低,Cause
1600,其次,Diagnosis
1601,电源是否缺相,Diagnosis
1602,检查负荷是否过大,Diagnosis
1603,线路是否把三角形接法接成星形接法,Diagnosis
1604,再进一步检查电机本身,Diagnosis
1605,首先检查电压是否过低,Diagnosis
1606,这些情况都正常,Diagnosis
1607,电动机温升高,Symptom
1608,更换损坏部件,Repair
1609,风叶损坏,Cause
1610,转子开路,Cause
1611,通风有碍,Cause
1612,转子相擦,Cause
1613,环境温高,Cause
1614,散热条件是否恶化,Diagnosis
1615,噪声是否很大,Diagnosis
1616,没有发现原因,Diagnosis
1617,线路电压与电动机的额定电压是否相符合,Diagnosis
1618,再进一步检查电动机本身可能造成温升过高的原因,Diagnosis
1619,通过上述检查,Diagnosis
1620,首先检查是否缺相,Diagnosis
1621,其次检查机械方面是否长期过载,Diagnosis
1622,电动机运行时噪声大,Symptom
1623,纠正接线等,Repair
1624,如调整气隙,Repair
1625,根据噪声类型进行相应修复,Repair
1626,电流不对称,Cause
1627,绕组局部接错,Cause
1628,装配不对称,Cause
1629,轴承盖温度高,Cause
1630,轴承碎裂,Cause
1631,转子偏心,Cause
1632,气隙不均,Cause
1633,转子相碰,Cause
1634,底座振动,Cause
1635,电源不对称,Cause
1636,转子变形,Cause
1637,叶碰壳,Cause
1638,轴变形,Cause
1639,电压不对称,Cause
1640,两者都存在,Diagnosis
1641,说明是机械噪声,Diagnosis
1642,判别该噪声是电磁噪声,Diagnosis
1643,若噪声立即消失,Diagnosis
1644,还是机械噪声,Diagnosis
1645,若只有当转速下降到一定程度才消失,Diagnosis
1646,说明是由电磁不对称引起的电磁噪声,Diagnosis
1647,在空载试验时切除电源,Diagnosis
1648,噪声随转速减小而明显减小,Symptom
1649,机械方面引起的噪声,Cause
1650,根据判断结果进一步检查,Repair
1651,切除电源,Diagnosis
1652,观察噪声变化,Diagnosis
1653,电动机运行时振动过大,Symptom
1654,电磁不对称,Cause
1655,根据判别结果按故障树上的分支进行检查,Repair
1656,观察振动变化,Diagnosis
1657,在空载运行情况下切断电动机电源,Diagnosis
1658,轴承过热,Symptom
1659,润滑故障,Cause
1660,解体检查,Repair
1661,调整安装,Repair
1662,安装故障,Cause
1663,轴承本身故障,Cause
1664,脱离联轴器观察噪声变化,Diagnosis
1665,听是否伴有噪声,Diagnosis
1666,绕组断路,Symptom
1667,接线头焊接不良,Cause
1668,包上绝缘材料并涂绝缘漆,Repair
1669,重新连接焊牢,Repair
1670,绕组端部断路,Cause
1671,检查绕组端部,Diagnosis
1672,校验灯测量,Diagnosis
1673,使用万用表,Diagnosis
1674,星形接法绕组断路,Symptom
1675,一根,Cause
1676,找出断路的支路,Repair
1677,逐路检查,Repair
1678,将断路相的并联支路拆开,Repair
1679,几根支路断路,Cause
1680,电阻法：电桥测量三相绕组电阻,Diagnosis
1681,电阻值相差5%以上时电阻较大的一相可能有断路,Diagnosis
1682,校验灯检查,Diagnosis
1683,相差5%以上时电流小的一相为断路相,Diagnosis
1684,钳形表测各相电流,Diagnosis
1685,电流平衡法：三相绕组并联后用自耦变压器提供低电压大电流交流电,Diagnosis
1686,三角形接法绕组断路,Symptom
1687,电流平衡法：拆开定子绕组接点,Diagnosis
1688,电流小的一相为断路相,Diagnosis
1689,逐相通入低电压交流电,Diagnosis
1690,测量电流,Diagnosis
1691,绕组匝间短路,Symptom
1692,相邻线匝绝缘破裂短路,Cause
1693,更换短路绕组,Repair
1694,钢片振动,Diagnosis
1695,电桥测量三相绕组电阻,Diagnosis
1696,电阻值较小的一相为匝间短路,Diagnosis
1697,兆欧表,Diagnosis
1698,电流大的存在匝间短路,Diagnosis
1699,沿铁芯内圆移动,Diagnosis
1700,短路侦察器检查：放在定子铁芯槽口接通交流电源,Diagnosis
1701,电流平衡法测量三相绕组电流,Diagnosis
1702,电流表指示较大电流,Diagnosis
1703,绝缘电阻值低说明两相绕组短路,Diagnosis
1704,万用表测量相间绝缘电阻,Diagnosis
1705,绕组相间短路,Symptom
1706,三相绕组之间绝缘损坏,Cause
1707,电流大的存在短路,Diagnosis
1708,电阻值较小的一相为短路相,Diagnosis
1709,钢片在被测绕组的另一线圈边所在的槽口上面产生振动,Symptom
1710,被测绕组短路,Cause
1711,换上新的槽绝缘,Repair
1712,然后重新嵌人槽内,Repair
1713,则将该槽绕组加热软化后翻出,Repair
1714,如果短路点在槽内,Repair
1715,将导线的短路部位用绝缘材料包好,Repair
1716,再按上述方法进行检查。一般绕组短路故障出现后需进行广修,Repair
1717,更换电动机。,Repair
1718,才能用短路侦察器测试,Diagnosis
1719,对于多路并联的绕组,Diagnosis
1720,必须把各支路拆开,Diagnosis
1721,对地绝缘为零,Symptom
1722,受潮等原因,Cause
1723,绕组接地故障出现后可采取提高电动机绝缘的方法进行处理,Repair
1724,进行厂修。,Repair
1725,机械损伤而产生定子绕组接地故障,Cause
1726,异步电动机由于长期过载运行,Cause
1727,导致绝缘性能降低,Cause
1728,转子摩擦,Cause
1729,振动过大,Cause
1730,这时接地点可能冒烟,Diagnosis
1731,只要有对地绝缘为零,Diagnosis
1732,000V时,Diagnosis
1733,接地点就会明显跳火。若没有单相调压器,Diagnosis
1734,即为接地点。如果找不到破裂,Diagnosis
1735,焦痕,Diagnosis
1736,有火花发生。如有条件,Diagnosis
1737,则要用校验灯检查,Diagnosis
1738,将电压逐渐升高到500～1,Diagnosis
1739,就说明有接地故障。如果发现绝缘有焦痕,Diagnosis
1740,也可以用500V,Diagnosis
1741,000V兆欧表检查。,Diagnosis
1742,可将接地的那一相定子绕组接上单相调压器,Diagnosis
1743,可用兆欧表,Diagnosis
1744,方用表和校验灯来检查,Diagnosis
1745,破裂,Diagnosis
1746,绝缘电阻低于0.5 MΩ,Symptom
1747,船用电动机长期处在潮湿,Cause
1748,这样可使内部均匀受热。注意灯泡不能接触线圈和铁芯,Repair
1749,1. 红外线灯泡,Repair
1750,把定子竖立放在木板,Repair
1751,并做好记录。,Repair
1752,注意控制温度,Repair
1753,较大功率的白炽灯从端盖孔中吊人,Repair
1754,3. 主机,Repair
1755,底部要留有空隙通风。将红外线灯泡,Repair
1756,4. 电流烘干法：抽出电机的转子,Repair
1757,2. 烘箱烘干法：将解体后的电机定子放人烘箱烘干,Repair
1758,主机的废热风吹人电动机进行干燥。这种方法既简单又节省能源。,Repair
1759,将电动机清理干净,Repair
1760,白炽灯烘干法：把电动机拆开,Repair
1761,防止局部过热,Repair
1762,其他干燥的底座上,Repair
1763,从而调节烘干电流的大小。一般开始时将电流调到电动机额定电流值的30%。,Repair
1764,在电动机的定子绕组上输人交流电流。可通过调压器调节输入的电压,Repair
1765,常用的有以下几种方法：,Repair
1766,必须进行烘干,Repair
1767,抽出转子,Repair
1768,烘干时必须通风,Repair
1769,锅炉废热风烘干法：利用锅炉,Repair
1770,加剧绝缘老化。,Repair
1771,提高电动机的绝缘,Repair
1772,最好吊在电动机内膛的中部,Repair
1773,不能超过允许值,Repair
1774,使电动机绝缘下降,Cause
1775,盐雾的恶劣环境中,Cause
1776,霉菌,Cause
1777,检查绝缘电阻是否低于0.5 MΩ,Diagnosis
1778,电刷下火花过大,Symptom
1779,电机过载,Cause
1780,根据引起电机过载的原因进行解决,Repair
1781,检查电机负载情况,Diagnosis
1782,磨掉电刷侧面以保证接触面大于70%,Repair
1783,清洁换向器表面,Repair
1784,调整电刷弹簧压力,Repair
1785,电刷弹簧,Diagnosis
1786,电刷与刷握间隙,Diagnosis
1787,刷握松动,Cause
1788,调整电刷位置偏差,Repair
1789,电刷排列不成直线,Cause
1790,检查电刷排列是否成直线,Diagnosis
1791,电枢振动,Cause
1792,查明具体原因（如磁极安装不当,Repair
1793,轴线未对中）并进行适当处理,Repair
1794,轴承磨损,Repair
1795,检查电枢与各磁极间的间隙均匀性,Diagnosis
1796,换向片间短路,Cause
1797,清洁换向器,Repair
1798,光滑,Repair
1799,保持换向片清洁,Repair
1800,腐蚀,Diagnosis
1801,铜粉,Diagnosis
1802,检查换向器沟槽中是否有电刷粉末,Diagnosis
1803,绝缘云母是否脱落,Diagnosis
1804,电刷位置不在中性线上,Cause
1805,调整电刷位置至中性线,Repair
1806,螺栓是否松动,Diagnosis
1807,检查刷架位置,Diagnosis
1808,电刷不在几何中性线上,Symptom
1809,正反转转速相等,Repair
1810,固定电刷架,Repair
1811,移动电刷架直至毫伏表指针不动,Repair
1812,使用感应法,Diagnosis
1813,试转法检查电刷位置,Diagnosis
1814,换向极线圈接反,Symptom
1815,换向极线圈接线错误,Cause
1816,根据发电机,Repair
1817,电动机的极性要求调整换向极线圈接线,Repair
1818,通入低压直流电源,Diagnosis
1819,短接正负电刷,Diagnosis
1820,取出电枢,Diagnosis
1821,用小磁针测试换向极极性,Diagnosis
1822,换向极磁场补偿不当,Symptom
1823,太弱,Cause
1824,调整换向极磁场强度,Repair
1825,换向极磁场太强,Cause
1826,观察火花颜色和形状,Diagnosis
1827,换向片损坏,Symptom
1828,换向片间云母凸出,Cause
1829,进厂进行调整,Repair
1830,检查电刷与换向器接触情况,Diagnosis
1831,电枢绕组与换向器脱焊,Symptom
1832,绕组脱焊,Cause
1833,修复脱焊,Repair
1834,断线,Repair
1835,断线,Cause
1836,用电桥测量相邻换向片间电阻,Diagnosis
1837,自励式直流发电机不建压,Symptom
1838,励磁绕组,Cause
1839,充磁,Repair
1840,调整转向,Repair
1841,调整接线,Repair
1842,更换备件,Repair
1843,没有剩磁,Cause
1844,转向相反,Cause
1845,调压器断路,Cause
1846,励磁线圈接反,Cause
1847,调压器状态,Diagnosis
1848,转向,Diagnosis
1849,励磁绕组,Diagnosis
1850,检查剩磁,Diagnosis
1851,励磁线圈接线,Diagnosis
1852,电压低,Symptom
1853,调整励磁绕组,Repair
1854,进厂修理,Repair
1855,调压器,Repair
1856,查明短路点并修复,Repair
1857,励磁电流过小,Cause
1858,电枢线圈匝间短路,Cause
1859,换向片,Diagnosis
1860,电枢线圈,Diagnosis
1861,检查励磁电流,Diagnosis
1862,电刷不在中性点位置或电刷与换向器接触不良,Symptom
1863,重新调节电刷中性点位置,Repair
1864,检查电刷位置和接触情况,Diagnosis
1865,转速低于额定值,Symptom
1866,转速设置不正确,Cause
1867,根据产品说明书调整转速,Repair
1868,检查转速设置,Diagnosis
1869,发电机接上负载后，负载越大电压越低,Symptom
1870,串激绕组接反,Cause
1871,调整串激绕组接线,Repair
1872,检查串激绕组接线,Diagnosis
1873,电动机没有电源,Cause
1874,根据电源故障的原因进行解决,Repair
1875,检查电源连接,Diagnosis
1876,启动电阻太大,Cause
1877,根据产品技术指标调整电源电压,Repair
1878,启动电阻,Repair
1879,电源电压太低,Cause
1880,检查电源电压和启动电阻,Diagnosis
1881,接触电阻太大,Cause
1882,电刷卡住,Cause
1883,没有与换向器接触,Cause
1884,检查电刷接触情况,Diagnosis
1885,励磁回路开路,Cause
1886,找出励磁回路开路原因并解决,Repair
1887,检查励磁回路,Diagnosis
1888,电动机转速高,Symptom
1889,励磁回路电阻增大,Cause
1890,根据产品技术指标调整励磁回路电阻,Repair
1891,检查励磁回路电阻,Diagnosis
1892,串激电动机在轻载时启动,Cause
1893,根据产品技术指标设定串激电动机在启动时的适当负载,Repair
1894,积复激电动机的串激绕组接反,Cause
1895,根据产品技术指标调整励磁回路串激绕组接线,Repair
1896,并联励磁绕组有一路断路,Cause
1897,查明并联励磁绕组断路原因并修复,Repair
1898,检查并联励磁绕组,Diagnosis
1899,电动机转速低,Symptom
1900,外加电源电压低于额定值,Cause
1901,根据产品技术指标调整外加电源电压,Repair
1902,电刷不在中性线上,Cause
1903,电枢绕组短路,Cause
1904,查明电枢绕组短路,Repair
1905,接地原因并修复,Repair
1906,检查电枢绕组,Diagnosis
1907,电枢绕组过热或烧毁,Symptom
1908,长期过载,Cause
1909,分析过载原因并解决,Repair
1910,分析,Repair
1911,查明绕组短路原因并解决,Repair
1912,换向极线圈短路,Cause
1913,检查电枢绕组和换向极线圈,Diagnosis
1914,外加电压低于额定值,Cause
1915,负载不变时,Cause
1916,发电机外部负载发生短路,Cause
1917,分析查明短路原因并解决,Repair
1918,造成电流过大,Cause
1919,检查外部负载,Diagnosis
1920,反转启动过于频繁,Cause
1921,查明原因并解决,Repair
1922,电动机正,Cause
1923,检查启动频率,Diagnosis
1924,转子相摩擦,Cause
1925,进厂修复,Repair
1926,造成阻力矩增大,Cause
1927,检查定子和转子间隙,Diagnosis
1928,磁场线圈过热,Symptom
1929,发电机转速过低,Cause
1930,根据产品技术指标重新调整复励线圈,Repair
1931,人为地调整励磁电压,Cause
1932,并励绕组部分短路,Cause
1933,人为错误地把复励线圈接反,Cause
1934,造成励磁线圈过流,Cause
1935,造成端电压下降,Cause
1936,检查发电机转速,Diagnosis
1937,复励线圈接线和励磁电压,Diagnosis
1938,励磁电压异常,Symptom
1939,调整励磁电压,Repair
1940,解决绕组短路问题,Repair
1941,接线,Repair
1942,查明绕组短路原因,Diagnosis
1943,分析,Diagnosis
1944,电枢振动大,Symptom
1945,电枢平衡未校好,Cause
1946,根据产品技术指标调整电枢平衡,Repair
1947,检查电枢平衡,Diagnosis
1948,损坏轴承,Repair
1949,进行电机解体更换磨损,Repair
1950,检修时风叶安装位置偏移,Cause
1951,进行电机解体重装,Repair
1952,平衡块移动,Cause
1953,检查风叶和平衡块位置,Diagnosis
1954,定子与转子相摩擦,Cause
1955,底脚螺丝松动,Cause
1956,进行机械“校中”矫正并紧固底脚螺丝,Repair
1957,检查底脚螺丝紧固情况,Diagnosis
1958,电枢间隙不均匀,Cause
1959,检查电枢间隙,Diagnosis
1960,变压器空载运行,Symptom
1961,塑壳断路器选用不当,Cause
1962,选用合适的塑壳断路器,Repair
1963,检查断路器类型和合闸情况,Diagnosis
1964,变压器次级短路,Symptom
1965,次级电路短路,Cause
1966,迅速切断供电,Repair
1967,避免损害变压器,Repair
1968,检查次级电路,Diagnosis
1969,切断变压器一次侧电源开关瞬间产生过电压,Symptom
1970,开关切断瞬间,Cause
1971,采取过电压保护措施,Repair
1972,检查开关操作,Diagnosis
1973,变压器并联运行负载分配不平衡,Symptom
1974,变压器制造差异和馈电线路差异,Cause
1975,确保一台变压器容量足够,Repair
1976,二次侧采取隔离措施,Repair
1977,检查并联运行条件,Diagnosis
1978,照明变压器短路和过载,Symptom
1979,使用塑壳断路器进行过载和短路保护,Repair
1980,检查电路和保护器件,Diagnosis
1981,断路器无法兼顾短路和过载保护,Symptom
1982,使用一般的塑壳断路器保护变压器,Cause
1983,并通过断路器的分励脱扣线圈执行,Repair
1984,外加热继电器作过载保护,Repair
1985,采用断路器电磁脱扣作短路保护,Repair
1986,保护配置,Diagnosis
1987,检查断路器类型,Diagnosis
1988,电气连锁失效,Symptom
1989,失压脱扣配置不当,Cause
1990,并实现互锁,Repair
1991,确保变压器初级开关分断时次级开关也分断,Repair
1992,采用分励脱扣的电气连锁,Repair
1993,未采用分励脱扣,Cause
1994,检查电气连锁配置,Diagnosis
1995,脱扣方式,Diagnosis
1996,照明母线电源无法自动转换,Symptom
1997,时间继电器故障,Cause
1998,避免竞争,Repair
1999,备用接触器延时动作,Repair
2000,确保接触器互锁配置正确,Repair
2001,接触器互锁配置不当,Cause
2002,检查接触器互锁,Diagnosis
2003,时间继电器设置,Diagnosis
2004,供电接触器释放,Symptom
2005,故障导致接触器释放,Cause
2006,处理故障并恢复供电,Repair
2007,确保警报系统正常工作,Repair
2008,警报系统,Diagnosis
2009,检查故障原因,Diagnosis
2010,变压器绕组接地,Symptom
2011,失去绝缘能力,Cause
2012,则必须进行烘干,Repair
2013,若仅为受潮使绕组绝缘电阻降低,Repair
2014,变压器引线碰壳,Cause
2015,绕组绝缘材料老化使绝缘电阻下降,Cause
2016,绕组严重受潮,Cause
2017,机械原因使绕组绝缘受到损伤,Cause
2018,引出线端子处积存污垢和水分,Cause
2019,500V兆欧表测量绕组绝缘电阻,Diagnosis
2020,用校验灯,Diagnosis
2021,变压器绕组断路,Symptom
2022,接线螺钉松脱,Cause
2023,重新焊接,Repair
2024,重新紧固螺钉,Repair
2025,焊接处发热脱焊,Cause
2026,检查接线螺钉和焊接处,Diagnosis
2027,变压器绕组短路,Symptom
2028,导线局部受力使绝缘强度减弱,Cause
2029,停止运行,Repair
2030,进行检查修理,Repair
2031,绕组绝缘被碰伤,Cause
2032,观察是否严重不平衡,Diagnosis
2033,测量三相电流,Diagnosis
2034,变压器绝缘性能下降,Symptom
2035,若绝缘性能下降,Repair
2036,需进行烘干,Repair
2037,绕组绝缘老化,Cause
2038,机械损伤,Cause
2039,用万用表的R×10 kΩ挡测量绝缘电阻,Diagnosis
2040,变压器次级线圈开路,Symptom
2041,若阻值远大于正常值,Repair
2042,需修理,Repair
2043,说明次级线圈已经开路,Repair
2044,接线松脱,Cause
2045,R×10Ω挡测量初级绕组阻值,Diagnosis
2046,R×100Ω挡测量次级绕组阻值,Diagnosis
2047,用万用表的R×1Ω挡,Diagnosis
2048,用R×10Ω挡,Diagnosis
2049,变压器次级线圈短路,Symptom
2050,若阻值等于零,Repair
2051,说明次级线圈已经短路,Repair
2052,接触器零件上堆积粉尘、油垢,Symptom
2053,长期处于粉尘环境,Cause
2054,用毛刷刷,Repair
2055,酒精棉布擦净油垢,Repair
2056,然后用清洁剂,Repair
2057,用喷雾式电气清洁剂清洁,Repair
2058,用压缩空气吹,Repair
2059,缺乏清洁,Cause
2060,油垢堆积,Diagnosis
2061,检查接触器表面是否有粉尘,Diagnosis
2062,静触头和接线端头松动,Symptom
2063,紧固螺丝,Cause
2064,定期检查并紧固所有螺丝,Repair
2065,紧固件,Repair
2066,紧固件松动,Cause
2067,检查静触头和接线端头是否松动,Diagnosis
2068,接触器运行机构运动不灵活,Symptom
2069,在转轴(若有轴承)注入少量润滑油,Repair
2070,缺乏润滑,Cause
2071,手动检查接触器运行机构的运动是否灵活,Diagnosis
2072,触头接触不良,Symptom
2073,超行程不当,Cause
2074,调整触头的压力,Repair
2075,超行程,Repair
2076,开距,Repair
2077,确保各触头接触良好,Repair
2078,触头压力,Cause
2079,开距,Cause
2080,超行程,Diagnosis
2081,检查触头的压力,Diagnosis
2082,开距,Diagnosis
2083,线圈温升过高,Symptom
2084,绝缘不良,Cause
2085,确保相间,Repair
2086,对地绝缘电阻大于1MΩ,Repair
2087,使用兆欧表检测线圈绝缘电阻,Repair
2088,温升是否过高,Diagnosis
2089,检查线圈是否牢固地装在铁芯上,Diagnosis
2090,灭弧罩内脱落物及金属颗粒,Symptom
2091,触头拉弧后产生的金属颗粒,Cause
2092,用毛刷,Repair
2093,金属颗粒,Repair
2094,更换破裂,Repair
2095,竹板清除罩内脱落物,Repair
2096,严重炭化的灭弧罩,Repair
2097,缺损,Repair
2098,检查罩内是否有脱落物,Diagnosis
2099,取下灭弧罩,Diagnosis
2100,金属颗粒,Diagnosis
2101,铜质触头变色或绝缘零件烧焦,Symptom
2102,铜触头接触不良,Cause
2103,清除氧化膜,Repair
2104,触头接触情况,Repair
2105,调整触头开距,Repair
2106,必要时用0#砂纸,Repair
2107,小细锉修整触头接触面,Repair
2108,产生过热,Cause
2109,相邻绝缘零件是否烧焦,Diagnosis
2110,检查触头变色情况,Diagnosis
2111,银或银合金触头表面变黑或轻微拉毛,Symptom
2112,轻微磨损,Cause
2113,脱落,Repair
2114,若触头温升过高,Repair
2115,磨损到原厚度,Repair
2116,若烧损严重,Repair
2117,清除氧化物并锉平毛刺,Repair
2118,开焊,Repair
2119,更换触头,Repair
2120,触头表面氧化,Cause
2121,拉毛现象,Diagnosis
2122,检查触头表面是否有变黑,Diagnosis
2123,按下启动按钮，接触器吸力不足，伴有鸣声,Symptom
2124,歪斜,Cause
2125,排除运动部分卡阻,Repair
2126,损坏零件,Repair
2127,紧固校正,Repair
2128,更换操作电源,Repair
2129,更换变形,Repair
2130,去锈加油,Repair
2131,运动部分卡阻,Cause
2132,转轴锈蚀,Cause
2133,操作电源容量不足,Cause
2134,弹簧反力过大,Cause
2135,电源电压过低,Cause
2136,波动大,Cause
2137,线圈内部有短路,Cause
2138,更换线圈,Diagnosis
2139,用万用表测量线圈两端电压,Diagnosis
2140,按动衔铁,Diagnosis
2141,是否低于产品规定额定电压的85%,Diagnosis
2142,卸下灭弧罩后,Diagnosis
2143,损坏零件,Diagnosis
2144,紧固校正,Diagnosis
2145,如不灵活,Diagnosis
2146,更换操作电源,Diagnosis
2147,更换变形,Diagnosis
2148,排除相应故障,Diagnosis
2149,拆下有关零件去锈加油,Diagnosis
2150,看是否能灵活带动触头,Diagnosis
2151,接触器吸不上,Symptom
2152,运动部分卡死,Cause
2153,查找并修复电源断线,Repair
2154,线圈断路,Cause
2155,电源断线,Cause
2156,按吸力不足故障的运动部分处理方法处理,Diagnosis
2157,说明线圈断路,Diagnosis
2158,用万用表测线圈两端是否有电压,Diagnosis
2159,决定是否更换线圈,Diagnosis
2160,判断是否开路后,Diagnosis
2161,用万用表测线圈电阻,Diagnosis
2162,断电后,Diagnosis
2163,若有电压,Diagnosis
2164,此时查找线路,Diagnosis
2165,说明电源断线,Diagnosis
2166,没有电压,Diagnosis
2167,按下停止按钮，接触器不释放或释放缓慢,Symptom
2168,清除极面油泥,Repair
2169,调整反力弹簧,Repair
2170,但注意不要过大,Repair
2171,若经常发生熔焊,Repair
2172,则应调换大一级电流的接触器,Repair
2173,用细锉修整毛刺,Repair
2174,衔铁的反力弹簧失效,Cause
2175,铁芯极面有油泥粘着,Cause
2176,缺损,Cause
2177,运动部件被卡住,Cause
2178,检查反力弹簧是否失效,Diagnosis
2179,歪斜,Diagnosis
2180,转轴是否锈蚀,Diagnosis
2181,检查是否有熔焊现象,Diagnosis
2182,打开触头,Diagnosis
2183,检查运动部件是否被卡住,Diagnosis
2184,检查铁芯极面是否有油泥粘着,Diagnosis
2185,缺损,Diagnosis
2186,线圈过热或烧损,Symptom
2187,线圈内部短路,Cause
2188,更换与实际工作条件相应的线圈,Repair
2189,通电持续率）与实际使用条件不符,Cause
2190,频率,Cause
2191,电源电压过高（1.1U）,Cause
2192,过低(<0.85Un),Cause
2193,线圈技术参数（如额定电压,Cause
2194,用电阻比较法判定是否内部短路,Diagnosis
2195,调整电源电压,Diagnosis
2196,选择与实际工作条件相应的线圈,Diagnosis
2197,电磁铁（交流）噪声大,Symptom
2198,触头弹簧压力过大,Cause
2199,清理极面,Repair
2200,调整触头弹簧,Repair
2201,调整电源电压至(0.85~1.10)U,Repair
2202,更换短路环,Repair
2203,用铜焊接好,Repair
2204,排除机械卡阻故障,Repair
2205,校正衔铁位置,Repair
2206,调整铁芯使其接触良好,Repair
2207,电源电压低,Cause
2208,超行程过大,Cause
2209,铁芯极面有异物（如油垢,Cause
2210,尘泥）,Cause
2211,脱落,Cause
2212,机械卡阻,Cause
2213,使铁芯不能吸平吸牢,Cause
2214,衔铁歪斜,Cause
2215,检查触头弹簧,Diagnosis
2216,有机械卡阻,Diagnosis
2217,检查衔铁是否歪斜,Diagnosis
2218,脱落,Diagnosis
2219,检查铁芯极面是否有异物,Diagnosis
2220,检查短路环是否断裂,Diagnosis
2221,触头熔焊,Symptom
2222,触头容量过小,Cause
2223,排除负载短路故障后,Repair
2224,选择合适的接触器,Repair
2225,使之符合标准,Repair
2226,修理触头表面,Repair
2227,调换合适的接触器,Repair
2228,检查电源电压是否低于85%UN,Repair
2229,排除机械阻力,Repair
2230,修复触头弹簧,Repair
2231,调整触头压力,Repair
2232,有毛刺,Cause
2233,操作频繁,Cause
2234,触头弹簧压力过小,Cause
2235,吸力不足,Cause
2236,触头表面严重烧损造成接触不良,Cause
2237,金属颗粒等,Cause
2238,过载使用,Cause
2239,检查负载是否短路,Diagnosis
2240,检查触头弹簧压力,Diagnosis
2241,检查触头表面状况,Diagnosis
2242,排除机械阻力,Diagnosis
2243,检查触头容量,Diagnosis
2244,检查操作频率和负载情况,Diagnosis
2245,检查电源电压是否低于85%UN,Diagnosis
2246,触头过热或灼伤,Symptom
2247,操作过于频繁,Cause
2248,清理整修触头表面,Repair
2249,脱焊,Repair
2250,更换新触头,Repair
2251,选大容量的接触器,Repair
2252,改善环境温度,Repair
2253,调整弹簧压力,Repair
2254,紧固触头与导电板,Repair
2255,通风条件,Repair
2256,触头磨损到原厚度的1/3,Repair
2257,超行程到规定值,Repair
2258,超行程过小,Cause
2259,使用在密闭的控制箱内,Cause
2260,触头严重磨损,Cause
2261,触头容量不足,Cause
2262,电流过大,Cause
2263,触头弹簧压力不足,Cause
2264,开焊,Cause
2265,触头接触不良,Cause
2266,检查触头接触情况,Diagnosis
2267,检查触头磨损,Diagnosis
2268,检查环境温度和控制箱通风情况,Diagnosis
2269,开焊情况,Diagnosis
2270,检查操作频率和电流大小,Diagnosis
2271,触头过度磨损,Symptom
2272,三相触头不同步,Cause
2273,选用适用于频繁操作的工作电流相应的接触器,Repair
2274,调整触头使之同步,Repair
2275,接触器应降容使用,Repair
2276,排除短路故障后,Repair
2277,工作电流过大,Cause
2278,负载侧短路,Cause
2279,检查操作频率和工作电流,Diagnosis
2280,检查负载侧是否短路,Diagnosis
2281,检查三相触头同步情况,Diagnosis
2282,继电器线圈损坏,Symptom
2283,影响动作值,Cause
2284,更换同型号的线圈,Repair
2285,线圈匝数不准,Cause
2286,检查继电器线圈是否损坏,Diagnosis
2287,继电器触头参数不符合规定,Symptom
2288,调整触头参数至符合规定,Repair
2289,超行程,Cause
2290,开距等不符合说明书规定,Cause
2291,检查继电器触头参数,Diagnosis
2292,衔铁与铁芯接触不紧密,Symptom
2293,接触处有尘埃和污垢,Cause
2294,清除尘埃和污垢,Repair
2295,确保紧密接触,Repair
2296,检查衔铁与铁芯接触情况,Diagnosis
2297,时间继电器延时不准,Symptom
2298,延时机构故障,Cause
2299,更换时间继电器,Repair
2300,检查时间继电器的延时功能,Diagnosis
2301,热继电器动作频繁,Symptom
2302,整定电流值小于被保护设备的额定电流,Cause
2303,重新整定电流值,Repair
2304,检查热继电器的整定电流值,Diagnosis
2305,热继电器不动作，用电设备烧毁,Symptom
2306,整定值太高,Cause
2307,重新调整整定值,Repair
2308,更换热继电器,Repair
2309,双金属片永久变形,Cause
2310,检查热继电器的整定值和双金属片状态,Diagnosis
2311,热继电器接线端子接触不良,Symptom
2312,检查接线端子与引线的接触情况,Diagnosis
2313,热继电器内部调整部件松动,Symptom
2314,振动导致松动,Cause
2315,紧固松动部件,Repair
2316,检查热继电器内部调整部件,Diagnosis
2317,热继电器误动作,Symptom
2318,双金属片变形,Cause
2319,调整整定电流为电动机额定电流值,Repair
2320,紧固松动部分,Repair
2321,旋转电流调节旋钮,Repair
2322,改善使用环境,Repair
2323,限制并减少操作频率,Repair
2324,减少电动机启动时间,Repair
2325,整定值偏小,Cause
2326,热继电器可调整部件松动,Cause
2327,环境温度变化太大,Cause
2328,电动机启动时间过长,Cause
2329,检查电动机启动时间,Diagnosis
2330,检查整定值,Diagnosis
2331,检查操作频率,Diagnosis
2332,检查热继电器部件,Diagnosis
2333,检查环境温度,Diagnosis
2334,热继电器不动作,Symptom
2335,可调整部件损坏,Cause
2336,并手动试验动作应灵活变形,Repair
2337,打开热继电器盖板,Repair
2338,清除灰尘和铁锈,Repair
2339,按电动机额定电流重新整定,Repair
2340,排除故障,Repair
2341,整定值偏大,Cause
2342,动作机构卡阻,Cause
2343,传动机构磨损,Cause
2344,热元件烧毁,Cause
2345,未对准刻度,Cause
2346,灰尘堆积,Cause
2347,生锈情况,Diagnosis
2348,检查动作机构,Diagnosis
2349,检查热元件,Diagnosis
2350,检查可调整部件,Diagnosis
2351,热继电器接入后，主电路不通,Symptom
2352,拧紧外接线螺钉,Repair
2353,外接线螺钉未拧紧,Cause
2354,检查外接线螺钉,Diagnosis
2355,热继电器控制电路不通,Symptom
2356,造成动,Cause
2357,烧毁的触头,Repair
2358,调整螺钉位置将触头顶开,Repair
2359,复位,Repair
2360,调整刻度盘,Repair
2361,更换动触片,Repair
2362,静触头接触不良,Cause
2363,动触片弹性消失,Cause
2364,刻度盘,Cause
2365,调整螺钉转到不合适,Cause
2366,热继电器没有复位,Cause
2367,不能接触,Cause
2368,触头烧毁,Cause
2369,调整螺钉,Diagnosis
2370,检查刻度盘,Diagnosis
2371,检查触头和动触片,Diagnosis
2372,检查复位状态,Diagnosis
2373,热继电器不能复位,Symptom
2374,再扣与脱扣时间间隔太短,Cause
2375,5 min 左右进行手动复位再扣,Repair
2376,复位片簧折断,Cause
2377,检查再扣与脱扣时间间隔,Diagnosis
2378,检查复位片簧,Diagnosis
2379,温度继电器动作误差,Symptom
2380,探棒与测量孔壁接触不良,Cause
2381,确保感温元件与被控对象的热源体有良好的接触,Repair
2382,确保探棒与测量孔壁有良好接触,Repair
2383,感温元件与被控对象的热源体接触不良,Cause
2384,检查感温元件接触情况,Diagnosis
2385,检查探棒与测量孔壁接触情况,Diagnosis
2386,压力继电器泄漏,Symptom
2387,取样导管不符合说明书要求,Cause
2388,确保取样导管符合说明书要求,Repair
2389,确保密封,Repair
2390,防止泄漏,Repair
2391,检查取样导管,Diagnosis
2392,检查密封情况,Diagnosis
2393,继电器触头不清洁或动作不可靠,Symptom
2394,导线老化,Cause
2395,检查接线是否接牢,Repair
2396,保持触头清洁,Repair
2397,动作可靠,Repair
2398,经常检查引线是否牢固,Repair
2399,破损,Repair
2400,检查导线是否老化,Repair
2401,接线不牢,Cause
2402,振动大,Cause
2403,引线不牢固,Cause
2404,环境条件恶劣,Cause
2405,高温多油泥,Cause
2406,检查环境条件,Diagnosis
2407,They are not allowed to adjust the action value,Diagnosis
2408,温度、压力继电器启停过于频繁或输出变化范围不合理,Symptom
2409,返回系数调节不当,Cause
2410,确保设备启停频率合理且输出变化范围适当,Repair
2411,细心,Repair
2412,反复调节返回系数,Repair
2413,检查继电器返回系数设置,Diagnosis
2414,温度、压力继电器工作不可靠,Symptom
2415,未定期校验,Cause
2416,损坏时更换整个继电器,Repair
2417,每年进行一次校验试验,Repair
2418,继电器损坏,Cause
2419,确认校验记录,Diagnosis
2420,检查继电器功能是否正常,Diagnosis
2421,晶体管继电器故障,Symptom
2422,电路板,Cause
2423,保持印刷电路板和元件清洁,Repair
2424,确保元件散热良好,Repair
2425,元件污染,Cause
2426,检查印刷电路板和元件清洁度,Diagnosis
2427,散热情况,Diagnosis
2428,自动开关绝缘不良,Symptom
2429,灰尘,Cause
2430,油垢,Repair
2431,清除断路器上的灰尘,Repair
2432,保证良好绝缘,Repair
2433,油垢积累,Cause
2434,检查自动开关表面清洁度,Diagnosis
2435,灭弧罩损坏或灭弧效果不佳,Symptom
2436,表面污染,Cause
2437,清除表面烟灰和金属细末,Repair
2438,更换破损灭弧罩,Repair
2439,灭弧栅片不完整,Cause
2440,表面清洁度,Diagnosis
2441,检查灭弧罩完整性,Diagnosis
2442,触头表面烧伤或接触不良,Symptom
2443,清洁触头表面,Repair
2444,严重烧伤,Repair
2445,磨损超过原厚度1/3时更换触头,Repair
2446,触头表面污染,Cause
2447,发电机主开关失效,Symptom
2448,自动开关故障,Cause
2449,每半年进行一次全面维护与检修,Repair
2450,时排除故障,Repair
2451,检查自动开关功能,Diagnosis
2452,支路自动开关失效,Symptom
2453,手动操作自动开关，触头不能闭合,Symptom
2454,失压脱扣器无电压,Cause
2455,检查线路,Repair
2456,施加电压,Repair
2457,调整再扣接触面至规定值,Repair
2458,重新调整反作用弹簧,Repair
2459,更换贮能弹簧,Repair
2460,机构不能复位再扣,Cause
2461,导致闭合力减小,Cause
2462,线圈烧坏,Cause
2463,贮能弹簧变形,Cause
2464,反作用弹簧力过大,Cause
2465,弹簧和机构状态,Diagnosis
2466,电动操作自动开关，触头不能闭合,Symptom
2467,电动机操作定位开关失灵,Cause
2468,更换电源,Repair
2469,增大操作电源容量,Repair
2470,更换拉杆,Repair
2471,重新调整,Repair
2472,重新调整定位开关,Repair
2473,操作电源电压不符,Cause
2474,电磁铁拉杆行程不够,Cause
2475,电源容量不够,Cause
2476,电磁铁和定位开关,Diagnosis
2477,有一相触头不能闭合,Symptom
2478,限流开关脱开机构的可折连杆间的角度变大,Cause
2479,调整至原技术条件规定要求,Repair
2480,更换连杆,Repair
2481,自动开关的一相连杆断裂,Cause
2482,检查连杆和限流开关机构,Diagnosis
2483,分励脱扣器不能使自动开关分断,Symptom
2484,再扣接触面太大,Cause
2485,更换电源电压,Repair
2486,拧紧螺丝,Repair
2487,升高电压,Repair
2488,螺丝松动,Cause
2489,检查线圈,Diagnosis
2490,电源和接触面,Diagnosis
2491,失压脱扣器不能使自动开关分断,Symptom
2492,反力弹簧变小,Cause
2493,调整弹簧,Repair
2494,调整贮能弹簧,Repair
2495,消除卡死原因,Repair
2496,机构卡死,Cause
2497,能释放,Cause
2498,检查弹簧和机构状态,Diagnosis
2499,启动电动机时自动开关立即分断,Symptom
2500,过电流脱扣器瞬时动作整定电流太小,Cause
2501,调整过电流脱扣器瞬时整定弹簧,Repair
2502,检查过电流脱扣器整定值,Diagnosis
2503,自动开关闭合后（约1h）自动分断,Symptom
2504,热元件,Cause
2505,半导体延时电路元件,Repair
2506,更换热元件,Repair
2507,半导体延时电路元件变质,Cause
2508,过电流脱扣器长延时整定值不对,Cause
2509,检查脱扣器整定值和元件状态,Diagnosis
2510,失压脱扣器有躁声,Symptom
2511,反作用弹簧力太大,Cause
2512,清洁铁芯工作面,Repair
2513,铁芯工作面有油污,Cause
2514,检查弹簧,Diagnosis
2515,铁芯和短路环,Diagnosis
2516,自动开关温升过高,Symptom
2517,触头表面过分磨损,Cause
2518,清理接触面,Repair
2519,更换弹簧,Repair
2520,两个导电零件连接螺丝松动,Cause
2521,触头压力过分降低,Cause
2522,检查触头压力和连接状态,Diagnosis
2523,辅助开关发生故障,Symptom
2524,滚轮脱落,Cause
2525,更换传动杆,Repair
2526,更换辅助开关,Repair
2527,重新装好触桥,Repair
2528,辅助开关传动杆断裂,Cause
2529,辅助开关的动触桥卡死,Cause
2530,检查辅助开关的触桥和传动杆,Diagnosis
2531,头表面过分磨损或接触不良,Symptom
2532,两个导电件连接螺钉松动,Cause
2533,控紧螺钉,Repair
2534,检查导电件连接螺钉是否松动,Diagnosis
2535,辅助开关动触头桥卡死或脱落,Symptom
2536,辅助开关动触头桥卡死,Cause
2537,重新装好动触头桥,Repair
2538,拨正,Repair
2539,检查辅助开关动触头桥的状态,Diagnosis
2540,辅助开关传动杆断裂或滚轮脱落,Symptom
2541,更换整个辅助开关,Repair
2542,更换传动杆和滚轮,Repair
2543,检查传动杆和滚轮的状态,Diagnosis
2544,半导体过电流脱扣器误动作，使自动开关断开,Symptom
2545,外界电磁干扰,Cause
2546,仔细寻找故障原因,Repair
2547,更换线路,Repair
2548,如果邻近有大电磁铁在操作,Repair
2549,则接触器的分断,Repair
2550,电焊等应予以隔离,Repair
2551,确认半导体脱扣器本身无损坏,Diagnosis
2552,查明故障后,Diagnosis
2553,更换熔断器,Repair
2554,确保在更换前切断负载并清洁熔断器管内表面和接触面,Repair
2555,检查电路是否发生过载,Diagnosis
2556,熔断器熔断时响声不大，熔体只在一两处熔断，管子的内壁没有烧焦现象，也没有大量的熔体蒸气附着在管壁,Symptom
2557,一般的过载电流,Cause
2558,更换熔断件,Repair
2559,观察熔断器熔断时的现象,Diagnosis
2560,熔断器熔断时响声特别大，有时看见两端有火光，管内熔体断成许多小段，管子的内壁有大量的熔体蒸气附着，有时管壁有烧焦现象,Symptom
2561,分断极限电流时熔断,Cause
2562,排除故障后,Repair
2563,再更换熔断件,Repair
2564,线路有短路故障,Cause
2565,熔断体更换后仍频繁熔断,Symptom
2566,熔件与原熔件不同,Cause
2567,使用与原熔件相同的熔体,Repair
2568,熔体的电流值和熔件的片数不正确,Cause
2569,检查熔体的电流值和熔件的片数,Diagnosis
2570,快速熔断件用普通的熔断器的熔体代替,Cause
2571,使用快速熔断件,Repair
2572,检查熔体类型,Diagnosis
2573,发生裂痕,Cause
2574,更换熔体时注意不要折伤,Repair
2575,扭伤,Repair
2576,扭伤,Cause
2577,熔体折伤,Cause
2578,减小截面积,Cause
2579,检查熔体是否有损伤,Diagnosis
2580,封闭管式熔断器炸裂,Symptom
2581,管子用其他绝缘管代替,Cause
2582,使用原装熔断管,Repair
2583,检查熔断管类型,Diagnosis
2584,熔断管喷出高温金属和气体,Symptom
2585,熔断管上钻孔,Cause
2586,禁止在熔断管上钻孔,Repair
2587,检查熔断管是否有钻孔,Diagnosis
2588,中断标记未标注另一端在图上的位置,Symptom
2589,技术文件编制不规范,Cause
2590,在中断处标注中断标记,Repair
2591,并标注另一端在图上的位置,Repair
2592,检查技术文件和图纸,Diagnosis
2593,确认中断标记是否完整,Diagnosis
2594,元器件注释和说明未注明符号在图上的位置,Symptom
2595,在技术文件中注明元器件符号在图上的位置,Repair
2596,确认元器件注释是否完整,Diagnosis
2597,电路设计更改未标明被更改部分在图上的位置,Symptom
2598,设计更改记录不完整,Cause
2599,在设计更改记录中标明被更改部分在图上的位置,Repair
2600,检查设计更改记录和图纸,Diagnosis
2601,确认更改部分是否标注,Diagnosis
2602,电路编号法在多分支电路中应用不规范,Symptom
2603,编号方法不正确,Cause
2604,按照自左至右,Repair
2605,自上至下的顺序用阿拉伯数字编号,Repair
2606,检查电路图,Diagnosis
2607,确认编号顺序和方法是否符合规范,Diagnosis
2608,横坐标标注法中电器元件排列不规范,Symptom
2609,图纸绘制不规范,Cause
2610,采用横向画法排列电器元件,Repair
2611,并标明各支路序号和触头位置,Repair
2612,确认电器元件排列是否符合横坐标标注法,Diagnosis
2613,纵坐标标注法中电器元件排列不规范,Symptom
2614,采用纵向画法排列电器元件,Repair
2615,并按照自左至右的顺序编号,Repair
2616,确认电器元件排列是否符合纵坐标标注法,Diagnosis
2617,继电器和接触器的触头位置表示不清晰,Symptom
2618,附加图表不规范,Cause
2619,采用附加图表表示触头位置,Repair
2620,并标明所在支路的编号,Repair
2621,确认触头位置表示是否清晰,Diagnosis
2622,检查电路图和附加图表,Diagnosis
2623,电器元件布置图不完整,Symptom
2624,在电器元件布置图上标明所有电机和电器的实际位置,Repair
2625,检查电器元件布置图,Diagnosis
2626,确认所有电机和电器是否标明,Diagnosis
2627,电气控制设备无法启动,Symptom
2628,主电动机故障,Cause
2629,更换控制变压器,Repair
2630,维修,Repair
2631,重新连接线路,Repair
2632,更换主电动机,Repair
2633,闭合电源开关,Repair
2634,电源开关未闭合,Cause
2635,控制变压器故障,Cause
2636,线路连接错误,Cause
2637,检查线路连接是否正确,Diagnosis
2638,检查控制变压器输出电压,Diagnosis
2639,检查电源开关是否闭合,Diagnosis
2640,检查主电动机是否正常工作,Diagnosis
2641,冷却泵电动机不工作,Symptom
2642,冷却泵电动机故障,Cause
2643,更换冷却泵电动机,Repair
2644,维修控制电路,Repair
2645,检查控制电路是否正常,Diagnosis
2646,检查冷却泵电动机是否正常工作,Diagnosis
2647,照明灯不亮,Symptom
2648,照明灯故障,Cause
2649,更换照明灯,Repair
2650,检查照明灯是否正常工作,Diagnosis
2651,操作按钮控制电路不响应,Symptom
2652,操作按钮故障,Cause
2653,更换操作按钮,Repair
2654,检查操作按钮是否正常工作,Diagnosis
2655,电动机无法启动,Symptom
2656,热继电器FR常闭触头动作,Cause
2657,正确扳动转换开关HK,Repair
2658,更换熔断器FU,Repair
2659,修复主接触器KM线圈回路,Repair
2660,复位热继电器FR常闭触头,Repair
2661,熔断器FU熔断,Cause
2662,主接触器KM线圈回路未接通,Cause
2663,转换开关HK未正确扳动,Cause
2664,检查熔断器FU是否熔断,Diagnosis
2665,检查转换开关HK是否扳到正确位置,Diagnosis
2666,检查热继电器FR常闭触头是否动作,Diagnosis
2667,检查主接触器KM线圈回路是否接通,Diagnosis
2668,电动机无法自动启动,Symptom
2669,压力继电器2YJ（低）未闭合,Cause
2670,更换压力继电器2YJ（低）,Repair
2671,修复控制电路断路,Repair
2672,将转换开关HK扳到自动位置,Repair
2673,转换开关HK未扳到自动位置,Cause
2674,控制电路断路,Cause
2675,检查压力继电器2YJ（低）是否闭合,Diagnosis
2676,检查控制电路是否断路,Diagnosis
2677,检查转换开关HK是否扳到自动位置,Diagnosis
2678,电动机无法停止,Symptom
2679,高压开关触头2YJ（高）未断开,Cause
2680,修复主接触器KM自锁触头,Repair
2681,更换高压开关触头2YJ（高）,Repair
2682,更换停止按钮SBP,Repair
2683,主接触器KM自锁触头未断开,Cause
2684,停止按钮SBP故障,Cause
2685,检查停止按钮SBP是否故障,Diagnosis
2686,检查主接触器KM自锁触头是否断开,Diagnosis
2687,检查高压开关触头2YJ（高）是否断开,Diagnosis
2688,2YJ（低）断开,Cause
2689,确保空气瓶压力低于下限,Repair
2690,2YJ（低）闭合,Repair
2691,1YJ闭合,Repair
2692,检查并修复KM线圈,Repair
2693,检查并修复自锁触头KM,Repair
2694,确保冷却水压力正常,Repair
2695,冷却水压力不正常,Cause
2696,KM线圈故障,Cause
2697,自锁触头KM断开,Cause
2698,检查KM线圈是否得电,Diagnosis
2699,检查2YJ（低）的状态,Diagnosis
2700,检查冷却水压力继电器1YJ的状态,Diagnosis
2701,检查自锁触头KM的状态,Diagnosis
2702,电动机无法自动停机,Symptom
2703,自锁触头KM无法断开,Cause
2704,更换2YJ（高）,Repair
2705,检查KM线圈的控制电路,Repair
2706,修复自锁触头KM,Repair
2707,KM线圈无法断电,Cause
2708,2YJ（高）故障,Cause
2709,检查KM线圈的断电情况,Diagnosis
2710,检查2YJ（高）的状态,Diagnosis
2711,电磁阀DF无法打开,Symptom
2712,KM常闭辅助触头故障,Cause
2713,更换KM常闭辅助触头,Repair
2714,更换DF线圈,Repair
2715,DF线圈故障,Cause
2716,检查DF线圈是否得电,Diagnosis
2717,检查KM常闭辅助触头的状态,Diagnosis
2718,空压机运行指示灯HD不亮,Symptom
2719,HD灯泡损坏,Cause
2720,更换HD灯泡,Repair
2721,修复指示灯电路,Repair
2722,指示灯电路故障,Cause
2723,检查HD灯泡,Diagnosis
2724,检查指示灯电路的连接,Diagnosis
2725,手动停车无效,Symptom
2726,SBP²）,Repair
2727,更换停止按钮SBP（,Repair
2728,停止按钮SBP（,Cause
2729,SBP²）故障,Cause
2730,检查停止按钮SBP（,Diagnosis
2731,SBP²）的状态,Diagnosis
2732,液压起货机电动机无法启动,Symptom
2733,手动位置,Cause
2734,更换故障的接触器线圈,Repair
2735,将选择开关SC设置在正确的操作位置,Repair
2736,更换热继电器FR,Repair
2737,更换故障的启动按钮1SBP,Repair
2738,短路问题,Repair
2739,修复控制线路的断路,Repair
2740,更换时间继电器KT,Repair
2741,接触器1KM,Cause
2742,启动按钮1SBP故障,Cause
2743,热继电器FR动作,Cause
2744,选择开关SC未正确设置在自动,Cause
2745,3KM线圈故障,Cause
2746,2KM,Cause
2747,时间继电器KT故障,Cause
2748,控制线路断路,Cause
2749,短路现象,Diagnosis
2750,检查启动按钮1SBP是否正常工作,Diagnosis
2751,3KM的线圈是否得电,Diagnosis
2752,检查接触器1KM,Diagnosis
2753,检查控制线路是否有断路,Diagnosis
2754,检查选择开关SC是否设置在正确位置（1,Diagnosis
2755,故障,Diagnosis
2756,检查热继电器FR是否动作,Diagnosis
2757,检查时间继电器KT是否正常工作,Diagnosis
2758,2）,Diagnosis
2759,2KM,Diagnosis
2760,电动机在Y-△切换过程中电源短路,Symptom
2761,接触器1KM的常闭触点故障,Cause
2762,确保接触器1KM和3KM不会同时得电,Repair
2763,更换接触器1KM的常闭触点,Repair
2764,更换接触器3KM的常闭触点,Repair
2765,接触器3KM的常闭触点故障,Cause
2766,时间继电器KT延时触点故障,Cause
2767,接触器1KM和3KM同时得电,Cause
2768,检查接触器1KM的常闭触点是否正常断开,Diagnosis
2769,检查接触器1KM和3KM是否同时得电,Diagnosis
2770,检查接触器3KM的常闭触点是否正常断开,Diagnosis
2771,检查时间继电器KT的延时触点是否正常工作,Diagnosis
2772,电动机无法从Y形切换到△形运行,Symptom
2773,接触器3KM线圈故障,Cause
2774,更换接触器3KM线圈,Repair
2775,接触器1KM的常闭触点未闭合,Cause
2776,检查接触器3KM线圈是否得电,Diagnosis
2777,检查接触器1KM的常闭触点是否闭合,Diagnosis
2778,电动机停车后无法再次启动,Symptom
2779,3KM的自锁触点故障,Cause
2780,复位热继电器FR,Repair
2781,3KM的自锁触点,Repair
2782,更换接触器2KM,Repair
2783,复位停止按钮SBP,Repair
2784,接触器2KM,Cause
2785,停止按钮SBP未复位,Cause
2786,热继电器FR未复位,Cause
2787,检查停止按钮SBP是否复位,Diagnosis
2788,3KM的自锁触点是否正常工作,Diagnosis
2789,检查接触器2KM,Diagnosis
2790,检查热继电器FR是否复位,Diagnosis
2791,M失电，停车,Symptom
2792,继电器触点问题,Cause
2793,检查过载原因,Repair
2794,复位热继电器,Repair
2795,更换损坏的线路,Repair
2796,更换继电器触点,Repair
2797,清洁,Repair
2798,熔断器烧断,Cause
2799,热继电器动作,Cause
2800,检查热继电器是否动作,Diagnosis
2801,检查电源是否正常,Diagnosis
2802,检查继电器触点是否闭合,Diagnosis
2803,检查熔断器是否烧断,Diagnosis
2804,复杂线路出错或遗漏,Symptom
2805,继电器触点遗漏,Cause
2806,重新核对并修正线路连接,Repair
2807,列出所有继电器触点,Repair
2808,使用标准符号清晰表示,Repair
2809,其作用状态,Repair
2810,符号表示不清,Cause
2811,确认符号表示是否清晰,Diagnosis
2812,核对线路连接是否正确,Diagnosis
2813,检查继电器所有触点是否列出,Diagnosis
2814,设备无原理图和接线图,Symptom
2815,图纸损坏,Cause
2816,使用目测法,Repair
2817,绘制标准电气符号和文字标绘图,Repair
2818,断电情况下进行测绘,Repair
2819,万用表测量接线关系,Repair
2820,图纸丢失,Cause
2821,设备未提供图纸,Cause
2822,查清并标明各独立部分的内部接线,Diagnosis
2823,测绘各独立部分的元件图,Diagnosis
2824,确认设备组成部分,Diagnosis
2825,熔断器烧断或保护电器动作，有关监视仪表指示失常，系统报警,Symptom
2826,线路中接线柱间太脏,Cause
2827,更换损坏的电器线圈,Repair
2828,更换老化的设备,Repair
2829,清理接线柱间的污垢,Repair
2830,材料变质,Cause
2831,设备出厂前就存在绝缘不良,Cause
2832,导线裸露导体部件上,Cause
2833,电缆经过金属孔,Cause
2834,电器线圈由于绕制不符合要求,Cause
2835,操作时碰坏绝缘保护层,Cause
2836,电气线路的绝缘浸水,Cause
2837,通电时柱间放电,Cause
2838,严重受潮,Cause
2839,锐利金属边缘时,Cause
2840,电机,Cause
2841,维修时金属零件掉落到导线接线端头,Cause
2842,线路绝缘老化,Cause
2843,使绝缘破损,Cause
2844,绝缘薄弱,Cause
2845,局部绝缘损坏等隐患,Cause
2846,由于衬垫破损而未,Cause
2847,设备,Cause
2848,时更换,Cause
2849,在运行中,Cause
2850,切断电源,Diagnosis
2851,若被测电路为单回路,Diagnosis
2852,用万用表的电阻挡测量电路两端点间的电阻,Diagnosis
2853,可沿着线路对所有接线柱,Diagnosis
2854,串联的电器线圈,Diagnosis
2855,即为短路,Diagnosis
2856,查出烧断的熔断器,Diagnosis
2857,其他元件逐个检查,Diagnosis
2858,电容充电误认为是短路,Symptom
2859,电容充电过程中电流较大,Cause
2860,避免在电容充电时误判短路,Repair
2861,使用兆欧表,Repair
2862,万用表进行准确测量,Repair
2863,可能被误判为短路,Cause
2864,若指示为零则可能存在短路,Diagnosis
2865,需脱离被测线路后再使用兆欧表,Diagnosis
2866,使用兆欧表测量电路,Diagnosis
2867,对于含电子设备的线路,Diagnosis
2868,电路似通非通,Symptom
2869,线路接触不良,Cause
2870,万用表进行测量,Repair
2871,确保电子设备安全,Repair
2872,存在高阻抗短路,Cause
2873,需先断开电子设备,Diagnosis
2874,若指示为零则存在短路,Diagnosis
2875,使用兆欧表测量,Diagnosis
2876,对于电子设备线路,Diagnosis
2877,多路并联线路短路,Symptom
2878,多条并联支路存在短路,Cause
2879,找出短路点并修复,Repair
2880,逐个检查并联支路,Repair
2881,某条,Cause
2882,依次断开各支路,Diagnosis
2883,观察万用表电阻值变化,Diagnosis
2884,使用逐个断开法,Diagnosis
2885,自动开关跳闸或熔断器烧断但未发现短路,Symptom
2886,熔断器老化,Cause
2887,观察线路运行情况,Repair
2888,清理污物,Repair
2889,非连续短路,Cause
2890,检查线路是否有污物堆积,Diagnosis
2891,更换熔断器观察是否再次烧断,Diagnosis
2892,导电物体掉落,Diagnosis
2893,线路断路,Symptom
2894,线路断开,Cause
2895,修复断路点,Repair
2896,开关状态,Diagnosis
2897,电器连接,Diagnosis
2898,电机等不动作、各种灯具不亮,Symptom
2899,线路中的保护电器的触点接触不良,Cause
2900,更换断开的导线,Repair
2901,更换熔断的熔断件,Repair
2902,更换损坏的转换开关,Repair
2903,更换保护电器,Repair
2904,更换接触不良的触头,Repair
2905,修复被砸断的线路,Repair
2906,螺母,Repair
2907,紧固松动的螺钉,Repair
2908,更换有断路故障的设备,Repair
2909,电器线圈的导线有断路,Cause
2910,线路接触器触头接触不良,Cause
2911,线路被外来物砸断,Cause
2912,某些灯具的灯丝烧断,Cause
2913,设备本身有断路故障（如电机绕组,Cause
2914,螺母脱落,Cause
2915,镇流器线圈断路等）,Cause
2916,导线中导体断开,Cause
2917,该电器动作前未复位,Cause
2918,线路熔断器的熔断件熔断,Cause
2919,导线接头处螺钉松动,Cause
2920,某些转换开关损坏,Cause
2921,测量电压正常',Diagnosis
2922,'使用万用表电压挡,Diagnosis
2923,检查断路点是否在电器触点中',Diagnosis
2924,{'method': '带电检查线路断路故障',Diagnosis
2925,接线两端电压,Diagnosis
2926,元件没有并联通路',Diagnosis
2927,'steps': ['使用万用表电阻挡进行检查',Diagnosis
2928,'推动电器触点闭合后再测量']},Diagnosis
2929,'确保被检查的电路,Diagnosis
2930,接触不良',Diagnosis
2931,若指示值为电源电压,Diagnosis
2932,{'method': '不带电检查断路',Diagnosis
2933,'选择较大的量程（R×1k,Diagnosis
2934,接线柱两端电阻,Diagnosis
2935,R×10k）',Diagnosis
2936,电源开关没有断路,Diagnosis
2937,'steps': ['确认电源电压正常,Diagnosis
2938,'沿线路依次测量元件,Diagnosis
2939,'闭合电源开关,Diagnosis
2940,'测量线路中各元件,Diagnosis
2941,若R=∞则两表笔间有断路',Diagnosis
2942,校验灯检查',Diagnosis
2943,则两试笔之间有断路',Diagnosis
2944,'使用交叉法检查熔断器断路']},Diagnosis
2945,'人为推动电器衔铁,Diagnosis
2946,使用万用表时，测量精度受影响,Symptom
2947,两表笔的金属部分,Cause
2948,两表笔的金属部分,Repair
2949,避免用手同时触,Repair
2950,用手同时触,Cause
2951,检查测量时是否遵守操作规程,Diagnosis
2952,电气线路一点接地,Symptom
2953,线路绝缘损坏,Cause
2954,使用兆欧表逐段检查线路,Repair
2955,找出接地点并修复,Repair
2956,设备故障,Cause
2957,使用逐段缩小法,Diagnosis
2958,通过配电板上的地气灯检查接地系统,Diagnosis
2959,断开设备开关观察地气灯亮度,Diagnosis
2960,电气控制线路该通的不通,Symptom
2961,线圈断线,Cause
2962,更换损坏的接点,Repair
2963,接点接触不良,Cause
2964,检查接点和线圈的导通性,Diagnosis
2965,电气控制线路该断的不断,Symptom
2966,更换熔焊的触头,Repair
2967,短路的线圈,Repair
2968,接地点,Repair
2969,绝缘电阻过小,Cause
2970,检查线路的绝缘性和触头状态,Diagnosis
2971,电压不正常,Symptom
2972,检查电源供应,Repair
2973,失压,Cause
2974,测量电压并与正常值比较,Diagnosis
2975,元件参数变化过大,Symptom
2976,电阻值过大,Cause
2977,参数整定不当,Cause
2978,测量元件参数并与标准值比较,Diagnosis
2979,接触器动作正常但电气设备不工作,Symptom
2980,主电路故障,Cause
2981,更换主电路中的故障部件,Repair
2982,空气开关和线路,Diagnosis
2983,检查主电路的熔断器,Diagnosis
2984,短路故障,Symptom
2985,线路短路,Cause
2986,排除短路源,Repair
2987,检查熔断器烧坏情况,Diagnosis
2988,查明短路原因,Diagnosis
2989,断路故障,Symptom
2990,使用看图查线法确定断路点,Diagnosis
2991,电动机不启动,Symptom
2992,电动机绕组故障,Cause
2993,修复主电路,Repair
2994,熔断器,Diagnosis
2995,空气开关和电动机绕组,Diagnosis
2996,电动机不启动，接触器KM不动作,Symptom
2997,控制回路断路故障,Cause
2998,找到断路点后,Repair
2999,断路点就在哪两个端钮之间,Diagnosis
3000,用万用表电压挡依次接触各元件端钮,Diagnosis
3001,断开电源,Diagnosis
3002,按钮SBT1按下后,Diagnosis
3003,说明KM线圈内部导线有断路,Diagnosis
3004,停止按钮SBT2等触点是否接触良好,Diagnosis
3005,检查启动按钮SBT1,Diagnosis
3006,按下按钮SBT1,Diagnosis
3007,仔细检查两端子间的线路和元件,Diagnosis
3008,找出准确的断路点,Diagnosis
3009,检查熔断器是否良好,Diagnosis
3010,若KM正常,Diagnosis
3011,若跨接到KM线圈两端时电压指示值为电源电压值,Diagnosis
3012,万用表表笔接触到哪两个端子间电压指示值为电源电压值,Diagnosis
3013,主电路线路中有断路故障,Symptom
3014,主电路线路断路,Cause
3015,更换断路线路,Repair
3016,再用前述办法找出断路点,Diagnosis
3017,找出断路相后,Diagnosis
3018,测量时用手推动接触器衔铁使主触头闭合,Diagnosis
3019,用万用表测量主电路的线路是否断路,Diagnosis
3020,熔断器FU4已烧毁,Symptom
3021,熔断器FU4烧毁,Cause
3022,更换熔断器FU4,Repair
3023,调好零位,Diagnosis
3024,将万用表打到欧姆挡（R×1Ω）,Diagnosis
3025,若表针指向无穷大,Diagnosis
3026,B表笔接触端子5,Diagnosis
3027,说明熔断器FU4已烧毁,Diagnosis
3028,将A表笔放在端子0,Diagnosis
3029,热继电器FR的触点不通,Symptom
3030,热继电器FR触点故障,Cause
3031,说明热继电器FR的触点是通的,Diagnosis
3032,另一根表笔碰接触器KM的线圈端子2,Diagnosis
3033,将一根表笔放在端子1上,Diagnosis
3034,若表针指零,Diagnosis
3035,接触器KM的线圈不正常,Symptom
3036,接触器KM线圈故障,Cause
3037,更换接触器KM线圈,Repair
3038,将表笔碰端子3,Diagnosis
3039,说明接触器KM的线圈是正常的,Diagnosis
3040,若表针不为零也不为无穷大,Diagnosis
3041,表针应指零，按下停止按钮，表针指向无穷大,Symptom
3042,停止按钮SBT故障,Cause
3043,停止按钮SBT是好的,Repair
3044,观察表针变化,Diagnosis
3045,按下停止按钮,Diagnosis
3046,B表笔接触端子3，电阻应为无穷大，按下启动按钮SBT1后电阻为零,Symptom
3047,启动按钮SBT1故障,Cause
3048,启动按钮正常,Repair
3049,测量电阻变化,Diagnosis
3050,按下启动按钮,Diagnosis
3051,系统不能启动,Symptom
3052,电动机本身故障,Cause
3053,排除电动机故障,Repair
3054,检查电源线路,Repair
3055,机械卡死,Repair
3056,电动机无电源,Cause
3057,电源和机械部分,Diagnosis
3058,检查电动机,Diagnosis
3059,启动按钮复位后电动机即停转,Symptom
3060,自锁触头KM失效,Cause
3061,更换自锁触头KM,Repair
3062,引线和接触情况,Diagnosis
3063,检查自锁触头KM的触点,Diagnosis
3064,电动机运行中突然停转,Symptom
3065,FR动作,Cause
3066,更换FR,Repair
3067,调整FR整定值,Repair
3068,FR整定值不正确,Cause
3069,FR损坏,Cause
3070,电动机过热,Cause
3071,检查FR动作情况,Diagnosis
3072,电动机负载和温度,Diagnosis
3073,启动后电气控制箱内噪声大,Symptom
3074,根据接触器维修指南进行检修,Repair
3075,检查接触器,Diagnosis
3076,指示灯不工作,Symptom
3077,指示灯故障,Cause
3078,修复电源线路,Repair
3079,更换指示灯,Repair
3080,检查指示灯和电源线路,Diagnosis
3081,电动机过热,Symptom
3082,释放不符合技术要求,Cause
3083,排除堵转原因,Repair
3084,修复通风冷却系统,Repair
3085,调整电磁制动器,Repair
3086,电磁制动器动作,Cause
3087,电动机堵转,Cause
3088,电动机通风冷却系统不正常,Cause
3089,检查电动机是否有堵转,Diagnosis
3090,检查电动机通风冷却系统是否正常,Diagnosis
3091,检查电磁制动器的动作和释放是否符合技术要求,Diagnosis
3092,控制屏上电器工作异常,Symptom
3093,断裂,Cause
3094,紧固松动零件,Repair
3095,更换变形断裂部件,Repair
3096,调整衔铁,Repair
3097,机械部分变形,Cause
3098,衔铁振动,Cause
3099,噪声异常,Cause
3100,电器线圈过热,Cause
3101,时间继电器延时差异,Cause
3102,紧固零件松动,Cause
3103,焦蝴味,Cause
3104,冒烟,Cause
3105,断裂,Diagnosis
3106,检查电器线圈的状态,Diagnosis
3107,检查紧固零件是否松动,Diagnosis
3108,检查机械部分是否变形,Diagnosis
3109,检查衔铁在吸合和释放时的振动和噪声,Diagnosis
3110,检查时间继电器的延时,Diagnosis
3111,克令吊限位保护和报警装置异常,Symptom
3112,限位保护和报警装置故障,Cause
3113,更换限位保护和报警装置,Repair
3114,检查各种限位保护和报警装置是否正常,Diagnosis
3115,起重滑程过大,Symptom
3116,相关电器故障,Cause
3117,修复相关电器,Repair
3118,停车调整电磁制动器间隙,Repair
3119,电磁制动器动作异常,Cause
3120,检查电磁制动器的动作,Diagnosis
3121,有关电器是否正常,Diagnosis
3122,电器动作值与整定值偏差明显,Symptom
3123,电器调整不当,Cause
3124,停机调整电器动作值,Repair
3125,与整定值比较,Diagnosis
3126,观察各电器的动作值,Diagnosis
3127,控制屏对地绝缘电阻不符合要求,Symptom
3128,控制屏受潮,Cause
3129,使用热风驱潮,Repair
3130,测量控制屏对地绝缘电阻,Diagnosis
3131,触头烧毛或接触面有氧化物,Symptom
3132,触头使用磨损,Cause
3133,用油光锉磨光触头,Repair
3134,用万用表检查接触情况,Repair
3135,保持接触面光洁,Repair
3136,检查正反转接触器和各加速接触器的主副触头,Diagnosis
3137,继电器触头损坏或动作不灵活,Symptom
3138,变形,Cause
3139,必要时更换,Repair
3140,修理触头,Repair
3141,触头损坏,Cause
3142,中间继电器,Diagnosis
3143,风机接触器等电器的触头,Diagnosis
3144,检查各时间继电器,Diagnosis
3145,保护用继电器,Diagnosis
3146,电器线圈短路、断路或接地,Symptom
3147,更换损坏的线圈,Repair
3148,线圈老化,Cause
3149,检查控制屏内电器的线圈,Diagnosis
3150,上升和下降各挡都不来车,Symptom
3151,热继电器触点断开,Cause
3152,根据具体原因进行相应的修复,Repair
3153,刹车没打开,Cause
3154,打开不到位,Cause
3155,电源没能送到主回路和控制回路,Cause
3156,风门开关接触不良,Cause
3157,主令控制器失控,Cause
3158,电源回路发生短路,Cause
3159,风门未被打开,Cause
3160,检查电源开关,Diagnosis
3161,检查制动器,Diagnosis
3162,检查短路点,Diagnosis
3163,查测电源回路,Diagnosis
3164,检查熔断器,Diagnosis
3165,检查主令控制器的机械传动机构和触头位置,Diagnosis
3166,其回路,Diagnosis
3167,而且间隙要调整合适,Diagnosis
3168,检查风门开关,Diagnosis
3169,检查热继电器触点,Diagnosis
3170,使它动作,Diagnosis
3171,热继电器，复位及修复。零压继电器触点断开或接触不良。,Symptom
3172,接触不良。,Cause
3173,更换零压继电器。,Repair
3174,零压继电器触点断开,Cause
3175,检查零压继电器,Diagnosis
3176,回路。,Diagnosis
3177,有提升（或下降）而无下降（或提升）。,Symptom
3178,方向接触器的主,Cause
3179,更换故障部件。,Repair
3180,LK²）触点接触不良。,Cause
3181,方向接触器的线圈短路,Cause
3182,主令控制器的LK（,Cause
3183,断路,Cause
3184,副触点接触不良,Cause
3185,逐一查测方向接触器和主令控制器。,Diagnosis
3186,主令控制器手柄从第三挡扳到零位，电动机仍然运转。手柄反向操作，电动机运转方向不变。,Symptom
3187,逆转矩控制电路失控。,Cause
3188,延时时间过长,Cause
3189,传动机构卡死,Cause
3190,时间继电器2SJ失控,Cause
3191,传动机构和逆转矩控制电路。,Diagnosis
3192,逐一检查时间继电器,Diagnosis
3193,落货时滑程太大。,Symptom
3194,超过再生制动时间。,Cause
3195,按要求调整2SJ的延时时间,Repair
3196,不能大于1 s。,Repair
3197,一般设定在0.7 s左右,Repair
3198,即2SJ延时时间过长,Cause
3199,制动时间调节过长,Cause
3200,制动环节失控,Cause
3201,检查2SJ的延时工况。,Diagnosis
3202,轻载情况下，高速上不去。,Symptom
3203,负载继电器ZI的整定值调的不对。,Cause
3204,重新调整ZJ的动作值。,Repair
3205,检查负载继电器ZI的整定值。,Diagnosis
3206,电磁制动器打不开，电动机堵转。,Symptom
3207,时间继电器5SJ线圈断路。,Cause
3208,电磁制动器线圈断路,Cause
3209,逐一查测电磁制动器和时间继电器5SJ。,Diagnosis
3210,电磁制动器不释放（制动）。,Symptom
3211,加速接触器1C,Cause
3212,刹车片卡死,Cause
3213,2C和3C的副触点没断开。,Cause
3214,ZDC主触点卡死,Cause
3215,ZDC主触点和加速接触器副触点。,Diagnosis
3216,逐一检查刹车片,Diagnosis
3217,电磁制动器打开后又释放。,Symptom
3218,时间继电器5SJ延时时间太短,Cause
3219,经济电阻不应太大,Repair
3220,调整好5SJ延时时间,Repair
3221,弹簧的强度应该调节合适。,Repair
3222,经济电阻太大,Cause
3223,反作用弹簧力太大。,Cause
3224,换挡过程中没能保证1C,Cause
3225,3C同时有2只吸合,Cause
3226,2C,Cause
3227,检查换挡过程,Diagnosis
3228,5SJ延时时间,Diagnosis
3229,经济电阻和弹簧力。,Diagnosis
3230,电磁制动器的温升太高。,Symptom
3231,摩擦片间隙太小,Cause
3232,更换刹车线圈,Repair
3233,调整刹车间隙,Repair
3234,调整经济电阻阻值和1SJ的延时时间。,Repair
3235,间隙不均匀,Cause
3236,经济电阻太小,Cause
3237,刹车线圈匝间短路,Cause
3238,串人时间太迟。,Cause
3239,检查摩擦片间隙和经济电阻。,Diagnosis
3240,测刹车线圈,Diagnosis
3241,摩擦片磨损太快。,Symptom
3242,摩擦片间隙调整的太小。,Cause
3243,调整好间隙。,Repair
3244,检查摩擦片间隙。,Diagnosis
3245,摩擦片间隙不均匀,Symptom
3246,使之变形,Cause
3247,使之间隙均匀,Repair
3248,重新安装刹车盘,Repair
3249,造成受力不均,Cause
3250,摩擦片间隙调整的不均匀,Cause
3251,长期高速摩擦,Cause
3252,检查摩擦片间隙,Diagnosis
3253,重载时刹不住车,Symptom
3254,间隙过大,Cause
3255,调整摩擦片间隙,Repair
3256,摩擦片太光滑,Cause
3257,电磁制动器的反作用弹簧力不强,Cause
3258,检查电磁制动器的反作用弹簧和摩擦片状态,Diagnosis
3259,电动机空载电流和转速不符合要求,Symptom
3260,控制线路与电动机协调工作不良,Cause
3261,调整控制线路,Repair
3262,确保各挡运行正常,Repair
3263,稳定,Repair
3264,进行空载试验,Diagnosis
3265,转速和各挡接触器触头,Diagnosis
3266,检查电动机的转向,Diagnosis
3267,电动机转速变换时有堵转情况,Symptom
3268,时间继电器延时时间设置不当,Cause
3269,调整时间继电器延时时间,Repair
3270,满足逐级自动延时启动和三级制动要求,Repair
3271,检查各时间继电器延时时间,Diagnosis
3272,电磁制动器温升过高,Symptom
3273,再生制动时间不足,Cause
3274,延长2SI整定时间,Repair
3275,并按技术要求调节间隙,Repair
3276,增加再生制动时间,Repair
3277,2SI整定时间过短,Cause
3278,检查电磁制动器的间隙和温升,Diagnosis
3279,电动机堵转严重,Symptom
3280,电磁制动器线圈回路的放电延时未按三级制动要求整定,Cause
3281,合调整电磁制动器线圈回路的放电延时,Repair
3282,按三级制动要求进行整定,Repair
3283,观察启动和制动时电动机堵转情况,Diagnosis
3284,起货机不能逐级自动启动,Symptom
3285,控制系统未满足技术要求,Cause
3286,确保起货机满足逐级自动启动的技术要求,Repair
3287,检查起货机启动过程,Diagnosis
3288,恒功率调速起货机高速运行异常,Symptom
3289,负载继电器动作值未调整,Cause
3290,确保负载为0.51时能进入高速运行,Repair
3291,调整负载继电器的动作值,Repair
3292,负载为110%In时ZJ动作,Repair
3293,检查负载为0.51和110%In时的运行情况,Diagnosis
3294,高速制动,Cause
3295,使用紧急开关AN强制起锚,Repair
3296,改善工作条件和操作频率,Repair
3297,启动电流大,Cause
3298,工作条件恶劣,Cause
3299,检查电动机运行情况和热继电器动作,Diagnosis
3300,系统高速上不去,Symptom
3301,过电流继电器误动作,Cause
3302,检查并清洁触头,Repair
3303,调整时间继电器2SJ延时时间,Repair
3304,时间继电器延时时间过短,Cause
3305,主令控制器触头,Diagnosis
3306,继电接触器触头,Diagnosis
3307,检查过电流继电器,Diagnosis
3308,电磁制动器失灵,Symptom
3309,电磁制动器线圈回路故障,Cause
3310,更换电磁制动器线圈回路,Repair
3311,检查电磁制动器线圈回路,Diagnosis
3312,路发生断路,Symptom
3313,接触器的触头接触不良,Cause
3314,更换烧断的经济电阻,Repair
3315,修复接触不良的触头,Repair
3316,经济电阻烧断,Cause
3317,检查经济电阻是否烧断,Diagnosis
3318,接触器的触头是否接触不良,Diagnosis
3319,ZDC吸合，刹车打不开,Symptom
3320,机械传动装置损坏,Cause
3321,更换时间继电器3SJ,Repair
3322,更换损坏的机械传动装置,Repair
3323,时间继电器3SJ未正常动作,Cause
3324,若3SJ正常动作,Diagnosis
3325,检查时间继电器3SJ是否正常动作,Diagnosis
3326,检查机械传动装置是否损坏,Diagnosis
3327,主令手柄在零位时3SJ不吸合,Symptom
3328,时间继电器3SJ故障,Cause
3329,空载试验中各电器动作异常,Symptom
3330,电器故障,Cause
3331,重新整定保护电器,Repair
3332,更换故障电器,Repair
3333,保护电器整定不当,Cause
3334,观察各电器动作情况,Diagnosis
3335,检查各保护电器的整定值,Diagnosis
3336,负载试验中电动机转速异常,Symptom
3337,电动机故障,Cause
3338,调整线路,Repair
3339,修复电动机,Repair
3340,线路变动,Cause
3341,检查线路变动情况,Diagnosis
3342,转速,Diagnosis
3343,记录启动电流,Diagnosis
3344,工作电流,Diagnosis
3345,航行抛、起锚试验中锚破土瞬间电流异常,Symptom
3346,锚机负荷过大,Cause
3347,调整操作方式,Repair
3348,避免过载,Repair
3349,测量各挡转速下的电动机电流和转速,Diagnosis
3350,电动机力矩不能使锚破土，电动机堵转,Symptom
3351,锚埋得太深,Cause
3352,靠主机冲车,Repair
3353,使船体向前的冲力拔锚破土,Repair
3354,锚机力矩不足,Cause
3355,检查电动机电流和转速,Diagnosis
3356,确认是否堵转,Diagnosis
3357,舵机供电异常,Symptom
3358,主配电板,Cause
3359,修复供电线路,Repair
3360,切换至备用电源,Repair
3361,应急配电板供电线路故障,Cause
3362,测试应急电源,Diagnosis
3363,检查两路馈电线供电情况,Diagnosis
3364,燃油系统,System
3365,高压油泵,Equipment
3366,电动油泵机组无法自动切换,Symptom
3367,机组控制逻辑错误,Cause
3368,调整控制逻辑,Repair
3369,更换自动切换装置,Repair
3370,自动切换装置故障,Cause
3371,检查切换逻辑,Diagnosis
3372,测试各机组单独运行和并联运行情况,Diagnosis
3373,舵角指示器误差大于±1°,Symptom
3374,校准错误,Cause
3375,重新校准,Repair
3376,检查舵角指示器与舵叶实际位置的偏差,Diagnosis
3377,舵机转舵时间超过28秒,Symptom
3378,液压系统压力不足,Cause
3379,润滑机械传动部分,Repair
3380,调整液压压力,Repair
3381,机械传动部分卡滞,Cause
3382,检查液压系统压力和机械传动部分,Diagnosis
3383,舵机跑舵、冲舵、不回舵或振荡,Symptom
3384,机械部件磨损,Cause
3385,更换磨损部件,Repair
3386,调整控制系统参数,Repair
3387,控制系统参数设置不当,Cause
3388,检查控制系统参数和机械部件状态,Diagnosis
3389,舵机转舵时异常声音,Symptom
3390,机械传动部分润滑不足,Cause
3391,加注润滑油,Repair
3392,部件损坏,Cause
3393,检查机械传动部分的润滑和部件状态,Diagnosis
3394,电动机运转声音异常或温升过高,Symptom
3395,电动机轴承磨损,Cause
3396,调整负载,Repair
3397,检查电动机轴承和负载情况,Diagnosis
3398,电磁阀或伺服马达工作异常,Symptom
3399,伺服马达控制信号异常,Cause
3400,修复控制信号,Repair
3401,电磁阀线圈损坏,Cause
3402,状态,Diagnosis
3403,检查电磁阀和伺服马达的控制信号,Diagnosis
3404,位开关等动作不可靠,Symptom
3405,电气连接不良,Cause
3406,更换磨损的机械部件,Repair
3407,更换不良的电气连接,Repair
3408,更换老化的开关,Repair
3409,开关老化,Cause
3410,测量电气连接的导通性,Diagnosis
3411,观察开关的使用频率和老化情况,Diagnosis
3412,检查开关的机械动作,Diagnosis
3413,仪表读数、机组运行指示、舵角指示等装置工作不正常,Symptom
3414,更换故障的传感器,Repair
3415,更换损坏的仪表,Repair
3416,仪表损坏,Cause
3417,检查电气连接的导通性,Diagnosis
3418,测试传感器的输出信号,Diagnosis
3419,检查仪表的电源供应,Diagnosis
3420,舵机电气系统维护不及时,Symptom
3421,维护记录不完整,Cause
3422,完善维护记录,Repair
3423,制定并遵守维护计划,Repair
3424,执行规定的维护内容,Repair
3425,维护周期未遵守,Cause
3426,维护内容未执行,Cause
3427,检查维护记录,Diagnosis
3428,确认维护周期,Diagnosis
3429,核实维护内容,Diagnosis
3430,自动舵故障,Symptom
3431,结构复杂导致检修困难,Cause
3432,修复线路故障,Repair
3433,寻求专业检修,Repair
3434,重新调整自动舵,Repair
3435,调整不当,Cause
3436,逐步缩小故障范围,Diagnosis
3437,分析自动舵原理,Diagnosis
3438,舵角不动,Symptom
3439,各种电子元件故障,Cause
3440,检查操纵杆开关,Repair
3441,检查泵马达,Repair
3442,检查系统选择开关,Repair
3443,电源开路,Cause
3444,短线（断路)短路,Cause
3445,检查继电器单元,Diagnosis
3446,检查报警指示位置,Diagnosis
3447,检查报警电路电源PCB,Diagnosis
3448,检查指示灯驱动PCB,Diagnosis
3449,舵角无规律变动,Symptom
3450,相位不合,Cause
3451,调整放大器增益,Repair
3452,检查并更换失灵元件,Repair
3453,放大器增益整定值不当,Cause
3454,系统内元件失灵,Cause
3455,检查线性同步马达,Diagnosis
3456,检查模式选择开关,Diagnosis
3457,舵角摆动,Symptom
3458,自动舵执行机构运行不灵活,Cause
3459,更换执行机构,Repair
3460,检查限位开关,Diagnosis
3461,舵角有时不能操作,Symptom
3462,应急操舵方式故障,Cause
3463,更换故障PCB,Repair
3464,检查自动PCB,Diagnosis
3465,检查EX PCB,Diagnosis
3466,检查主PCB,Diagnosis
3467,舵角有时只能朝一个方向运动,Symptom
3468,手动操舵方式故障,Cause
3469,检查操纵杆开关,Diagnosis
3470,检查泵马达,Diagnosis
3471,指示报警,Symptom
3472,主电源故障,Cause
3473,修复主电源问题,Repair
3474,接触器故障报警,Symptom
3475,PCB故障,Cause
3476,更换PCB,Repair
3477,舵叶偏转方向与手柄转动方向不一致,Symptom
3478,限位开关位置不准确,Cause
3479,调整限位开关位置,Repair
3480,使其能使舵叶停在左右35°处,Repair
3481,若误差过大应予调整,Repair
3482,机械传动装置故障,Cause
3483,舵角指示器误差,Cause
3484,检查舵角指示器是否能准确反映舵角,Diagnosis
3485,检查限位开关动作是否准确,Diagnosis
3486,检查舵叶偏转方向是否与手柄转动方向一致,Diagnosis
3487,检查机械传动装置动作是否灵活,Diagnosis
3488,满舵操作时间超过28s,Symptom
3489,舵机液压系统故障,Cause
3490,确保舵叶偏转时间不大于28s,Repair
3491,调整舵机液压系统,Repair
3492,舵叶偏转速度不符合技术规范,Cause
3493,再从右满舵到左满舵,Diagnosis
3494,记录舵叶偏转时间,Diagnosis
3495,左满舵到右满舵,Diagnosis
3496,进行满舵操作试验：从零向左和从零向右至满舵,Diagnosis
3497,应急操舵调试中舵角指示器工作不正常,Symptom
3498,舵角指示器故障,Cause
3499,确保应急操舵系统连接正确,Repair
3500,检查并修复舵角指示器,Repair
3501,应急操舵系统连接错误,Cause
3502,核对舵角指示器工作是否正常,Diagnosis
3503,按步骤进行应急操舵调试,Diagnosis
3504,合上相应开关,Diagnosis
3505,随动操舵中舵角与舵角指示器的指示误差,Symptom
3506,系统振荡,Cause
3507,重新校准舵角指示器,Repair
3508,调整系统参数以减少振荡,Repair
3509,舵角指示器校准错误,Cause
3510,检查舵角指示器指示舵角与实际叶偏转角度是否相同,Diagnosis
3511,检查偏舵方向是否与手轮转动方向一致,Diagnosis
3512,转动随动操舵手轮,Diagnosis
3513,检查系统有无振荡,Diagnosis
3514,自动操舵中舵叶不偏转至给定角度,Symptom
3515,航向改变旋钮故障,Cause
3516,航向改变旋钮,Repair
3517,调整灵敏度调节至适当位置,Repair
3518,检查并修复压舵旋钮,Repair
3519,压舵旋钮,Cause
3520,灵敏度调节不当,Cause
3521,转动压舵旋钮,Diagnosis
3522,将压舵旋钮置零位,Diagnosis
3523,航向改变旋钮,Diagnosis
3524,用随动操舵使舵叶置零位,Diagnosis
3525,选择开关扳向“自动”位置,Diagnosis
3526,观察舵叶偏转,Diagnosis
3527,锅炉点火系统故障,Symptom
3528,光敏元件透光度不良,Cause
3529,更换光敏元件,Repair
3530,确保顺序控制器程序动作灵活可靠,Repair
3531,调整点火棒间隙,Repair
3532,顺序控制器程序动作不灵活,Cause
3533,绝缘性能问题,Cause
3534,点火棒间隙,Cause
3535,光敏元件和电磁阀的工作情况,Diagnosis
3536,棒极的绝缘性能,Diagnosis
3537,检查顺序控制器的程序动作是否灵活可靠,Diagnosis
3538,检查点火棒间隙,Diagnosis
3539,锅炉给水系统故障,Symptom
3540,水位传感器故障,Cause
3541,确保水密良好,Repair
3542,更换自动给水控制器,Repair
3543,水位传感器,Repair
3544,自动给水控制器,Cause
3545,水密不良,Cause
3546,检查自动给水控制器,Diagnosis
3547,水位传感器的动作是否灵敏可靠,Diagnosis
3548,检查水密是否良好,Diagnosis
3549,风油调节装置故障,Symptom
3550,机械传动故障,Cause
3551,调整比例式压力调节器的压力上下限整定值,Repair
3552,更换故障电器元件,Repair
3553,比例式压力调节器整定值不符,Cause
3554,电器元件,Cause
3555,检查比例式压力调节器的压力上下限整定值是否符合要求,Diagnosis
3556,机械传动应灵活牢固,Diagnosis
3557,检查电器元件,Diagnosis
3558,废气锅炉机械传动故障,Symptom
3559,三相换向阀的电气,Cause
3560,机械传动部分,Repair
3561,更换三相换向阀的电气,Repair
3562,机械传动部分故障,Cause
3563,检查三相换向阀的电气,Diagnosis
3564,机械传动部分是否灵活可靠,Diagnosis
3565,汽压和汽温不能自动维持正常值，波动比较大,Symptom
3566,风油比例调节器工作不正常,Cause
3567,根据检查结果修复,Repair
3568,检查回油调节阀是否卡死,Diagnosis
3569,检查电动比例操作器,Diagnosis
3570,其本身工作是否正常,Diagnosis
3571,它所带动的电位器的滑动触点是否接触良好,Diagnosis
3572,风油挡板连接螺钉是否松脱,Diagnosis
3573,伺服电机工作是否正常,Diagnosis
3574,运动部件是否被卡死,Diagnosis
3575,它所带动的反馈电位器的滑动触点是否接触良好,Diagnosis
3576,检查压力调节器的整定值是否变化,Diagnosis
3577,其控制电路各器件是否有损坏,Diagnosis
3578,锅炉点火过于频繁,Symptom
3579,压力继电器的上下限值偏差太小,Cause
3580,修复电动比例操作器,Repair
3581,调整压力继电器的上下限值,Repair
3582,电动比例操作器不能随蒸汽压力的变化而自动调节风油比例,Cause
3583,检查压力继电器的上下限值设定,Diagnosis
3584,检查电动比例操作器的调节功能,Diagnosis
3585,锅炉不能按原先的设定值点火、熄火,Symptom
3586,下限值调整出现偏离,Cause
3587,重新调整压力继电器,Repair
3588,比例调节系统参数,Repair
3589,是比例调节系统参数调整不当,Cause
3590,压力继电器上,Cause
3591,检查比例调节系统参数,Diagnosis
3592,锅炉点火失败,Symptom
3593,油路故障,Cause
3594,电路,Cause
3595,油温是否过低,Diagnosis
3596,其引线的对地绝缘和相互间绝缘,Diagnosis
3597,检查点火火花,Diagnosis
3598,检查控制电路,Diagnosis
3599,检查电极,Diagnosis
3600,油温继电器是否失效,Diagnosis
3601,其控制回路,Diagnosis
3602,检查电磁阀是否有工作电压,Diagnosis
3603,检查油头电磁阀是否动作,Diagnosis
3604,重点检查油压继电器是否动作,Diagnosis
3605,检查点火变压器,Diagnosis
3606,油压是否建立,Diagnosis
3607,喷油器,Equipment
3608,点不着火,Symptom
3609,黏度大,Cause
3610,调整燃油压力,Repair
3611,清理管路,Repair
3612,清理,Repair
3613,预热燃油,Repair
3614,更换油嘴,Repair
3615,燃油压力不足,Cause
3616,管路堵塞,Cause
3617,燃油温度过低,Cause
3618,油嘴堵塞,Cause
3619,燃油压力是否充足,Diagnosis
3620,检查油嘴是否堵塞,Diagnosis
3621,检查油嘴是否喷油,Diagnosis
3622,燃油温度和黏度是否正常,Diagnosis
3623,管路是否堵塞,Diagnosis
3624,锅炉不能自动启动,Symptom
3625,液位继电器等）,Cause
3626,检查并更换故障外围电气元件,Repair
3627,更换时序控制器,Repair
3628,复位安全保护元件,Repair
3629,安全保护元件动作,Cause
3630,温度,Cause
3631,时序控制器故障,Cause
3632,外围电气元件故障（压力,Cause
3633,检查时序控制器,Diagnosis
3634,相关外围电气元件,Diagnosis
3635,检查安全保护元件,Diagnosis
3636,切换到手动模式检查是否启动,Diagnosis
3637,锅炉点火燃烧后运行期间突然熄火,Symptom
3638,火焰传感器老化,Cause
3639,更换火焰传感器,Repair
3640,更换燃油电磁阀线圈,Repair
3641,更换火焰监视电路元件,Repair
3642,更换操作器,Repair
3643,更换程序控制器,Repair
3644,调整风门机械拉杆,Repair
3645,风油比例控制故障,Cause
3646,风门机械拉杆调整不当,Cause
3647,燃油电磁阀线圈烧坏,Cause
3648,程序控制器故障,Cause
3649,火焰监视电路元件损坏,Cause
3650,感光窗,Diagnosis
3651,检查火焰监视电路,Diagnosis
3652,检查火焰传感器,Diagnosis
3653,检查程序控制器,Diagnosis
3654,检查风门机械拉杆,Diagnosis
3655,检查风油比例控制操作器,Diagnosis
3656,检查燃油电磁阀线圈,Diagnosis
3657,极限低水位,Symptom
3658,液位控制器故障,Cause
3659,更换液位控制器,Repair
3660,检查液位控制器,Diagnosis
3661,蒸汽压力过高,Symptom
3662,压力调节器故障,Cause
3663,更换压力调节器,Repair
3664,检查压力调节器,Diagnosis
3665,点火失败、异常熄火,Symptom
3666,火焰传感器故障,Cause
3667,燃油压力过低,Symptom
3668,油路压力继电器故障,Cause
3669,更换油路压力继电器,Repair
3670,检查油路压力继电器,Diagnosis
3671,燃油温度过高或过低,Symptom
3672,温度调节器故障,Cause
3673,更换温度调节器,Repair
3674,检查温度调节器,Diagnosis
3675,高压油泵与风机、叶轮连接处异常,Symptom
3676,电动机带动风机叶轮和油泵旋转不协调,Cause
3677,风机叶轮和油泵的旋转同步性,Repair
3678,更换损坏的柔性联轴器,Repair
3679,调整电动机,Repair
3680,更换燃油增压系统故障部件,Repair
3681,燃油增压系统故障,Cause
3682,柔性联轴器损坏,Cause
3683,确认电动机,Diagnosis
3684,风机叶轮和油泵的旋转是否同步,Diagnosis
3685,检查柔性联轴器的磨损和损坏情况,Diagnosis
3686,检查燃油增压系统的工作状态,Diagnosis
3687,风门控制器无法正常控制风门角度,Symptom
3688,风门伺服电动机故障,Cause
3689,更换损坏的联结轴,Repair
3690,更换凸轮位置开关,Repair
3691,更换风门伺服电动机,Repair
3692,联结轴损坏,Cause
3693,凸轮位置开关信号异常,Cause
3694,检查联结轴的连接和损坏情况,Diagnosis
3695,测试凸轮位置开关信号,Diagnosis
3696,检查风门伺服电动机的工作状态,Diagnosis
3697,喷油嘴电磁阀无法正常开启或关闭,Symptom
3698,喷油嘴堵塞,Cause
3699,更换损坏的电磁阀线圈,Repair
3700,修复电源供应问题,Repair
3701,更换喷油嘴,Repair
3702,电源供应问题,Cause
3703,电磁阀线圈故障,Cause
3704,检查电磁阀线圈的通断情况,Diagnosis
3705,确认电源供应是否正常,Diagnosis
3706,检查喷油嘴的清洁度,Diagnosis
3707,点火变压器无法产生高压火花,Symptom
3708,点火电极间距离不当,Cause
3709,调整点火电极至适当距离,Repair
3710,更换变压器次级,Repair
3711,修复变压器初级通电问题,Repair
3712,变压器次级故障,Cause
3713,变压器初级通电异常,Cause
3714,检查变压器次级的高压输出,Diagnosis
3715,确认变压器初级通电情况,Diagnosis
3716,调整点火电极间的距离,Diagnosis
3717,燃烧自动控制无法启动,Symptom
3718,燃烧条件不满足,Cause
3719,确保所有燃烧条件满足,Repair
3720,修复控制电路电源问题,Repair
3721,更换启动/复位继电器,Repair
3722,启动/复位继电器故障,Cause
3723,控制电路电源问题,Cause
3724,检查启动/复位继电器的工作状态,Diagnosis
3725,检查燃烧条件是否满足,Diagnosis
3726,确认控制电路电源供应,Diagnosis
3727,前扫气和后扫气时间继电器工作异常,Symptom
3728,风机接触器问题,Cause
3729,修复风门控制继电器问题,Repair
3730,更换风机接触器,Repair
3731,更换故障的时间继电器,Repair
3732,风门控制继电器故障,Cause
3733,检查时间继电器的定时功能,Diagnosis
3734,测试风门控制继电器的动作,Diagnosis
3735,确认风机接触器的工作状态,Diagnosis
3736,风门停留在最大位置,Symptom
3737,继电器KM故障,Cause
3738,更换凸轮Ⅲ位置开关,Repair
3739,检修,Repair
3740,更换继电器KM,Repair
3741,更换风门电动机M,Repair
3742,风门电动机M停转,Cause
3743,凸轮Ⅲ顶开90°位置开关触点故障,Cause
3744,测试风门电动机M是否运转,Diagnosis
3745,检查凸轮Ⅲ位置开关触点是否正常,Diagnosis
3746,检查继电器KM的触点状态,Diagnosis
3747,点火失败,Symptom
3748,火焰检测继电器3KM未动作,Cause
3749,更换点火变压器5T,Repair
3750,更换喷嘴电磁阀5Y4,Repair
3751,更换火焰检测继电器3KM,Repair
3752,点火变压器5T故障,Cause
3753,喷嘴电磁阀5Y4故障,Cause
3754,检查点火变压器5T的输出,Diagnosis
3755,测试火焰检测继电器3KM是否接收信号,Diagnosis
3756,检查喷嘴电磁阀5Y4的工作状态,Diagnosis
3757,风门无法关小,Symptom
3758,风门电动机M故障,Cause
3759,更换凸轮Ⅱ位置开关,Repair
3760,更换继电器5KT,Repair
3761,继电器5KT故障,Cause
3762,凸轮Ⅱ位置开关故障,Cause
3763,测试继电器5KT的延时功能,Diagnosis
3764,检查风门电动机M的运转情况,Diagnosis
3765,检查凸轮Ⅱ位置开关的触点状态,Diagnosis
3766,火焰不稳定,Symptom
3767,火焰稳定时间继电器5KM1o故障,Cause
3768,更换压力调节开关5P,Repair
3769,更换喷嘴,Repair
3770,更换火焰稳定时间继电器5KM1o,Repair
3771,压力调节开关5P故障,Cause
3772,喷嘴堵塞,Cause
3773,检查喷嘴的喷油情况,Diagnosis
3774,测试压力调节开关5P的动作值,Diagnosis
3775,检查火焰稳定时间继电器5KM1o的触点,Diagnosis
3776,蒸汽压力无法上升,Symptom
3777,压力调节开关5P未动作,Cause
3778,更换风门开继电器KM,Repair
3779,更换喷嘴电磁阀,Repair
3780,风门开继电器KM故障,Cause
3781,喷嘴电磁阀未接通,Cause
3782,检查压力调节开关5P的触点状态,Diagnosis
3783,测试风门开继电器KM的工作情况,Diagnosis
3784,检查喷嘴电磁阀的接通状态,Diagnosis
3785,返回，又调节到大火燃烧,Symptom
3786,压力开关4P返回,Cause
3787,确认压力开关4P的设定值是否正确,Repair
3788,必要时调整,Repair
3789,更换压力开关,Repair
3790,触点闭合,Cause
3791,检查压力开关4P的动作是否正常,Diagnosis
3792,确认蒸汽压力是否降至压力下限,Diagnosis
3793,正常熄火后蒸汽压力上升至上限,Symptom
3794,压力开关4P动作,Cause
3795,检查蒸汽使用系统是否有异常,Repair
3796,调整压力开关4P的设定值,Repair
3797,常闭触点断开,Cause
3798,确认蒸汽用量是否过小,Diagnosis
3799,检查压力开关4P的动作和设定值,Diagnosis
3800,故障熄火后风门未开大,Symptom
3801,控制风门开大的电源被切断,Cause
3802,直接接到电源上,Repair
3803,断开4KMs常开触点与燃烧条件的连接,Repair
3804,确认故障类型,Diagnosis
3805,检查4KMs常开触点与燃烧条件的连接,Diagnosis
3806,手动操作时无法按顺序进行,Symptom
3807,操作方式选择开关4SAs未正确切换,Cause
3808,小火和大火的顺序操作,Repair
3809,点火,Repair
3810,每一步完成后进行下一步,Repair
3811,确保按照扫气,Repair
3812,检查4SAs的触点连接和操作顺序,Diagnosis
3813,手动扫气时间不足,Symptom
3814,操作者未保持扫气位足够时间,Cause
3815,操作时保持扫气位至少30秒,Repair
3816,确保充分扫气,Repair
3817,确认扫气时间是否不少于30秒,Diagnosis
3818,气开大风门的操作自动进行,Symptom
3819,4SAs触点19,Cause
3820,更换4SAs触点19,Repair
3821,更换凸轮Ⅲ的常闭触点,Repair
3822,更换风门继电器KM,Repair
3823,20,Repair
3824,更换4KMs的常开触点,Repair
3825,M停转,Cause
3826,经凸轮Ⅲ的常闭触点,Cause
3827,风门开到最大,Cause
3828,凸轮Ⅲ顶开90°位置开关触点,Cause
3829,输出常开触点接通电源,Cause
3830,20,Cause
3831,接通风门继电器KM动作,Cause
3832,控制风门电动机M运转,Cause
3833,电源经4KMs的常开触点（图上4KMs）,Cause
3834,断开M,Cause
3835,检查凸轮Ⅲ的常闭触点是否正常,Diagnosis
3836,检查风门电动机M是否运转,Diagnosis
3837,检查4SAs触点19,Diagnosis
3838,检查风门继电器KM是否动作,Diagnosis
3839,检查4KMs的常开触点是否正常,Diagnosis
3840,20是否接通,Diagnosis
3841,操作方式选择开关4SA，置点火位，点火时限、关小风门、延时喷油操作自动进行,Symptom
3842,4SAs在自动和点火位,Cause
3843,更换4SAs触点7,Repair
3844,更换4SAs触点5,Repair
3845,更换4KMs的自保触点,Repair
3846,更换4KMs常开触点,Repair
3847,更换点火时限继电器5KT和点火变压器5T,Repair
3848,电源经4KMs常开触点,Cause
3849,保持风机运转,Cause
3850,6通过4KMs的自保触点,Cause
3851,4SAs触点7,Cause
3852,接通点火时限继电器5KT,Cause
3853,和点火变压器5T,Cause
3854,这两点都是接通的,Cause
3855,4SAs触点5,Cause
3856,6是否正常,Diagnosis
3857,检查4KMs的自保触点是否正常,Diagnosis
3858,检查点火时限继电器5KT和点火变压器5T是否正常,Diagnosis
3859,检查4SAs触点7,Diagnosis
3860,检查4KMs常开触点是否正常,Diagnosis
3861,8是否接通,Diagnosis
3862,检查4SAs触点5,Diagnosis
3863,操作控制选择开关4SAs置小火位，点火是在风门小火位置和1号喷嘴电磁阀工作条件下进行,Symptom
3864,安全保护无论是自动,Cause
3865,更换火焰故障和空气压力低故障检测电路,Repair
3866,调整风门小火位置,Repair
3867,更换1号喷嘴电磁阀,Repair
3868,检查并修复锅炉运行状态,Repair
3869,小火基本保持点火的状态,Cause
3870,火焰故障和空气压力低故障,Cause
3871,锅炉不运行和点火之前被阻塞,Cause
3872,手动都起作用,Cause
3873,检查锅炉运行状态,Diagnosis
3874,检查1号喷嘴电磁阀是否工作,Diagnosis
3875,检查风门小火位置是否正常,Diagnosis
3876,检查火焰故障和空气压力低故障检测电路,Diagnosis
3877,手动操作这个电路仍起作用,Symptom
3878,常开触点并联接人检测,Cause
3879,12,Repair
3880,更换4SAs的触点11,Repair
3881,更换5KM常开触点,Repair
3882,通过4SAs的触点11,Cause
3883,12与5KM,Cause
3884,电路设计在小火和大火位置,Cause
3885,检查5KM常开触点是否正常,Diagnosis
3886,12是否正常,Diagnosis
3887,检查4SAs的触点11,Diagnosis
3888,2KM 水拉过高故障,Symptom
3889,蒸汽压力过高,Cause
3890,检查水位和蒸汽压力,Repair
3891,确保水位正常且蒸汽压力在设定范围内,Repair
3892,水位过低,Cause
3893,经检测继电器4KM3确认2s,Diagnosis
3894,4KM3动作并自保,Diagnosis
3895,检测电路接人,Diagnosis
3896,火焰检测继电器3KM不动作,Diagnosis
3897,动作并自保,Diagnosis
3898,如果空气压力低,Diagnosis
3899,输出切断燃烧,Diagnosis
3900,常闭触点接通4KM,Diagnosis
3901,如果无火焰,Diagnosis
3902,动作输出接通4KM3,Diagnosis
3903,报警,Diagnosis
3904,火焰故障信号,Symptom
3905,火焰检测继电器3KM不动作,Cause
3906,确保火焰检测继电器3KM正常工作,Repair
3907,检查火焰是否正常燃烧,Repair
3908,火焰熄灭,Cause
3909,常闭触点是否接通4KM,Diagnosis
3910,检查火焰检测继电器3KM是否动作,Diagnosis
3911,风门电动机M不运转,Symptom
3912,操作方式选择开关4SAs触点故障,Cause
3913,确保风门电动机M正常运转,Repair
3914,更换故障的开关,Repair
3915,凸轮位置开关故障,Cause
3916,20是否接通风门继电器KM,Diagnosis
3917,检查操作方式选择开关4SAs触点19,Diagnosis
3918,检查凸轮Ⅲ位置开关是否正常,Diagnosis
3919,燃烧器壳体铰链未合,Symptom
3920,连锁开关3P4故障,Cause
3921,确保燃烧器壳体铰链合上,Repair
3922,更换故障的连锁开关3P4,Repair
3923,燃烧器未在工作位置,Cause
3924,连锁开关3P4的推动钮杆是否被压下,Diagnosis
3925,检查燃烧器壳体铰链是否合上,Diagnosis
3926,蒸汽压力低,Symptom
3927,蒸汽压力低于设定值,Cause
3928,更换故障的压力开关3Ps,Repair
3929,调整蒸汽压力至设定值,Repair
3930,压力开关3Ps故障,Cause
3931,常闭触点是否闭合,Diagnosis
3932,检查压力开关3Ps是否返回,Diagnosis
3933,火焰故障,Symptom
3934,信号继电器3KM不动作,Cause
3935,更换火焰检测器3A,Repair
3936,确保火焰故障保护正常工作,Repair
3937,信号继电器3KM,Repair
3938,火焰检测器3A故障,Cause
3939,检查火焰检测器3A的输出,Diagnosis
3940,确认信号继电器3KM是否动作,Diagnosis
3941,空气压力低,Symptom
3942,空气压力开关4B返回,Cause
3943,检查信号继电器4KM3,Repair
3944,其电路,Repair
3945,更换空气压力开关4B,Repair
3946,信号继电器4KM3未动作,Cause
3947,检查空气压力开关4B的状态,Diagnosis
3948,确认信号继电器4KM3是否在2s内动作,Diagnosis
3949,水位过高,Symptom
3950,水位信号继电器2KT未在15s内动作,Cause
3951,时报警,Repair
3952,更换水位信号继电器2KT,Repair
3953,确保水位过高时能,Repair
3954,检查水位信号继电器2KT的启动和动作时间,Diagnosis
3955,风机电动机过载,Symptom
3956,热继电器1FRz常闭触点断开,Cause
3957,更换热继电器1FRz,Repair
3958,确保信号继电器3KM4h正常工作,Repair
3959,检查电动机负载,Repair
3960,信号继电器3KM4h释放,Cause
3961,检查热继电器1FRz的状态,Diagnosis
3962,确认信号继电器3KM4h是否释放,Diagnosis
3963,故障报警信号，鸣音器HA响，灯3HL²亮,Symptom
3964,系统检测到故障,Cause
3965,按下消音按钮3SBg,Repair
3966,检查并修复故障源,Repair
3967,确保报警系统正常工作,Repair
3968,消音按钮3SBg未按下,Cause
3969,信号继电器3KM的状态,Diagnosis
3970,检查消音按钮3SBg,Diagnosis
3971,压缩机停机,Symptom
3972,压力继电器动作,Cause
3973,确保压缩机在正常压力范围内运行,Repair
3974,更换压力继电器,Repair
3975,吸入端压力过低,Cause
3976,确认压力继电器是否动作,Diagnosis
3977,检查压缩机吸入端压力,Diagnosis
3978,压缩机无法启动,Symptom
3979,压力继电器未动作,Cause
3980,确保压缩机在正常压力范围内启动,Repair
3981,吸入端压力过高,Cause
3982,确认压力继电器是否未动作,Diagnosis
3983,冷却水压力不足报警,Symptom
3984,冷却水压力开关故障,Cause
3985,更换冷却水压力开关,Repair
3986,检查冷却水系统确保压力正常,Repair
3987,冷却水系统问题,Cause
3988,冷却水系统状态,Diagnosis
3989,检查冷却水压力开关,Diagnosis
3990,滑油压力过低报警,Symptom
3991,滑油压力开关故障,Cause
3992,检查滑油系统确保压力正常,Repair
3993,更换滑油压力开关,Repair
3994,滑油系统问题,Cause
3995,滑油系统状态,Diagnosis
3996,检查滑油压力开关,Diagnosis
3997,制冷剂吸入压力过低报警,Symptom
3998,制冷剂不足,Cause
3999,修复泄漏点,Repair
4000,确保系统压力正常,Repair
4001,补充制冷剂,Repair
4002,系统泄漏,Cause
4003,检查制冷剂压力,Diagnosis
4004,系统是否有泄漏,Diagnosis
4005,液化压力过高报警,Symptom
4006,制冷剂过多,Cause
4007,调整制冷剂量,Repair
4008,确保压力正常,Repair
4009,修复冷凝器,Repair
4010,冷凝器故障,Cause
4011,检查冷凝器状态,Diagnosis
4012,制冷剂量,Diagnosis
4013,继电器触头接触不良,Symptom
4014,确保接触良好,Repair
4015,更换继电器触头,Repair
4016,触头脏污,Cause
4017,检查继电器触头状态,Diagnosis
4018,整定值偏差过大,Symptom
4019,继电器整定值未校准,Cause
4020,确保动作可靠,Repair
4021,重新校准继电器整定值,Repair
4022,检查继电器整定值,Diagnosis
4023,声光报警系统故障,Symptom
4024,元件故障,Cause
4025,报警系统电路,Cause
4026,检查声光报警系统电路,Diagnosis
4027,元件,Diagnosis
4028,电动机过载,Cause
4029,确保电动机正常运行,Repair
4030,检查电动机负载,Diagnosis
4031,散热系统,Diagnosis
4032,回风调温开关故障,Cause
4033,确保压缩机连锁保护回路导通,Repair
4034,启动风机,Repair
4035,修复风机不转的故障,Repair
4036,检查并修复回风调温开关,Repair
4037,检查并修复中间继电器4/2（15）,Repair
4038,中间继电器4/2（15）未动作,Cause
4039,风机未启动,Cause
4040,压缩机连锁保护回路未导通,Cause
4041,检查中间继电器4/2（15）是否动作,Diagnosis
4042,若风机不转,Diagnosis
4043,排除风机不转的故障,Diagnosis
4044,若风机运转,Diagnosis
4045,检查风机是否运转,Diagnosis
4046,检查压缩机连锁保护回路是否导通,Diagnosis
4047,检查回风调温开关是否正常工作,Diagnosis
4048,启动控制线路（10）没有电压,Symptom
4049,常开触点88/F(8)故障,Cause
4050,更换常开触点88/F(8),Repair
4051,检查控制屏上压缩机保护连锁电路不正常指示灯RL/C(6)是否灭,Diagnosis
4052,压缩机保护连锁电路不正常指示灯RL/C（6）已灭,Symptom
4053,继电器（6)有电吸合,Cause
4054,常开触点4/2（6）RL/C灯（6）,Repair
4055,更换继电器（6),Repair
4056,常开触点4/2（6）RL/C灯（6）故障,Cause
4057,检查压缩机启动控制电路（10）,Diagnosis
4058,压缩机保护连锁电路不正常指示灯RL/C（6）亮,Symptom
4059,连锁保回路（15）故障,Cause
4060,更换连锁保护回路（15）相关部件,Repair
4061,检查连锁保护回路（15）,Diagnosis
4062,按下启动按钮3C/C（12），继电器4/1不动作,Symptom
4063,压缩机电源空气开关的辅助触点52C/AUX（12）,Cause
4064,停车按钮3T/C（12）,Cause
4065,继电器4/2（12）的常开触点,Cause
4066,继电器4/1线圈,Cause
4067,接线柱故障,Cause
4068,检查停车按钮3T/C（12）,Diagnosis
4069,压缩机电源空气开关的辅助触点52C/AUX（12）,Diagnosis
4070,接线柱,Diagnosis
4071,继电器4/2（12）的常开触点,Diagnosis
4072,继电器4/1线圈,Diagnosis
4073,按下启动按钮3C/C（12），继电器4/1动作,Symptom
4074,常开触点4/1（13）,Cause
4075,相应接线柱故障,Cause
4076,继电器88/CX（14）,Cause
4077,接触器88/C,Cause
4078,温度调节器开关23LH（13）,Cause
4079,相应接线柱,Diagnosis
4080,继电器88/CX（14）,Diagnosis
4081,检查常开触点4/1（13）,Diagnosis
4082,接触器88/C,Diagnosis
4083,温度调节器开关23LH（13）,Diagnosis
4084,连锁保护回路（15）故障,Symptom
4085,压缩机电机绕组热保护开关49H（15）,Cause
4086,油压开关63QLH（15）故障,Cause
4087,常开触点88/C故障短路,Cause
4088,海水泵不工作,Cause
4089,63CL（15）,Cause
4090,高低压开关63CH,Cause
4091,水压开关P1（15）故障,Cause
4092,热继电器触点51/C（15）,Cause
4093,继电器4/2线圈,Cause
4094,压缩机电机绕组热保护开关49H（15）,Diagnosis
4095,63CL（15）,Diagnosis
4096,水压开关P1（15）,Diagnosis
4097,常开触点88/C,Diagnosis
4098,检查海水泵,Diagnosis
4099,油压开关63QLH（15）,Diagnosis
4100,高低压开关63CH,Diagnosis
4101,热继电器触点51/C（15）,Diagnosis
4102,继电器4/2线圈,Diagnosis
4103,空调系统工作时，舱室温度比较高,Symptom
4104,参数飘移,Cause
4105,调整温度调节器开关23LH13）设定值,Repair
4106,修复参数飘移,Repair
4107,温度调节器开关23LH13）设定值较高,Cause
4108,检查温度调节器开关23LH13）设定值,Diagnosis
4109,压缩机处于卸载工作状态，制冷量不够,Symptom
4110,20S/2（22）线路故障,Cause
4111,供液电磁阀线路,Repair
4112,修复自动卸载开关,Repair
4113,调整卸载方式选择开关,Repair
4114,供液电磁阀20S/1（21）,Cause
4115,自动卸载开关63CU1（18）和63CU2（20）工作不可靠,Cause
4116,卸载方式选择开关-43u1（17）和43u2（19）置于“UNLOAD”位置,Cause
4117,自动卸载开关63CU1（18）和63CU2（20）,Diagnosis
4118,检查卸载方式选择开关-43u1（17）和43u2（19）,Diagnosis
4119,20S/2（22）线路,Diagnosis
4120,供液电磁阀20S/1（21）,Diagnosis
4121,通用报警装置无法发出声响和灯光信号,Symptom
4122,应急电源故障,Cause
4123,更换关闭器触头,Repair
4124,更换接触器,Repair
4125,更换馈电干线,Repair
4126,更换应急电源,Repair
4127,馈电干线电流容量不足,Cause
4128,接触器常开触头未闭合,Cause
4129,关闭器触头接触不良,Cause
4130,检查馈电干线电流容量是否足够,Diagnosis
4131,检查接触器常开触头是否闭合,Diagnosis
4132,测试应急电源是否正常工作,Diagnosis
4133,检查关闭器触头是否接触良好,Diagnosis
4134,通用紧急报警控制器无法输出信号,Symptom
4135,信号输出线路断路,Cause
4136,恢复主电源供电,Repair
4137,修复信号输出线路,Repair
4138,更换按键开关,Repair
4139,按键开关故障,Cause
4140,主电源失电,Cause
4141,检查按键开关是否正常工作,Diagnosis
4142,检查信号输出线路是否断路,Diagnosis
4143,检查主电源是否正常供电,Diagnosis
4144,扬声器无法放出不同节奏频率的音响信号,Symptom
4145,音响信号发生器故障,Cause
4146,更换音响信号发生器,Repair
4147,修复广播系统连接,Repair
4148,扬声器损坏,Cause
4149,广播系统连接故障,Cause
4150,测试音响信号发生器是否正常工作,Diagnosis
4151,检查扬声器是否损坏,Diagnosis
4152,检查广播系统连接是否正常,Diagnosis
4153,外接输入端设备无法工作,Symptom
4154,外接设备损坏,Cause
4155,更换外接设备,Repair
4156,修复外接输入端线路,Repair
4157,修复控制器输入端,Repair
4158,外接输入端线路故障,Cause
4159,控制器输入端故障,Cause
4160,检查控制器输入端是否正常,Diagnosis
4161,检查外接输入端线路是否正常,Diagnosis
4162,测试外接设备是否正常工作,Diagnosis
4163,遥控启动/停止按钮只有一个按钮好用,Symptom
4164,遥控按钮的公共线连接不正确,Cause
4165,确保公共线连接正确,Repair
4166,检查遥控按钮的公共线连接,Diagnosis
4167,遥控按钮和控制板上启动操作没有反应,Symptom
4168,遥控启动/停止按钮接于常闭触点,Cause
4169,将触点改为常开触点,Repair
4170,检查遥控启动/停止按钮的触点类型,Diagnosis
4171,启动操作后，遥控启动/停止按钮指示灯亮，控制板上指示灯不亮,Symptom
4172,电源极性接反,Cause
4173,改正电源极性,Repair
4174,检查电源极性,Diagnosis
4175,通电前检查发现元件接线不正确或不牢固,Symptom
4176,接线松动,Cause
4177,清洁干净,Repair
4178,系统完整绝缘良好,Repair
4179,牢固,Repair
4180,确保安装正确,Repair
4181,安装错误,Cause
4182,检查所有元件接线,Diagnosis
4183,通电前测量发现电源侧短路或极性不正确,Symptom
4184,电源侧短路,Cause
4185,极性正确,Repair
4186,确保无短路现象,Repair
4187,极性错误,Cause
4188,测量电源侧,Diagnosis
4189,通电调试时时间继电器延时不符合要求,Symptom
4190,时间继电器设置不正确,Cause
4191,将时间继电器27min延时调至2 min,Repair
4192,KT²调至1min,Repair
4193,检查时间继电器设置,Diagnosis
4194,控制板功能调试时继电器或指示灯不动作,Symptom
4195,电源电压不正常,Cause
4196,接线正确,Repair
4197,确保电源电压正常,Repair
4198,接线错误,Cause
4199,检查继电器和指示灯接线,Diagnosis
4200,测量电源24V电压,Diagnosis
4201,复位按钮按下后时间继电器未断开,Symptom
4202,继电器KM无自保触点,Cause
4203,确保继电器KM有自保触点,Repair
4204,检查继电器KM的自保触点,Diagnosis
4205,按下启动按钮后，指示灯亮，2分钟后鸣音器发出警报，1分钟后监测报警信号闭合输出，指示灯熄灭,Symptom
4206,复位按钮故障,Cause
4207,更换故障的复位按钮,Repair
4208,调整时间继电器至正确的设定值,Repair
4209,确保控制板电源供应稳定,Repair
4210,更换故障的信号传输线路,Repair
4211,控制板电源问题,Cause
4212,时间继电器设定值不正确,Cause
4213,信号传输线路故障,Cause
4214,检查控制板电源是否正常,Diagnosis
4215,检查时间继电器的设定值,Diagnosis
4216,检查复位按钮的功能,Diagnosis
4217,检查信号传输线路是否畅通,Diagnosis
4218,火灾自动监控与报警系统无法正确探测火灾信号,Symptom
4219,更换报警控制器,Repair
4220,更换故障的火灾探测器,Repair
4221,报警控制器故障,Cause
4222,火灾探测器故障,Cause
4223,检查报警控制器的功能,Diagnosis
4224,检查火灾探测器的工作状态,Diagnosis
4225,检查电源供应是否正常,Diagnosis
4226,火灾探测器无法正确识别火灾参数,Symptom
4227,火灾参数传感器故障,Cause
4228,更换火灾判断电路,Repair
4229,更换故障的火灾参数传感器,Repair
4230,更换探测信号处理单元,Repair
4231,探测信号处理单元故障,Cause
4232,火灾判断电路故障,Cause
4233,检查火灾判断电路的工作状态,Diagnosis
4234,检查火灾参数传感器的工作状态,Diagnosis
4235,检查探测信号处理单元的功能,Diagnosis
4236,火灾探测器信号线开路,Symptom
4237,故障,Cause
4238,终端电阻,Repair
4239,更换故障探测器,Repair
4240,确保接线柱正常闭合,Repair
4241,7不能闭合,Cause
4242,终端电阻脱落,Cause
4243,探测器内部接线柱6,Cause
4244,测量终端电阻值,Diagnosis
4245,检查探测器内部接线柱状态,Diagnosis
4246,火灾探测器无监视电流,Symptom
4247,线路连接不良,Cause
4248,确保连接牢固,Repair
4249,电源端开路,Cause
4250,测量电源端电压,Diagnosis
4251,检查线路连接,Diagnosis
4252,火灾报警系统无动作电流,Symptom
4253,探测器故障失效,Cause
4254,修复短路线路,Repair
4255,测量线路电阻,Diagnosis
4256,检查探测器状态,Diagnosis
4257,火灾探测器脱落,Symptom
4258,机械振动导致松动,Cause
4259,重新安装并加固探测器,Repair
4260,安装不牢固,Cause
4261,检查探测器安装状态,Diagnosis
4262,确认固定方式,Diagnosis
4263,火灾报警系统误报警,Symptom
4264,探测器灵敏度设置不当,Cause
4265,消除环境干扰,Repair
4266,调整灵敏度,Repair
4267,环境干扰,Cause
4268,检查探测器灵敏度设置,Diagnosis
4269,评估环境因素,Diagnosis
4270,总线制编码传输系统通信失败,Symptom
4271,地址模块故障,Cause
4272,更换故障地址模块,Repair
4273,修复总线线路,Repair
4274,总线线路故障,Cause
4275,测量总线线路,Diagnosis
4276,检查地址模块状态,Diagnosis
4277,中央单元无法接收探测环路接口板的信息,Symptom
4278,通信线路连接不良,Cause
4279,重新设定探测环路接口板的地址,Repair
4280,更换通信线路,Repair
4281,更换内部串行通信口,Repair
4282,探测环路接口板地址设定错误,Cause
4283,内部串行通信口故障,Cause
4284,测试通信线路的通断,Diagnosis
4285,检查内部串行通信口的连接状态,Diagnosis
4286,验证探测环路接口板的地址设定是否正确,Diagnosis
4287,继电器板无法驱动外部报警设备,Symptom
4288,继电器板电源故障,Cause
4289,重新连接外部设备,Repair
4290,检查并修复继电器板电源,Repair
4291,更换报警处理板,Repair
4292,报警处理板控制信号异常,Cause
4293,外部设备连接不良,Cause
4294,检查报警处理板到继电器板的控制信号,Diagnosis
4295,检查外部设备的连接状态,Diagnosis
4296,测量继电器板的电源输出,Diagnosis
4297,通信接口板无法与外部计算机通信,Symptom
4298,通信协议不匹配,Cause
4299,调整通信协议设置,Repair
4300,更正外部计算机的通信设置,Repair
4301,更换通信接口板,Repair
4302,RS485串行通信口故障,Cause
4303,外部计算机设置错误,Cause
4304,RS232,Cause
4305,检查RS232和RS485串行通信口的连接,Diagnosis
4306,验证通信协议是否匹配,Diagnosis
4307,检查外部计算机的通信设置,Diagnosis
4308,开关量输入板无法接收开关量信号,Symptom
4309,输入信号线路故障,Cause
4310,更换输入信号线路,Repair
4311,更换光电隔离器件,Repair
4312,报警处理板控制异常,Cause
4313,光电隔离器件损坏,Cause
4314,验证报警处理板的控制信号,Diagnosis
4315,检查光电隔离器件的状态,Diagnosis
4316,测试输入信号线路的通断,Diagnosis
4317,开关量输出板无法输出开关量信号,Symptom
4318,输出信号线路故障,Cause
4319,更换输出信号线路,Repair
4320,测试输出信号线路的通断,Diagnosis
4321,开关量探测器接口板无法连接非智能型探测器,Symptom
4322,接口板硬件故障,Cause
4323,重新连接探测器分路,Repair
4324,更换接口板,Repair
4325,探测器分路连接不良,Cause
4326,探测器本身故障,Cause
4327,检查接口板的硬件状态,Diagnosis
4328,验证探测器分路的连接,Diagnosis
4329,测试探测器的功能,Diagnosis
4330,火灾探测器漏报,Symptom
4331,探测器类型选择不当,Cause
4332,火焰探测器）,Repair
4333,感温,Repair
4334,更换为适合火灾场景的探测器类型（感烟,Repair
4335,确认探测器类型是否匹配,Diagnosis
4336,检查火灾场景特点,Diagnosis
4337,系统发生故障时故障灯闪亮,Symptom
4338,外围接线故障,Cause
4339,更换相应的探测器,Repair
4340,根据故障类型修复,Repair
4341,探测器,Cause
4342,检查控制单元上的发光二极管指示的故障类型,Diagnosis
4343,编码地址击穿或连接导线短路,Symptom
4344,必要时增设短路保护器,Repair
4345,导线,Repair
4346,更换损坏的编码器件,Repair
4347,长期使用导致的线路老化,Cause
4348,检查探测环路中的短路保护器和编码器件,Diagnosis
4349,非相关人员误操作系统,Symptom
4350,未设置操作密码,Cause
4351,限制非相关人员访问,Repair
4352,更改操作密码,Repair
4353,设置,Repair
4354,密码泄露,Cause
4355,检查操作记录和密码设置情况,Diagnosis
4356,内部空间较大,Cause
4357,在高大空间增加探测器数量,Repair
4358,优化通风系统以减少对烟气的干扰,Repair
4359,调整探测器位置以避免热降,Repair
4360,调整位置,Repair
4361,确保探测器与顶棚保持适当距离,Repair
4362,探测器过于靠近天花板,Cause
4363,导致烟气热降,Cause
4364,探测器未探测到足够多的烟气,Cause
4365,较高,Cause
4366,室内通风换气装置导致烟气偏斜,Cause
4367,烟气浓度因空气稀释降低,Cause
4368,烟气到达顶棚时间延长,Cause
4369,检查探测器位置是否合适,Diagnosis
4370,检查通风系统是否影响烟气流动,Diagnosis
4371,确认探测器与顶棚的距离,Diagnosis
4372,评估内部空间高度和烟气扩散时间,Diagnosis
4373,火灾探测器误报,Symptom
4374,电气焊作业产生的大量烟雾,Cause
4375,在电气焊作业时临时关闭探测器,Repair
4376,调整探测器灵敏度至合适级别,Repair
4377,禁止在敏感区域吸烟,Repair
4378,采取防护措施,Repair
4379,探测器灵敏度过高,Cause
4380,吸烟产生的烟雾干扰,Cause
4381,评估烟雾来源和浓度,Diagnosis
4382,确认是否有吸烟,Diagnosis
4383,电气焊活动,Diagnosis
4384,探测器安装后报警控制器显示区域报警,Symptom
4385,底座接线错误,Cause
4386,换接两条接线,Repair
4387,用万用表检查极性,Diagnosis
4388,某区域误报警，但无火情,Symptom
4389,罐-241片剂量较低,Cause
4390,更换探测器,Repair
4391,如场效应管输入阻抗降低,Cause
4392,可控硅击穿等,Cause
4393,探测器本身的故障,Cause
4394,检查探测器,Diagnosis
4395,熏烟检查时对烟雾无反应,Symptom
4396,可控硅,Cause
4397,稳压二极管损坏,Cause
4398,场效应管损坏,Cause
4399,专用试验器检查,Diagnosis
4400,用塑料管吹入香烟烟雾,Diagnosis
4401,总线制火灾监控系统出现故障,Symptom
4402,输入输出模块与受控设备连线短接,Cause
4403,正确连接探测总线到控制器,Repair
4404,确认没有短路,Repair
4405,外围设备,Cause
4406,线路问题,Cause
4407,如短路,Cause
4408,检查所有火灾探测器,Diagnosis
4409,输入输出模块和探测总线,Diagnosis
4410,某回路探测器和输入输出模块全部未登记,Symptom
4411,探测总线故障,Cause
4412,如果电压不在8~12V范围内且断开后仍不正常,Repair
4413,更换探测总线,Repair
4414,更换控制器,Repair
4415,如果电压正常但控制器无输出,Repair
4416,控制器损坏,Cause
4417,用万用表测量控制器探测总线输出端电压是否为8~12V,Diagnosis
4418,断开探测总线后再次测量电压,Diagnosis
4419,某回路只有部分探测器和输入输出模块登记,Symptom
4420,重号等故障,Cause
4421,重新分配地址编码,Repair
4422,修复断线,Repair
4423,未登记设备存在断线,Cause
4424,检查未登记设备的线路连接和地址编码,Diagnosis
4425,登记的探测器/模块误报火警或故障,Symptom
4426,硬件故障,Cause
4427,更换故障设备,Repair
4428,重新编程地址,Repair
4429,设备重号,Cause
4430,核对设备地址与实际位置是否匹配,Diagnosis
4431,系统调试时设备未登记,Symptom
4432,未完成总线设备注册,Cause
4433,执行设备登记流程后再编程,Repair
4434,检查控制器设备列表,Diagnosis
4435,联动逻辑不触发,Symptom
4436,更换故障模块,Repair
4437,输入输出模块未正确编程,Cause
4438,线路,Diagnosis
4439,检查模块的联动逻辑编程,Diagnosis
4440,模块上的指示灯不亮,Symptom
4441,模块,Cause
4442,检查模块,Repair
4443,接线有故障,Cause
4444,用鼠标启动所选定的输入输出模块,Diagnosis
4445,观察模块上的指示灯是否亮,Diagnosis
4446,在联动面板上,Diagnosis
4447,当把模块输入信号两端短路时,Diagnosis
4448,检查报警控制器面板上该模块对应位置的灯是否亮,Diagnosis
4449,系统通电后出现故障警报,Symptom
4450,火警警铃开关S²未置于“ON”位置,Cause
4451,确保所有开关处于正确位置,Repair
4452,S3,Cause
4453,系统内部故障蜂鸣器切断开关Ss未置于“ON”位置,Cause
4454,开关S1,Cause
4455,排气风机转换开关S未选中任一风机,Cause
4456,S4未闭合,Cause
4457,系统内部故障蜂鸣器切断开关Ss是否置于“ON”位置,Diagnosis
4458,S3,Diagnosis
4459,排气风机转换开关S是否选中任一风机,Diagnosis
4460,检查开关S1,Diagnosis
4461,S4是否闭合,Diagnosis
4462,火警警铃开关S²是否置于“ON”位置,Diagnosis
4463,主电源失电,Symptom
4464,检查继电器K是否失电,Diagnosis
4465,故障蜂鸣器BZ是否发出声音信号,Diagnosis
4466,电源故障指示灯L3是否亮,Diagnosis
4467,触点1－3,Diagnosis
4468,4-6是否闭合,Diagnosis
4469,系统内部故障指示灯L4亮，系统内部故障蜂鸣器BZ发出声音信号,Symptom
4470,光电单元的光源故障,Cause
4471,根据线路原理查找相应故障点并修复,Repair
4472,风压未建立,Cause
4473,外部警铃断路,Cause
4474,压力开关故障,Cause
4475,控制柜下部灯熄灭,Cause
4476,继电器E是否失电复位,Diagnosis
4477,检查继电器G是否失电复位,Diagnosis
4478,DS的13触点是否闭合,Diagnosis
4479,继电器D是否失电,Diagnosis
4480,无烟雾通过光电单元，光电池输出电压很小,Symptom
4481,光电池损坏,Cause
4482,修复线路连接,Repair
4483,更换损坏的光电池,Repair
4484,清洁光电单元,Repair
4485,光电单元故障,Cause
4486,线路连接问题,Cause
4487,检查光电单元是否清洁,Diagnosis
4488,测试光电池输出电压,Diagnosis
4489,货舱火警发生时，继电器C与CA未获电动作,Symptom
4490,触点1,Cause
4491,CA,Repair
4492,更换触点1,Repair
4493,更换继电器C,Repair
4494,更换电磁线圈N,Repair
4495,2未闭合,Cause
4496,继电器C,Cause
4497,电磁线圈N故障,Cause
4498,CA损坏,Cause
4499,2的闭合情况,Diagnosis
4500,检查电磁线圈N的电压,Diagnosis
4501,检查继电器C与CA的状态,Diagnosis
4502,测试触点1,Diagnosis
4503,警铃Bell未动作,Symptom
4504,警铃Bell损坏,Cause
4505,更换警铃Bell,Repair
4506,更换继电器C触点1-2,Repair
4507,继电器C触点1-2未闭合,Cause
4508,检查继电器C触点1-2的闭合情况,Diagnosis
4509,测试警铃Bell,Diagnosis
4510,火警指示灯L²未亮,Symptom
4511,继电器C触点7-8未闭合,Cause
4512,更换指示灯L²,Repair
4513,更换继电器C触点7-8,Repair
4514,指示灯L²损坏,Cause
4515,测试指示灯L²,Diagnosis
4516,检查继电器C触点7-8的闭合情况,Diagnosis
4517,水雾灭火系统高压泵未启动,Symptom
4518,电动机8故障,Cause
4519,修复控制信号线路,Repair
4520,更换电动机8,Repair
4521,更换高压泵9,Repair
4522,控制信号未送达,Cause
4523,高压泵9损坏,Cause
4524,检查电动机8的状态,Diagnosis
4525,检查控制信号线路,Diagnosis
4526,测试高压泵9,Diagnosis
4527,水雾灭火系统分区电磁阀未打开,Symptom
4528,电磁阀17故障,Cause
4529,更换电磁阀17,Repair
4530,检查电磁阀17的状态,Diagnosis
4531,测试控制信号,Diagnosis
4532,淡水舱内没有水流或水流偏少,Symptom
4533,单向阀方向安装反了,Cause
4534,完全打开淡水舱到淡水泵的水阀,Repair
4535,调整电动机的旋转方向,Repair
4536,重新正确安装滤器和单向阀,Repair
4537,立即按下应急停止按钮,Repair
4538,与淡水给水泵相连接的电动机转向不正确,Cause
4539,淡水舱到淡水泵的水阀未打开,Cause
4540,滤器,Cause
4541,未全开,Cause
4542,检查电动机的旋转方向是否正确,Diagnosis
4543,全开,Diagnosis
4544,检查滤器和单向阀的安装方向是否正确,Diagnosis
4545,检查淡水舱到淡水泵的水阀是否打开,Diagnosis
4546,主隔离阀限位开关故障,Symptom
4547,接线点选择错误,Cause
4548,在调试过程中关闭主隔离阀并断开限位开关,Repair
4549,确保接线点接在闭合触点处,Repair
4550,限位开关未处于断开状态,Cause
4551,检查接线点是否正确接在闭合触点处,Diagnosis
4552,检查限位开关是否处于断开状态,Diagnosis
4553,高压泵出口处压力表损坏,Symptom
4554,细小管路中存在少量空气,Cause
4555,正确关闭旁通阀,Repair
4556,排除管路中的空气,Repair
4557,旁通阀未正确关闭,Cause
4558,检查旁通阀是否关闭,Diagnosis
4559,检查细小管路中是否有空气,Diagnosis
4560,压力表在少量高压空气的冲击下极易被损坏,Symptom
4561,高压泵启动前未排除管路中的空气,Cause
4562,然后再关闭旁通阀,Repair
4563,手动启动高压泵运转2～3min,Repair
4564,手动启动高压泵检验出口压力,Repair
4565,在实验之前先打开旁通阀,Repair
4566,确保管路里的空气被驱除出去,Repair
4567,检查旁通阀是否处于打开状态,Diagnosis
4568,各分区声光报警器和电磁阀不正常,Symptom
4569,电磁阀接线错误,Cause
4570,颠倒声光报警器和电磁阀电源的正负极,Repair
4571,对于油漆间分区的电磁阀,Repair
4572,清除管路中的铁屑等杂质,Repair
4573,手动多次来回打开和关闭手动释放开关,Repair
4574,检查接线是否正确,Repair
4575,电源正负极接反,Cause
4576,接线方式,Diagnosis
4577,检查声光报警器和电磁阀的电源正负极,Diagnosis
4578,本地控制箱与货控室（ECR）的通信不正常,Symptom
4579,通信线,Cause
4580,等通电后用万用表分清正负极后再接上,Repair
4581,使用万用表查线,Repair
4582,确保电源线正负极连接正确,Repair
4583,在通电之前断开货控室（ECR）内电源线,Repair
4584,确保通信线的颜色和线号正确,Repair
4585,电源线连接错误,Cause
4586,检查通信线和电源线的颜色和线号是否正确,Diagnosis
4587,喷嘴堵塞,Symptom
4588,管系内的脏东西聚集在喷嘴处,Cause
4589,用高压淡水冲洗大约1min,Repair
4590,拆卸下7个小喷嘴,Repair
4591,然后再安装上,Repair
4592,在系统每次出水之前,Repair
4593,检查主机区域特别是主机倒数第二层的7个小喷嘴,Diagnosis
4594,杂质积累,Cause
4595,调整流体参数,Repair
4596,安装更精细的过滤器,Repair
4597,流体粘度变化,Cause
4598,喷孔磨损,Cause
4599,验证流体过滤系统是否正常,Diagnosis
4600,检查喷嘴出口有无异物,Diagnosis
4601,观察喷射模式是否异常,Diagnosis
4602,冷库呼叫报警器无响应,Symptom
4603,开关K触点氧化,Cause
4604,打磨触点,Repair
4605,更换故障灯/铃,Repair
4606,灯泡/铃铛损坏,Cause
4607,检查线路连通性,Diagnosis
4608,更换H/L组件验证,Diagnosis
4609,测试开关K通断,Diagnosis
4610,病员呼叫系统无法消声,Symptom
4611,继电器KM1触点粘连,Cause
4612,修复应答按钮,Repair
4613,更换继电器KM1,Repair
4614,修正自保线路接线,Repair
4615,应答按钮失效,Cause
4616,自保回路故障,Cause
4617,测量继电器触点电阻,Diagnosis
4618,测试SB2-SB4按钮功能,Diagnosis
4619,检查KM1自保线路,Diagnosis
4620,轮机员安全报警误触发,Symptom
4621,传感器误报,Cause
4622,更换故障传感器,Repair
4623,重新校准计时器,Repair
4624,修复复位电路,Repair
4625,计时器校准错误,Cause
4626,复位机制失效,Cause
4627,测试人体感应传感器,Diagnosis
4628,检查计时模块设置,Diagnosis
4629,验证复位按钮功能,Diagnosis
4630,继电器KM²不动作,Symptom
4631,继电器KM²线圈损坏,Cause
4632,更换损坏的启动按钮,Repair
4633,继电器KM²,Repair
4634,启动按钮故障,Cause
4635,控制回路电源故障,Cause
4636,测量继电器KM²线圈电阻,Diagnosis
4637,检查控制回路电源电压,Diagnosis
4638,检查启动按钮是否正常,Diagnosis
4639,指示灯H不亮,Symptom
4640,KM继电器常闭触点（8,Cause
4641,指示灯,Repair
4642,更换故障的继电器触点,Repair
4643,KM继电器触点（6,Cause
4644,11）故障,Cause
4645,10）故障,Cause
4646,指示灯H损坏,Cause
4647,10）是否闭合,Diagnosis
4648,检查KM继电器常闭触点（8,Diagnosis
4649,检查KM继电器触点（6,Diagnosis
4650,检查指示灯H是否损坏,Diagnosis
4651,11）是否闭合,Diagnosis
4652,时间继电器KT不延时,Symptom
4653,KM继电器常闭触点（1,Cause
4654,时间继电器,Repair
4655,9）故障,Cause
4656,时间继电器KT损坏,Cause
4657,9）是否闭合,Diagnosis
4658,检查KM继电器常闭触点（1,Diagnosis
4659,机舱延伸报警灯柱不报警,Symptom
4660,延伸报警灯柱,Repair
4661,修复信号传输线路,Repair
4662,延伸报警灯柱故障,Cause
4663,KMs继电器常开触点（8,Cause
4664,检查KMs继电器常开触点（8,Diagnosis
4665,检查延伸报警灯柱是否正常工作,Diagnosis
4666,检查信号传输线路是否正常,Diagnosis
4667,蜂鸣器不响,Symptom
4668,KM继电器触点故障,Cause
4669,蜂鸣器,Repair
4670,蜂鸣器损坏,Cause
4671,检查蜂鸣器是否损坏,Diagnosis
4672,检查KM继电器触点是否闭合,Diagnosis
4673,复位按钮无效,Symptom
4674,继电器KM,Repair
4675,更换损坏的复位按钮,Repair
4676,继电器KM线圈损坏,Cause
4677,测量继电器KM线圈电阻,Diagnosis
4678,检查复位按钮是否正常,Diagnosis
4679,继电器KM失电，常闭触点（1、9）闭合，恢复对时间继电器KT供电,Symptom
4680,确保线路连接牢固,Repair
4681,继电器KM线圈故障,Cause
4682,检查线路连接是否牢固,Diagnosis
4683,按下停止按钮后，KM继电器得电动作，但指示灯H不熄灭,Symptom
4684,指示灯H,Repair
4685,更换故障的KM继电器,Repair
4686,修复断路线路,Repair
4687,指示灯H故障,Cause
4688,检查相关线路是否断路,Diagnosis
4689,10）是否正常断开,Diagnosis
4690,测试指示灯H是否完好,Diagnosis
4691,易燃气体探测系统无法检测气体浓度,Symptom
4692,修复电路故障,Repair
4693,化学试剂,Repair
4694,化学试剂失效,Cause
4695,检查传感器是否正常工作,Diagnosis
4696,确认化学试剂是否有效,Diagnosis
4697,测试电路是否正常供电,Diagnosis
4698,气敏半导体电阻值不随气体浓度变化,Symptom
4699,金属氧化物涂层失效,Cause
4700,修复铂金丝,Repair
4701,更换老化的气敏半导体,Repair
4702,气敏半导体老化,Cause
4703,铂金丝断裂,Cause
4704,检查铂金丝是否完好,Diagnosis
4705,测量气敏半导体电阻值,Diagnosis
4706,确认金属氧化物涂层是否有效,Diagnosis
4707,气体探测装置电阻值上升,Symptom
4708,测量电路故障,Cause
4709,修理测量电路,Repair
4710,更换气敏元件,Repair
4711,气敏元件老化,Cause
4712,气体浓度异常,Cause
4713,测试测量电路电压,Diagnosis
4714,检查气敏元件状态,Diagnosis
4715,校准气体浓度检测,Diagnosis
4716,泵抽吸式探测装置管道堵塞,Symptom
4717,阻焰器堵塞,Cause
4718,更换阻焰器,Repair
4719,清理管道,Repair
4720,泵箱内监测线路故障,Cause
4721,管道内异物积累,Cause
4722,测试泵箱监测线路,Diagnosis
4723,检查管道通畅性,Diagnosis
4724,检查阻焰器状态,Diagnosis
4725,多点循环监测装置测量时间不均,Symptom
4726,时间设定错误,Cause
4727,重新校准时间,Repair
4728,调整管道长度,Repair
4729,管道长度不一致,Cause
4730,抽吸泵效率不均,Cause
4731,测试抽吸泵效率,Diagnosis
4732,检查各测点管道长度,Diagnosis
4733,校准时间设定,Diagnosis
4734,防爆安全探头外壳损坏,Symptom
4735,物理撞击,Cause
4736,更换外壳,Repair
4737,重新安装,Repair
4738,材料老化,Cause
4739,评估材料状态,Diagnosis
4740,检查安装方式,Diagnosis
4741,检查外壳完整性,Diagnosis
4742,报警信号输出异常,Symptom
4743,信号线路短路,Cause
4744,修理信号线路,Repair
4745,继电器故障,Cause
4746,测试继电器功能,Diagnosis
4747,检查信号线路,Diagnosis
4748,诊断控制单元,Diagnosis
4749,排气管抽吸不畅,Symptom
4750,测点管道被水,Cause
4751,进行预抽吸以清除阻塞物,Repair
4752,杂物阻塞,Cause
4753,检查反压装置是否正常工作,Diagnosis
4754,确认测点管道是否畅通,Diagnosis
4755,气体监测点布置不合理,Symptom
4756,舱内构件布置,Cause
4757,重新规划监测点布置,Repair
4758,确保有效监测气体聚集区域,Repair
4759,未考虑货品蒸气密度,Cause
4760,检查监测点位置是否符合规定,Diagnosis
4761,确认是否覆盖死角区域,Diagnosis
4762,报警监视屏无显示,Symptom
4763,显示单元,Repair
4764,恢复供电,Repair
4765,更换损坏的电源,Repair
4766,显示单元损坏,Cause
4767,检查主电源和应急电源状态,Diagnosis
4768,确认显示单元连接是否正常,Diagnosis
4769,闪光臨源故障,Symptom
4770,闪光源损坏,Cause
4771,修理控制单元,Repair
4772,更换闪光源,Repair
4773,检查闪光源和控制单元的工作状态,Diagnosis
4774,延伸报警无信号,Symptom
4775,延伸报警控制单元,Cause
4776,更换控制单元,Repair
4777,检查延伸报警控制单元和线路连接,Diagnosis
4778,3分钟失职报警未触发,Symptom
4779,控制单元损坏,Cause
4780,更换计时器,Repair
4781,计时器故障,Cause
4782,检查计时器和控制单元的工作状态,Diagnosis
4783,故障打印记录缺失,Symptom
4784,连接问题,Cause
4785,更换打印记录单元,Repair
4786,确保连接正常,Repair
4787,打印记录单元故障,Cause
4788,检查打印记录单元状态和连接线路,Diagnosis
4789,延伸报警箱：声响，分组灯闪光,Symptom
4790,逻辑判断环节故障,Cause
4791,修复逻辑判断环节,Repair
4792,更换输入回路,Repair
4793,检查延伸报警箱电路,Repair
4794,如应答不正常,Repair
4795,更换延时环节,Repair
4796,输入回路故障,Cause
4797,延时环节故障,Cause
4798,检查延时环节功能,Diagnosis
4799,检查输入回路输出,Diagnosis
4800,检查逻辑判断环节工作状态,Diagnosis
4801,检查机舱内传感器状态,Diagnosis
4802,检查延伸报警箱应答是否正常,Diagnosis
4803,延伸报警箱声平，分组报警灯常亮,Symptom
4804,消闪指令未执行,Cause
4805,重新发送消闪指令,Repair
4806,检查并修复报警闭锁电路,Repair
4807,报警闭锁信息异常,Cause
4808,检查报警闭锁信号,Diagnosis
4809,检查逻辑判断环节状态,Diagnosis
4810,检查消闪指令是否发出,Diagnosis
4811,延伸报警箱分组报警灯灭,Symptom
4812,故障已排除,Cause
4813,恢复电源供应,Repair
4814,确认故障排除,Repair
4815,逻辑判断环节误动作,Cause
4816,检查监测点参数是否正常,Diagnosis
4817,检查电源供应,Diagnosis
4818,检查逻辑判断环节输出,Diagnosis
4819,故障灯快闪，启动声响报警、分组报警及故障打印,Symptom
4820,调整设备参数至正常范围,Repair
4821,监测点参数越限,Cause
4822,检查监测点实际参数,Diagnosis
4823,检查传感器状态,Diagnosis
4824,故障灯慢闪，启动故障排除打印,Symptom
4825,消闪指令未完全执行,Cause
4826,完成故障处理,Repair
4827,故障正在处理,Cause
4828,检查故障处理状态,Diagnosis
4829,检查消闪指令执行情况,Diagnosis
4830,分组报警及故障打印,Symptom
4831,相关参数越限（超出正常范围）,Cause
4832,更换故障指示灯,Repair
4833,1. 如果故障指示灯不亮,Repair
4834,3. 调整相关参数至正常范围,Repair
4835,4. 按“消闪”按钮复位故障指示灯,Repair
4836,2. 检查并修复监测设备故障,Repair
4837,监测设备发生故障,Cause
4838,2. 检查传感器触点是否断开,Diagnosis
4839,1. 按“试灯”按钮检查故障指示灯是否亮,Diagnosis
4840,3. 检查输入回路是否将故障电平VF转换为故障报警电平V,Diagnosis
4841,4. 检查逻辑判断环节是否正常工作,Diagnosis
4842,故障指示灯快闪状态,Symptom
4843,逻辑判断环节检测到故障,Cause
4844,3. 确保监视点参数恢复正常,Repair
4845,2. 修复故障设备,Repair
4846,1. 按“消闪”按钮使故障指示灯从快闪切换成常亮,Repair
4847,无报警闭锁,Cause
4848,3. 检查传感器状态,Diagnosis
4849,1. 检查逻辑判断环节是否接收到故障报警电平V,Diagnosis
4850,2. 检查报警闭锁状态,Diagnosis
4851,声响警报启动,Symptom
4852,逻辑判断环节输出故障报警电平V至警报器控制单元,Cause
4853,1. 按消声应答按钮停止声响报警,Repair
4854,蜂鸣器是否正常工作,Diagnosis
4855,旋转灯,Diagnosis
4856,2. 检查警报器控制单元是否接收到信号,Diagnosis
4857,1. 检查逻辑判断环节是否输出故障报警电平V,Diagnosis
4858,3. 检查电笛,Diagnosis
4859,分组延伸报警,Symptom
4860,机舱无人值班,Cause
4861,1. 在延伸报警箱按应答按钮停止延伸报警声,Repair
4862,2. 按消声应答按钮复位3min失职报警,Repair
4863,逻辑判断环节输出分组报警信号至延伸报警控制单元,Cause
4864,值班轮机员居住舱室的报警状态,Diagnosis
4865,2. 检查驾驶室监视屏,Diagnosis
4866,1. 检查延伸报警控制单元是否接收到分组报警信号,Diagnosis
4867,公共场所,Diagnosis
4868,轮机长,Diagnosis
4869,故障打印触发,Symptom
4870,逻辑判断环节输出故障打印触发信号,Cause
4871,1. 修复故障设备,Repair
4872,2. 确保监视点参数恢复正常,Repair
4873,重要监视点故障,Cause
4874,1. 检查故障打印控制单元是否接收到触发信号,Diagnosis
4875,2. 检查打印内容是否正确,Diagnosis
4876,故障指示灯慢闪状态,Symptom
4877,传感器触点重新闭合,Cause
4878,2. 修复切换下来的故障设备,Repair
4879,1. 按“消闪”按钮使故障指示灯熄灭,Repair
4880,监视点参数自行恢复正常,Cause
4881,2. 检查逻辑判断环节是否自动控制故障指示灯切换,Diagnosis
4882,1. 检查传感器触点状态,Diagnosis
4883,模拟量传感器开路或短路,Symptom
4884,传感器损坏,Cause
4885,更换损坏的传感器,Repair
4886,检查测量回路电压信号是否超出正常范围,Diagnosis
4887,确认传感器是否发送故障信号,Diagnosis
4888,测量值U越限,Symptom
4889,报警值设定不当,Cause
4890,重新设定报警值,Repair
4891,更换比较器,Repair
4892,比较器故障,Cause
4893,检查比较器输出电平,Diagnosis
4894,确认报警值设定是否正确,Diagnosis
4895,功能试验时TEST(H)输入高电平无响应,Symptom
4896,功能试验信号线路故障,Cause
4897,更换比较器A,Repair
4898,修复信号线路,Repair
4899,比较器A故障,Cause
4900,检查TEST(H)信号是否正常输入,Diagnosis
4901,确认比较器A是否翻转,Diagnosis
4902,显示值与实际测量值不符,Symptom
4903,测量回路转换故障,Cause
4904,调整显示识别信号,Repair
4905,修复测量回路,Repair
4906,显示识别信号错误,Cause
4907,检查显示识别信号是否正确,Diagnosis
4908,确认测量回路转换是否正常,Diagnosis
4909,显示信号U或UL送出时，显示单元无法正确选择量程系数、正负号、小数点位数和单位量纲,Symptom
4910,识别环节未发送量程识别信号,Cause
4911,修复显示单元的接收电路,Repair
4912,检查并修复连接线路,Repair
4913,更换识别环节中故障的部件,Repair
4914,识别环节未发送单位量纲识别信号,Cause
4915,显示单元接收电路故障,Cause
4916,识别环节未发送小数点识别信号,Cause
4917,识别环节未发送正负识别信号,Cause
4918,验证显示单元的输入信号是否与识别环节的输出一致,Diagnosis
4919,检查连接线路是否有断路,Diagnosis
4920,检查识别环节的输出信号是否正常,Diagnosis
4921,测试显示单元的接收电路功能,Diagnosis
4922,模拟量报警控制单元中的延时环节不工作,Symptom
4923,延时环节未设置在该监测通道中,Cause
4924,若需要延时环节但未设置,Repair
4925,则添加延时环节,Repair
4926,更换故障的延时环节电路,Repair
4927,延时环节电路故障,Cause
4928,确认该监测通道是否需要延时环节,Diagnosis
4929,测试逻辑判断环节的功能,Diagnosis
4930,检查延时环节的电路连接,Diagnosis
4931,值班报警系统无法将分组报警信号传送到指定位置,Symptom
4932,显示操纵部分故障,Cause
4933,正确设置切换开关,Repair
4934,修复显示操纵部分,Repair
4935,修复接线,Repair
4936,更换故障的分组单元,Repair
4937,接线故障,Cause
4938,切换开关设置错误,Cause
4939,分组单元故障,Cause
4940,检查分组单元的输出信号,Diagnosis
4941,验证显示操纵部分的功能,Diagnosis
4942,确认切换开关的设置是否正确,Diagnosis
4943,检查接线是否完好,Diagnosis
4944,值班报警系统的切换开关设置后，指示灯不亮,Symptom
4945,切换开关故障,Cause
4946,更换切换开关,Repair
4947,更换电源指示继电器,Repair
4948,电源指示继电器故障,Cause
4949,验证电源指示继电器的工作状态,Diagnosis
4950,检查切换开关的触点是否正常,Diagnosis
4951,测试指示灯电路,Diagnosis
4952,值班报警系统投运指示灯h2不亮,Symptom
4953,选定开关B位置不正确,Cause
4954,将选定开关B置于相应轮机员的位置,Repair
4955,更换损坏的指示灯h2,Repair
4956,将切换开关A置于正确位置,Repair
4957,检查并修复电路连接问题,Repair
4958,指示灯h2故障,Cause
4959,切换开关A位置不正确,Cause
4960,电路连接问题,Cause
4961,检查指示灯h2的电源和电路连接,Diagnosis
4962,确认选定开关B是否置于相应轮机员的位置,Diagnosis
4963,Ⅲ）,Diagnosis
4964,测试指示灯h2是否损坏,Diagnosis
4965,检查切换开关A是否置于正确位置（Ⅱ,Diagnosis
4966,微机监测与报警系统无法采集开关量信号,Symptom
4967,更换故障的开关K,Repair
4968,更换故障的开关量输入接口板,Repair
4969,确保输入电压在正常范围内（0V,Repair
4970,24V）,Repair
4971,更换损坏的光电隔离器件,Repair
4972,开关量输入接口板故障,Cause
4973,开关K故障,Cause
4974,检查开关量输入接口板的电源和连接,Diagnosis
4975,测试光电隔离器件是否正常工作,Diagnosis
4976,检查开关K的状态和输入电压,Diagnosis
4977,验证输入接口板的信号处理功能,Diagnosis
4978,微机监测与报警系统无法显示或报警,Symptom
4979,微机核心部件（CPU,Cause
4980,重新加载,Repair
4981,更换损坏的显示,Repair
4982,更换故障的微机核心部件,Repair
4983,报警设备,Repair
4984,修复控制程序,Repair
4985,更换故障的输出接口,Repair
4986,控制程序错误,Cause
4987,存储器）故障,Cause
4988,输出接口故障,Cause
4989,报警设备损坏,Cause
4990,显示,Cause
4991,报警设备的连接和功能,Diagnosis
4992,测试输出接口的信号输出,Diagnosis
4993,检查微机的电源和运行状态,Diagnosis
4994,检查显示,Diagnosis
4995,验证控制程序是否正常运行,Diagnosis
4996,传感器回路与IO接口及CPU之间电的隔离失效,Symptom
4997,修复电路设计缺陷,Repair
4998,确保电源电压稳定,Repair
4999,接口板电路设计缺陷,Cause
5000,测量电源电压是否稳定,Diagnosis
5001,检查接口板电路是否有短路,Diagnosis
5002,断路,Diagnosis
5003,检查光电隔离器件的输入输出信号,Diagnosis
5004,开关量状态信息无法正确读取,Symptom
5005,地址译码器故障,Cause
5006,锁存器,Repair
5007,更换故障的地址译码器,Repair
5008,三态门,Repair
5009,锁存器损坏,Cause
5010,三态门控制信号异常,Cause
5011,验证地址译码器的输出是否正确,Diagnosis
5012,测试锁存器的输入输出信号,Diagnosis
5013,检查三态门控制端的信号是否正常,Diagnosis
5014,开关量输出接口无法正确控制显示与报警装置,Symptom
5015,驱动器故障,Cause
5016,驱动器,Repair
5017,更换故障的锁存器,Repair
5018,光电隔离,Repair
5019,I/O输出设备,Repair
5020,锁存器选址,Cause
5021,光电隔离,Cause
5022,写命令信号异常,Cause
5023,I/O输出设备损坏,Cause
5024,验证I/O输出设备的工作状态,Diagnosis
5025,测试光电隔离和驱动器的输出,Diagnosis
5026,检查锁存器的选址和写命令信号,Diagnosis
5027,指示灯不亮,Symptom
5028,确保CPU输出正确的二进制数,Repair
5029,更换故障的驱动器,Repair
5030,二进制数的第0位未设置为'1',Cause
5031,指示灯损坏,Cause
5032,测试驱动器的输出信号,Diagnosis
5033,验证指示灯的工作状态,Diagnosis
5034,检查CPU输出的二进制数是否正确,Diagnosis
5035,开关量输出接口无法正常工作,Symptom
5036,更换损坏的电路,Repair
5037,重新配置接口,Repair
5038,接口电路损坏,Cause
5039,可编程通用接口配置错误,Cause
5040,测试接口电路是否正常,Diagnosis
5041,检查接口配置是否正确,Diagnosis
5042,验证电源供应是否稳定,Diagnosis
5043,模拟量输入信号转换错误,Symptom
5044,多路开关选送错误,Cause
5045,更换A/D转换器,Repair
5046,修复传感器信号,Repair
5047,传感器信号异常,Cause
5048,A/D转换器故障,Cause
5049,检查A/D转换器工作状态,Diagnosis
5050,测试传感器输出信号,Diagnosis
5051,验证多路开关选送路径,Diagnosis
5052,模拟量输出信号不稳定,Symptom
5053,执行机构响应异常,Cause
5054,修复转换电路,Repair
5055,更换D/A转换器,Repair
5056,I/V,Cause
5057,D/A转换器故障,Cause
5058,V/P转换问题,Cause
5059,测试I/V和V/P转换电路,Diagnosis
5060,检查D/A转换器输出,Diagnosis
5061,验证执行机构状态,Diagnosis
5062,传感器检测数据不准确,Symptom
5063,消除干扰源,Repair
5064,信号传输干扰,Cause
5065,重新校准传感器,Diagnosis
5066,测试传感器输出,Diagnosis
5067,检查信号传输线路,Diagnosis
5068,光电隔离器失效,Symptom
5069,光电隔离器损坏,Cause
5070,修复输入输出电路,Repair
5071,更换光电隔离器,Repair
5072,输入信号异常,Cause
5073,输出电路故障,Cause
5074,测试光电隔离器输入输出,Diagnosis
5075,验证输出电路状态,Diagnosis
5076,检查输入信号质量,Diagnosis
5077,系统程序控制错误或死机,Symptom
5078,系统程序漏洞,Cause
5079,修复用户程序,Repair
5080,更新系统程序,Repair
5081,用户程序错误,Cause
5082,数据丢失,Cause
5083,验证用户程序逻辑,Diagnosis
5084,检查系统程序日志,Diagnosis
5085,恢复丢失的数据,Diagnosis
5086,元件参数变化超出允许范围,Symptom
5087,元件老化,Cause
5088,调整环境条件,Repair
5089,更换老化元件,Repair
5090,环境条件变化,Cause
5091,测量元件参数,Diagnosis
5092,评估环境条件,Diagnosis
5093,检查设计规范,Diagnosis
5094,固定 1（stuck at 1）故障；固定0（stuck at 0）故障,Symptom
5095,逻辑电路出现了永久性逻辑故障,Cause
5096,更换故障的逻辑电路,Repair
5097,通过诊断程序等进行故障定位,Diagnosis
5098,故障持续时间短，有时能自动恢复,Symptom
5099,暂时性故障,Cause
5100,不需修理,Repair
5101,可通过再启动等方法恢复,Repair
5102,通过再启动等方法判断是否为暂时性故障,Diagnosis
5103,程序中断、运行中故障停机或系统不能启动或永不停机,Symptom
5104,系统性故障,Cause
5105,内层接口部件,Repair
5106,更换核心部件,Repair
5107,检查微机的核心部件,Diagnosis
5108,内层接口部件,Diagnosis
5109,局部系统工作错误，局部控制失灵,Symptom
5110,局部性故障,Cause
5111,尽快修复故障,Repair
5112,防止故障扩大和蔓延,Repair
5113,检查系统外层 I/O接口电路,Diagnosis
5114,故障指示灯亮,Symptom
5115,CPU故障,Cause
5116,根据指示灯指示的故障内容进行修理,Repair
5117,RAM故障,Cause
5118,A/D故障等,Cause
5119,ROM故障,Cause
5120,检查控制面板,Diagnosis
5121,印刷电路板上的指示灯,Diagnosis
5122,显示屏和打印机上显示和打印故障代码和故障信息,Symptom
5123,软件故障,Cause
5124,根据故障代码和故障信息进行修理,Repair
5125,系统硬件,Cause
5126,查看显示屏和打印机上的故障代码和故障信息,Diagnosis
5127,系统中的某个部位或部件变为红色并且闪光,Symptom
5128,系统硬件故障,Cause
5129,根据屏幕上显示的详细故障信息进行处理,Repair
5130,查看屏幕上的硬件结构图形显示,Diagnosis
5131,故障资料保存到故障信息库,Symptom
5132,系统历史故障记录,Cause
5133,根据历史故障记录进行预防性维护,Repair
5134,查阅故障信息库,Diagnosis
5135,系统完全死掉，键盘、鼠标、显示器和打印机等都无反应,Symptom
5136,更换直流电源,Repair
5137,必要时,Repair
5138,特别是微机系统电路板上集成电路芯片电源故障,Cause
5139,直流电源指示灯,Diagnosis
5140,重新加电试验,Diagnosis
5141,检查交,Diagnosis
5142,电源保险丝的状态,Diagnosis
5143,打印机和显示器上给出故障信息，但对各种设备的操作和控制都失效,Symptom
5144,CPU,Cause
5145,进行故障排除,Repair
5146,存储器等微机核心部件故障,Cause
5147,依据打印,Diagnosis
5148,显示的故障信息进行灵活地分析,Diagnosis
5149,故障现象依然存在，按照故障信息提示处理无效,Symptom
5150,故障信息可能不完全准确,Cause
5151,部件,Repair
5152,找出故障的电路板,Repair
5153,错误,Cause
5154,向外延伸扩大,Diagnosis
5155,把故障范围从故障信息中给出的故障点向内,Diagnosis
5156,系统有关重要部位（如存储器）故障,Symptom
5157,修理故障部件,Repair
5158,根据诊断结果更换,Repair
5159,其他关键硬件故障,Cause
5160,对系统重要部位进行细致诊断,Diagnosis
5161,启动离线自诊断程序,Diagnosis
5162,I/O设备和I/O接口故障，系统显示故障信息但继续运行,Symptom
5163,I/O设备,Cause
5164,更换故障电路板,Repair
5165,进行换板试验,Repair
5166,接口电路板故障,Cause
5167,根据故障信息查找图纸资料,Diagnosis
5168,确定故障电路板位置,Diagnosis
5169,系统无故障信息显示但出现局部控制异常,Symptom
5170,检测不到的元部件故障,Cause
5171,根据诊断结果修理,Repair
5172,采用模块分割法,Diagnosis
5173,插拔法,Diagnosis
5174,分析法,Diagnosis
5175,利用系统知识和经验,Diagnosis
5176,系统死机或无任何显示,Symptom
5177,连接故障,Cause
5178,修理确定的故障电路板,Repair
5179,使用插拔法逐步缩小故障范围,Diagnosis
5180,插拔电路板时没有放掉人体静电或没有关掉电源,Symptom
5181,产生新故障,Cause
5182,避免插拔电路板时产生新故障,Repair
5183,遵循正确的操作规范,Repair
5184,确保放掉人体静电并关掉电源,Diagnosis
5185,检查操作规范,Diagnosis
5186,替换法使用后故障未消失,Symptom
5187,故障点与替换部件无关,Cause
5188,否则继续排查其他部件,Repair
5189,确认替换部件是否为故障点,Repair
5190,器件进行替换,Diagnosis
5191,部件,Diagnosis
5192,观察故障变化,Diagnosis
5193,使用相同的插件,Diagnosis
5194,报警系统无法进入报警状态,Symptom
5195,报警被闭锁,Cause
5196,更换备件板,Repair
5197,确保同类型插板互换,Repair
5198,交换插板,Repair
5199,报警控制板故障,Cause
5200,观察报警状态,Diagnosis
5201,拨动试验开关至“试验”位置,Diagnosis
5202,模拟量报警板更换后显示混乱,Symptom
5203,显示识别信号不一致,Cause
5204,确保显示识别信号一致,Repair
5205,调整跨接线,Repair
5206,开关位置,Repair
5207,相关电阻阻值不一致,Cause
5208,确保开关位置,Diagnosis
5209,接线一致,Diagnosis
5210,检查插板上的显示识别发送电路,Diagnosis
5211,模拟量报警板更换后显示值与实际值不符,Symptom
5212,输入测量电路的零位和量程不一致,Cause
5213,使显示值与实际值一致,Repair
5214,调整零位和量程,Repair
5215,观察显示值与实际值是否相符,Diagnosis
5216,按测量值显示按钮,Diagnosis
5217,模拟量报警板更换后报警值与原值不同,Symptom
5218,报警值设定不一致,Cause
5219,调节电位器设定报警值,Repair
5220,使其与原报警值一致,Repair
5221,比较显示读数,Diagnosis
5222,按报警值显示按钮,Diagnosis
5223,灯光信号不可靠或音响装置音量不足,Symptom
5224,试验按钮故障,Cause
5225,时修复,Repair
5226,灯光,Cause
5227,音响装置损坏,Cause
5228,检查灯光信号和音响装置,Diagnosis
5229,每天至少进行一次试验,Diagnosis
5230,传感器无法正确反映温度、压力、液位变化,Symptom
5231,高阻电阻损坏,Cause
5232,不灵活,Cause
5233,微动开关不准确,Cause
5234,微动开关和高阻电阻,Diagnosis
5235,每三个月检查传感器工作情况,Diagnosis
5236,测温元件护管外积垢,Symptom
5237,长期使用导致积垢,Cause
5238,清除积垢,Repair
5239,确保感温元件与被测物体紧密接触,Repair
5240,检查测温元件护管外积垢情况,Diagnosis
5241,检测元件、继电器整定值不符合技术要求,Symptom
5242,整定值漂移,Cause
5243,重新调整至符合技术要求,Repair
5244,设置错误,Cause
5245,检查各检测元件和继电器的整定值,Diagnosis
5246,信号传输线屏蔽损坏或敷设不当,Symptom
5247,敷设在电力电线上,Cause
5248,修复屏蔽层,Repair
5249,重新敷设传输线,Repair
5250,物理损坏,Cause
5251,检查信号传输线屏蔽和敷设情况,Diagnosis
5252,报警器功能、消警功能或打印机自检功能异常,Symptom
5253,功能模块故障,Cause
5254,消警功能和打印机自检功能,Diagnosis
5255,检查报警器,Diagnosis
5256,检测点试验无法进行或数据不准确,Symptom
5257,检测点未在安装,Cause
5258,按正确流程进行试验,Repair
5259,自检程序未运行结束,Cause
5260,大修结束后进行试验,Cause
5261,自检程序运行结束,Diagnosis
5262,确保检测点在正确时间进行试验,Diagnosis
5263,检测点试验影响设备运行,Symptom
5264,试验顺序不当,Cause
5265,调整试验顺序,Repair
5266,优先分批试验影响设备运行的检测点,Diagnosis
5267,全封闭设备检测点无法试验,Symptom
5268,未在封闭前进行试验,Cause
5269,确保全封闭设备检测点在封闭前试验,Diagnosis
5270,检测元件动作参数不准确,Symptom
5271,检测元件安装位置,Cause
5272,调整至准确数值,Repair
5273,报警状态不当,Cause
5274,安装位置和报警状态,Diagnosis
5275,检查检测元件动作参数,Diagnosis
5276,检测点参数被误操作改变,Symptom
5277,未锁住可调整的检测点,Cause
5278,锁住检测点,Repair
5279,试验结束后立即锁住可调整的检测点,Diagnosis
5280,监测报警系统主电源失电后备用电源未自动切换,Symptom
5281,备用电源切换故障,Cause
5282,修复切换功能,Repair
5283,确保备用电源容量至少维持15分钟,Repair
5284,容量不足,Cause
5285,检查备用电源切换功能和容量,Diagnosis
5286,备用电源失电,Symptom
5287,连接线路问题,Cause
5288,确保监控系统正常运行,Repair
5289,监控系统失效,Cause
5290,检查监控系统连接,Diagnosis
5291,验证警报功能,Diagnosis
5292,检查备用电源状态,Diagnosis
5293,报警系统自身故障,Symptom
5294,自检系统故障,Cause
5295,确保自检系统正常运行,Repair
5296,传感器失效,Cause
5297,运行自检程序,Diagnosis
5298,验证线路连接,Diagnosis
5299,报警信号不符合规范,Symptom
5300,信号设置错误,Cause
5301,更换设备,Repair
5302,调整信号设置,Repair
5303,确保符合船级社规范,Repair
5304,规范更新未同步,Cause
5305,核对最新规范,Diagnosis
5306,检查信号设置,Diagnosis
5307,验证设备功能,Diagnosis
5308,报警信号未发送到指定位置,Symptom
5309,接收设备问题,Cause
5310,调整设置,Repair
5311,确保信号正确发送,Repair
5312,修复传输线路,Repair
5313,信号传输故障,Cause
5314,验证接收设备状态,Diagnosis
5315,核对设置,Diagnosis
5316,压力报警点不动作,Symptom
5317,控制参数设置错误,Cause
5318,调整控制参数,Repair
5319,液压泵问题,Cause
5320,压力传感器故障,Cause
5321,调整控制参数,Diagnosis
5322,使用手动液压泵测试,Diagnosis
5323,压差开关不动作,Symptom
5324,压力表不准,Cause
5325,校准压力表,Repair
5326,更换压差开关,Repair
5327,压差开关故障,Cause
5328,试验泵问题,Cause
5329,校准压力表,Diagnosis
5330,使用试验泵测试,Diagnosis
5331,检查压差开关状态,Diagnosis
5332,温度传感器报警不准确,Symptom
5333,温度调节器问题,Cause
5334,调节温度调节器,Repair
5335,介质温度不均匀,Cause
5336,实际加热测试,Diagnosis
5337,调节温度调节器,Diagnosis
5338,热电阻式传感器显示或报警不正确,Symptom
5339,电阻值与温度对应关系错误,Cause
5340,调节可调电阻至标准电阻值,Repair
5341,验证显示与报警功能,Repair
5342,确保接线正确,Repair
5343,可调电阻调节不准确,Cause
5344,接线盒中的温度传感器接线断开,Cause
5345,按图8-15接上可调电阻,Diagnosis
5346,断开接线盒中的温度传感器接线,Diagnosis
5347,检查显示与报警是否正确,Diagnosis
5348,根据温度对应的电阻值标准图表册查出所需设定的温度值对应的电阻值,Diagnosis
5349,调节可调电阻达到所需电阻值,Diagnosis
5350,热电偶式传感器显示或报警不正确,Symptom
5351,毫伏表调节不准确,Cause
5352,调节毫伏计至标准电压值,Repair
5353,电压值与温度对应关系错误,Cause
5354,按图8-16接上毫伏表,Diagnosis
5355,根据温度对应的电压（毫伏）值标准图表册查出所需设定的温度值对应的毫伏值,Diagnosis
5356,检查显示与报警状况是否正确,Diagnosis
5357,调节毫伏计达到所需的值,Diagnosis
5358,液位报警点不准确,Symptom
5359,传感器校准错误,Cause
5360,调整报警点设定值,Repair
5361,重新校准传感器,Repair
5362,确保温度范围和允许误差在标准范围内,Repair
5363,允许误差超出标准,Cause
5364,温度范围,Cause
5365,检查液位报警点的设定值,Diagnosis
5366,检查传感器的温度测量范围,Diagnosis
5367,允许误差是否符合表8-2标准,Diagnosis
5368,验证温度范围,Diagnosis
5369,液位报警点误报警,Symptom
5370,船的摇摆,Cause
5371,确保浮子安装位置正确,Repair
5372,调整延时时间,Repair
5373,液面处于临界状态,Cause
5374,检查浮子安装位置和延时时间设置,Diagnosis
5375,保护系统报警点不动作,Symptom
5376,保护系统故障,Cause
5377,重新设置报警点,Repair
5378,修复保护系统故障,Repair
5379,报警点设置错误,Cause
5380,检查报警传递是否正确,Diagnosis
5381,重点试验保护系统的报警点,Diagnosis
5382,综合报警点传递错误,Symptom
5383,多种状态报警混淆,Cause
5384,重新设置综合报警点,Repair
5385,确保每种状态的报警传递正确,Repair
5386,按功能逐一测试每种状态的报警,Diagnosis
5387,发电机原动机损坏,Symptom
5388,原动机调速器失灵,Cause
5389,冷却汽缸体,Repair
5390,更换调速器,Repair
5391,汽缸体过热,Cause
5392,检查原动机调速器和汽缸体温度,Diagnosis
5393,发电机定子绕组烧毁或断路,Symptom
5394,更换定子绕组,Repair
5395,检查定子绕组电阻和绝缘,Diagnosis
5396,励磁系统损坏,Symptom
5397,更换励磁系统元件,Repair
5398,励磁电路故障,Cause
5399,检查励磁电路和元件,Diagnosis
5400,电缆接线盒绝缘破坏,Symptom
5401,环境潮湿,Cause
5402,更换接线盒,Repair
5403,检查接线盒绝缘电阻,Diagnosis
5404,合闸操作不当,Symptom
5405,操作人员失误,Cause
5406,重新培训操作人员,Repair
5407,检查操作记录和操作步骤,Diagnosis
5408,发电机负荷控制不均衡,Symptom
5409,负荷分配系统故障,Cause
5410,调整负荷分配系统,Repair
5411,检查负荷分配系统和传感器,Diagnosis
5412,观测错误引起不当操作,Symptom
5413,观测失误,Cause
5414,更换仪表,Repair
5415,校准,Repair
5416,重新培训观测人员,Repair
5417,仪表故障,Cause
5418,检查仪表和观测记录,Diagnosis
5419,电气绝缘降低,Symptom
5420,恶劣环境条件,Cause
5421,改善环境条件,Repair
5422,检查设备绝缘电阻,Diagnosis
5423,突然短路、断路,Symptom
5424,意外事故,Cause
5425,断路点,Repair
5426,检查电路和断路器,Diagnosis
5427,电力系统一相接地故障,Symptom
5428,配电板开关击穿,Cause
5429,更换故障开关,Repair
5430,紧固接线,Repair
5431,发电机,Repair
5432,修复绝缘击穿点,Repair
5433,接线松脱碰壳,Cause
5434,发电机内部接地,Cause
5435,用电负载单相绝缘击穿,Cause
5436,检查绝缘指示灯,Diagnosis
5437,排查接地故障点,Diagnosis
5438,400V电力系统绝缘低故障,Symptom
5439,负载,Cause
5440,时处理绝缘故障,Repair
5441,避免另一相再次发生绝缘故障时形成短路电流,Repair
5442,其他用电设备一端（如露天甲板电气设备较易出现绝缘电阻低故障）,Cause
5443,也可能发生在主配电板内部,Cause
5444,发电机内部,Cause
5445,确定故障发生在负载端,Diagnosis
5446,检查绝缘电阻是否达到报警值,Diagnosis
5447,主配电板内部,Diagnosis
5448,发电机内部,Diagnosis
5449,220V电力系统绝缘低故障,Symptom
5450,各层照明电力分配系统中,Cause
5451,也常发生在厨房电器,Cause
5452,甲板照明系统中,Cause
5453,确定故障发生在照明电力分配系统,Diagnosis
5454,甲板照明系统中,Diagnosis
5455,厨房电器,Diagnosis
5456,发电机运行参数失调,Symptom
5457,逆功率,Cause
5458,采取保护措施以避免事故发生,Repair
5459,如使用能同时分断所有绝缘极的断路器作发电机的过载和短路保护,Repair
5460,过电压,Cause
5461,欠电压,Cause
5462,高频率,Cause
5463,低频率,Cause
5464,确定具体故障类型,Diagnosis
5465,检查发电机运行参数是否超过允许值,Diagnosis
5466,发电机过电流,Symptom
5467,大于额定电流的不正常电流,Cause
5468,根据过电流程度采取相应措施,Repair
5469,1.5倍额定电流时不超过5min,Repair
5470,如1.1倍额定电流时不超过2h,Repair
5471,确定过电流程度,Diagnosis
5472,检查电流是否超过额定电流,Diagnosis
5473,发电机过载,Symptom
5474,实际负载超过额定负载,Cause
5475,1.35倍额定功率时不超过5min,Repair
5476,根据过载程度采取相应措施,Repair
5477,如1.1倍额定功率时不超过2h,Repair
5478,检查负载是否超过额定负载,Diagnosis
5479,确定过载程度,Diagnosis
5480,发电机短路,Symptom
5481,偶然的连接,Cause
5482,立即切断短路电流,Repair
5483,避免发电机损坏,Repair
5484,电路中两点通过一个极小的阻抗人为,Cause
5485,检查电路是否存在短路现象,Diagnosis
5486,过载小于10%,Symptom
5487,发电机负载超过额定电流的1.1倍,Cause
5488,延时时间不超过15分钟,Repair
5489,设置带延时的音响报警器,Repair
5490,最大整定值为发电机额定电流的1.1倍,Repair
5491,检查发电机电流是否超过额定电流的1.1倍,Diagnosis
5492,过载10%~50%,Symptom
5493,发电机负载超过额定电流的125%~135%,Cause
5494,延时15~30秒断路器分闸,Repair
5495,整定值为发电机额定电流的125%~135%,Repair
5496,断路器应在少于2分钟的延时后分闸,Repair
5497,检查发电机电流是否在额定电流的125%~135%之间,Diagnosis
5498,过电流大于50%，但小于发电机的稳态短路电流,Symptom
5499,发电机负载超过额定电流的200%~250%,Cause
5500,断路器应在短暂延时后分闸,Repair
5501,始动值为发电机额定电流的200%~250%,Repair
5502,交流最长为0.6秒,Repair
5503,延时时间直流最长为0.2秒,Repair
5504,检查发电机电流是否在额定电流的200%~250%之间,Diagnosis
5505,3台及3台以上发电机并联运行时短路,Symptom
5506,发电机短路电流超过最大短路电流,Cause
5507,整定在稍大于其保护发电机的最大短路电流下断路器瞬时分闸,Repair
5508,设置瞬时脱扣器,Repair
5509,检查发电机短路电流是否超过最大短路电流,Diagnosis
5510,发电机逆功率运行,Symptom
5511,原动机输出功率减少至零,Cause
5512,逆功率值整定为：柴油机为发电机额定功率的15%,Repair
5513,设置延时3~10秒动作的逆功率保护,Repair
5514,涡轮机为发电机额定功率的2%~8%,Repair
5515,发电机进入电动机运行状态,Cause
5516,检查发电机是否向电网吸取有功功率,Diagnosis
5517,发电机欠励或失磁,Symptom
5518,防止无功环流导致电网失电,Repair
5519,采取保护措施将故障发电机从电网中切除,Repair
5520,全部失去励磁,Cause
5521,发电机部分,Cause
5522,检查发电机是否向电网吸取超前的无功电流,Diagnosis
5523,进入异步运行状态,Diagnosis
5524,发电机失去同步进入异步运行状态,Symptom
5525,电磁力减小,Cause
5526,恢复励磁,Repair
5527,调整励磁电流至正常范围,Repair
5528,检查发电机的励磁系统,Diagnosis
5529,欠励,Diagnosis
5530,确认是否失磁,Diagnosis
5531,发电机欠压或失压,Symptom
5532,欠励,Cause
5533,调整励磁电流,Repair
5534,必要时启动备用发电机,Repair
5535,发电机单机运行时失磁,Cause
5536,检查电压表,Diagnosis
5537,确认电压是否低于额定值,Diagnosis
5538,欠压保护动作,Symptom
5539,并联运行发电机电压降低至额定电压的70%~35%,Cause
5540,调整电压保护装置的设定值,Repair
5541,延时时间,Repair
5542,确保符合规范要求,Repair
5543,检查电压保护装置的设定值和延时时间,Diagnosis
5544,系统性故障（二次事故）,Symptom
5545,保护装置整定不当,Cause
5546,确保保护范围无死区,Repair
5547,重新整定保护装置,Repair
5548,断路器失灵,Cause
5549,保护设备误动作,Cause
5550,故障发生在保护死区,Cause
5551,确认断路器状态,Diagnosis
5552,检查保护装置的整定值和动作记录,Diagnosis
5553,全船跳电,Symptom
5554,电故障,Cause
5555,重新启动发电机,Repair
5556,复位过流继电器,Repair
5557,逆功率继电器,Repair
5558,操作不当,Cause
5559,检查发电机主开关和保护装置的动作记录,Diagnosis
5560,并车操作时电网跳电,Symptom
5561,并车操作不当导致发电机主开关过流保护,Cause
5562,重新进行并车操作,Repair
5563,逆功率保护动作,Cause
5564,检查原运行机组与待并机组的机,Diagnosis
5565,电状况,Diagnosis
5566,运行机组因机械故障发生电网跳电,Symptom
5567,机组超速,Cause
5568,待转速,Repair
5569,最后检修故障机组,Repair
5570,电压正常后合闸供电,Repair
5571,重要性逐级启动各类负荷,Repair
5572,启动备用机组,Repair
5573,按功率大小,Repair
5574,滑油压力,Repair
5575,滑油失压,Cause
5576,应答警报,Diagnosis
5577,检查报警装置指示,Diagnosis
5578,消声,Diagnosis
5579,单机运行时启动大负荷或几乎同时启动几个较大负荷时发生电网跳电,Symptom
5580,过流继电器动作,Cause
5581,按并车操作要求进行并联运行,Repair
5582,合上发电机主开关,Repair
5583,启动备用发电机组,Repair
5584,并车完成后再启动大负荷投入运行,Repair
5585,重要性逐级启动各类负荷投入运行,Repair
5586,复位过流继电器,Diagnosis
5587,运行机组因发电机内部短路或失压保护动作发生电网跳电,Symptom
5588,短路保护动作,Cause
5589,若短路保护跳闸,Repair
5590,启动备用机组投入电网运行,Repair
5591,若失压保护跳闸,Repair
5592,检查故障机组的发电机调压器,Repair
5593,排除短路故障后合闸供电,Repair
5594,停故障机组,Repair
5595,检查主配电板汇流排是否短路,Repair
5596,失压保护,Cause
5597,检查机组运行状态,Diagnosis
5598,电压,Diagnosis
5599,运行机组主开关误动作跳闸或因船舶电网选择性保护不良发生电网跳电,Symptom
5600,主开关误动作,Cause
5601,确信配电板没有发生短路后合闸供电,Repair
5602,选择性保护不良,Cause
5603,检查配电板是否发生短路,Diagnosis
5604,燃油供给故障（如调速器失灵、断燃油等）发生电网跳电,Symptom
5605,调速器失灵,Cause
5606,燃油供给系统,Repair
5607,检修故障机组的调速器,Repair
5608,启动备用发电机组投入电网运行,Repair
5609,断燃油,Cause
5610,检查系统燃油供给系统,Diagnosis
5611,自动电站管理系统电网失电,Symptom
5612,电故障导致主开关跳闸,Cause
5613,值班人员按报警指示故障进行相应检查,Repair
5614,自动电站管理系统自动处理,Repair
5615,排除处理,Repair
5616,查看报警指示,Diagnosis
5617,电网突然失电，所有设备均停止运行,Symptom
5618,发电机短路,Cause
5619,确信主配电板没有发生短路后合闸供电,Repair
5620,排除短路点,Repair
5621,检查汇流排是否发生短路,Diagnosis
5622,船舶电网短路保护的选择性整定不当,Symptom
5623,保护装置整定值设置不正确,Cause
5624,解除阻塞,Repair
5625,值班人员可遥控启动值班发电机组投入电网运行,Repair
5626,重新整定保护装置的参数,Repair
5627,更换故障的保护装置,Repair
5628,按复位按钮,Repair
5629,系统恢复至自动状态,Repair
5630,保护装置故障,Cause
5631,确认是否符合设计要求,Diagnosis
5632,检查保护装置的整定值,Diagnosis
5633,检查保护装置是否正常工作,Diagnosis
5634,发电机附近有水、油及污物堆积,Symptom
5635,环境维护不当,Cause
5636,确保环境干燥清洁,Repair
5637,清理发电机周围的水,Repair
5638,污物,Repair
5639,导致发电机附近积聚水,Cause
5640,污物,Cause
5641,检查发电机周围环境,Diagnosis
5642,污物堆积,Diagnosis
5643,确认是否有水,Diagnosis
5644,发电机通风孔道堵塞,Symptom
5645,灰尘污物积聚导致通风孔道堵塞,Cause
5646,保持畅通无阻,Repair
5647,清洁通风孔道内的灰尘污物,Repair
5648,检查通风孔道是否畅通,Diagnosis
5649,确认是否有灰尘污物堵塞,Diagnosis
5650,发电机轴承润滑油变色、混浊或有水,Symptom
5651,受到污染,Cause
5652,先用轻柴油洗净轴承,Repair
5653,再注入新润滑脂,Repair
5654,更换新润滑油,Repair
5655,润滑油老化,Cause
5656,取出润滑油样品检查,Diagnosis
5657,混浊,Diagnosis
5658,有水,Diagnosis
5659,确认油色是否变暗,Diagnosis
5660,发电机轴承发热,Symptom
5661,润滑不良,Cause
5662,确认是否润滑不良,Diagnosis
5663,温度,Diagnosis
5664,轴承损坏,Diagnosis
5665,长期停用的发电机组启动前滚动轴承润滑脂脏或硬化,Symptom
5666,填入量为轴承室空间的2/3,Repair
5667,填入清洁的润滑脂,Repair
5668,冲洗轴承并用汽油清洗,Repair
5669,润滑脂长期未更换,Cause
5670,确认润滑脂是否脏,Diagnosis
5671,检查滚动轴承的润滑状态,Diagnosis
5672,硬化,Diagnosis
5673,发电机转速已达到额定值，但电压不能正常建立,Symptom
5674,电刷卡在刷握中,Cause
5675,用外电源（直流）进行充磁起压,Repair
5676,电抗器,Cause
5677,调压器整流元件被击穿,Cause
5678,刷辫断开,Cause
5679,剩磁不够,Cause
5680,发黑不导电,Cause
5681,无剩磁,Cause
5682,气隙太小,Cause
5683,发电机剩磁电压与整流器输出电压极性相反,Cause
5684,线性电抗器无气隙,Cause
5685,谐振电容器短路,Cause
5686,励磁绕组开路,Cause
5687,谐振电容器和相复励变压器之间的连线断开,Cause
5688,发电机集电环锈蚀,Cause
5689,用细砂纸打磨集电环表面,Diagnosis
5690,检查连线,Diagnosis
5691,断线,Diagnosis
5692,检查从整流器至励磁绕组是否有松脱,Diagnosis
5693,检查修理电刷,Diagnosis
5694,调换励磁绕组的连接,Diagnosis
5695,重新接好,Diagnosis
5696,调整气隙到适当大小,Diagnosis
5697,更正接错的地方,Diagnosis
5698,检查并更换击穿的整流元件,Diagnosis
5699,刷辫,Diagnosis
5700,认真检查接线,Diagnosis
5701,更换电容器,Diagnosis
5702,刷握,Diagnosis
5703,发电机电压低于额定值,Symptom
5704,整定电阻太小,Cause
5705,调整增大气隙,Repair
5706,相复励变压器抽头有变动,Cause
5707,相复励变压器有一相开路,Cause
5708,移相电抗器气隙太小,Cause
5709,发电机励磁绕组有断路,Cause
5710,整流器,Cause
5711,转速太低,Cause
5712,电压表有误差,Cause
5713,提高转速到额定值,Diagnosis
5714,查出后接好紧固,Diagnosis
5715,换新,Diagnosis
5716,校对电压表,Diagnosis
5717,修复,Diagnosis
5718,重新抽头接线,Diagnosis
5719,检查励磁绕组,Diagnosis
5720,并校核频率,Diagnosis
5721,检查三者之间接线是否有松动,Diagnosis
5722,检查并校核电压,Diagnosis
5723,调大整定电阻,Diagnosis
5724,发电机电压高于额定值,Symptom
5725,更新电阻,Repair
5726,检查并修复,Repair
5727,按需要调小气隙,Repair
5728,校正电压表,Repair
5729,按需要重新调整,Repair
5730,电阻烧断,Cause
5731,相复励变压器抽头变动,Cause
5732,整定电阻的滑动触头烧坏,Cause
5733,锈蚀,Cause
5734,移相电抗器气隙过大,Cause
5735,检查移相电抗器气隙,Diagnosis
5736,检查整定电阻的滑动触头,Diagnosis
5737,相复励变压器抽头,Diagnosis
5738,检查电抗器,Diagnosis
5739,发电机在运行过程中突然不发电,Symptom
5740,检查并更换已击穿的整流元件,Repair
5741,将气隙调到所要求的数值,Repair
5742,更换已击穿的电容,Repair
5743,更换新线圈,Repair
5744,并紧固铁芯,Repair
5745,检查从整流器至励磁绕组的连线是否松动,Repair
5746,检查并修理,Repair
5747,以致气隙减小,Cause
5748,整流器击穿,Cause
5749,电抗器铁芯松动,Cause
5750,谐振电容器被击穿,Cause
5751,励磁绕组回路无励磁电流,Cause
5752,相复励变压器线圈短路,Cause
5753,检查励磁绕组回路,Diagnosis
5754,相复励变压器线圈,Diagnosis
5755,检查电抗器铁芯,Diagnosis
5756,检查谐振电容器,Diagnosis
5757,检查整流器,Diagnosis
5758,负载增加，发电机电压大幅度下降,Symptom
5759,移相电抗器,Cause
5760,调换电流绕组,Repair
5761,其连线,Repair
5762,将铁芯调回原位并固定好,Repair
5763,检修调速器,Repair
5764,使二者的极性一致,Repair
5765,检查三者之间连线的开路点,Repair
5766,检查整流器,Repair
5767,使其接通,Repair
5768,电压绕组,Repair
5769,并修复,Repair
5770,定子铁芯有位移,Cause
5771,原动机的调速器性能不良,Cause
5772,整流器中有开路,Cause
5773,相复励变压器的电流绕组和电压绕组极性不一致,Cause
5774,检查移相电抗器,Diagnosis
5775,检查原动机的调速器,Diagnosis
5776,检查相复励变压器的电流绕组和电压绕组极性,Diagnosis
5777,检查定子铁芯,Diagnosis
5778,整流器,Diagnosis
5779,其连线,Diagnosis
5780,相复励变压器连线,Diagnosis
5781,发电机过热,Symptom
5782,三相负载不平衡,Cause
5783,转子绕组,Repair
5784,检查是否有单相大功率负载,Repair
5785,并修复短路的绕组,Repair
5786,检查电机定,Repair
5787,观察发电机输出电流,Repair
5788,电动机单相运转,Repair
5789,检查电机轴承,Repair
5790,功率,Repair
5791,并将其控制在额定值以下,Repair
5792,转轴和转子铁芯有否松动,Repair
5793,转子相互摩擦,Cause
5794,定子绕组短路,Cause
5795,转子绕组,Diagnosis
5796,检查电机定,Diagnosis
5797,观察发电机输出电流,Diagnosis
5798,转轴和转子铁芯,Diagnosis
5799,检查电机轴承,Diagnosis
5800,功率,Diagnosis
5801,检查三相负载,Diagnosis
5802,发电机轴承过热,Symptom
5803,轴承盖装配不当,Cause
5804,润滑油量不得超过轴承室空间的2/3,Repair
5805,重新找正安装,Repair
5806,校正转轴,Repair
5807,换油,Repair
5808,重新安装好,Repair
5809,检查并加油,Repair
5810,发电机组装配不良,Cause
5811,发电机转轴弯曲,Cause
5812,电机端盖,Cause
5813,轴承磨损严重,Cause
5814,太少,Cause
5815,变质,Cause
5816,润滑油(脂)太多,Cause
5817,检查轴承磨损情况,Diagnosis
5818,轴承盖装配,Diagnosis
5819,检查润滑油(脂),Diagnosis
5820,检查电机端盖,Diagnosis
5821,检查发电机转轴,Diagnosis
5822,检查发电机组装配,Diagnosis
5823,同步发电机输出电压不稳定,Symptom
5824,励磁电流调节不当,Cause
5825,调整励磁电流至额定值,Repair
5826,确保输入电压在SSR的工作范围内,Repair
5827,重新连接电压检测端子至正确的抽头,Repair
5828,调整R2以设置适当的调差作用,Repair
5829,电压检测电路故障,Cause
5830,励磁电源输入电压超出范围,Cause
5831,自动电压调节器（SSR）故障,Cause
5832,检查SSR的输入电压是否在190~277 V范围内,Diagnosis
5833,检查励磁电流是否可调,Diagnosis
5834,检查调差电阻R2的设置,Diagnosis
5835,验证电压检测端子的连接是否正确（例如450 V应接在480 V端子上）,Diagnosis
5836,自动电压调节器（SSR）无输出,Symptom
5837,端子25,Cause
5838,更换励磁绕组,Repair
5839,根据频率正确设置端子25,Repair
5840,更换故障的可控整流器,Repair
5841,30,Repair
5842,输入电源熔断器FU熔断,Cause
5843,30设置错误,Cause
5844,可控整流器故障,Cause
5845,检查熔断器FU是否完好,Diagnosis
5846,F之间是否有输出电压,Diagnosis
5847,短路设置与频率匹配,Diagnosis
5848,30的开路,Diagnosis
5849,确认端子25,Diagnosis
5850,检查励磁绕组的连通性,Diagnosis
5851,测量端子F+,Diagnosis
5852,发电机并联运行时无功负载分配不均,Symptom
5853,调差电阻R2设置不当,Cause
5854,调整R2以获得适当的调差作用,Repair
5855,更换故障的电流互感器TCC,Repair
5856,校正电压检测电路的相位,Repair
5857,电压检测相位错误,Cause
5858,电流互感器TCC故障,Cause
5859,验证电压检测电路的相位,Diagnosis
5860,测试电流互感器TCC的输出,Diagnosis
5861,检查R2的设置是否正确,Diagnosis
5862,Adust(下降率调节）字样，一般由制造厂出厂时调定,Symptom
5863,按照制造厂出厂时的调定进行设置,Repair
5864,出厂设置未调整,Cause
5865,检查出厂设置是否正确,Diagnosis
5866,TCC，二次侧接人端子1、2次序与发电机输出电压的相序有关,Symptom
5867,接线顺序错误,Cause
5868,2接线,Repair
5869,电压升高则接线错误,Repair
5870,如果后者电压下降则接线正确,Repair
5871,应更换端子1,Repair
5872,比较纯电阻负载时的电压和同样功率的带感性的负载时的电压,Diagnosis
5873,参与并联的各台发电机，在同样感性负载时的电压下降值不一致,Symptom
5874,电阻 R2 调节不当,Cause
5875,调节电阻 R2 使各机电压下降接近一致,Repair
5876,检查各机电压下降值,Diagnosis
5877,发电机输出电压无法在配电板上遥控整定,Symptom
5878,未短接端子6,Cause
5879,配电板上希望P在中间位置是额定电压,Repair
5880,可以用电位器R进行配合调节,Repair
5881,用 R 调节,Repair
5882,如果不采用遥控,Repair
5883,端子6,Repair
5884,7短接,Repair
5885,遥控调节电位器P接线错误,Cause
5886,电位器P接线,Diagnosis
5887,7是否短接,Diagnosis
5888,检查端子6,Diagnosis
5889,AVR反应迟缓或电压振荡,Symptom
5890,稳定度调节不当,Cause
5891,逆时针转至电压开始摇摆振荡,Repair
5892,然后再顺时针略为转至电压停止摇摆,Repair
5893,在空载的情况下调节电压至额定值,Repair
5894,检查电位器R3的调节位置,Diagnosis
5895,低频时AVR调节使励磁过载,Symptom
5896,低频保护设置不当,Cause
5897,并用电位器Ra整定截断点,Repair
5898,限制励磁输出的方式,Repair
5899,根据需要选择使AVR退出工作,Repair
5900,检查低频保护方式和设置,Diagnosis
5901,60 Hz的发电机建压后，频率下降到51Hz时电压消失,Symptom
5902,频率调整不当,Cause
5903,逆时针旋转调整至电压恢复,Repair
5904,取消R4功能并将R4顺时针转至最大位置,Repair
5905,电压恢复机制故障,Cause
5906,确认R4的设置是否正确,Diagnosis
5907,检查频率调整特性,Diagnosis
5908,电压不随频率比例下降,Symptom
5909,R4功能未取消,Cause
5910,根据需求短接/开路端子29,Repair
5911,30的连接状态,Diagnosis
5912,检查R4的设置和端子29,Diagnosis
5913,系统发生突然短路时，无法提供强行励磁,Symptom
5914,机端电压骤降导致AVR无法提供强励,Cause
5915,提供强行励磁电流,Repair
5916,确保短路电流通过整流桥与AVR输出串联,Repair
5917,检查电流互感器TCC的二次绕组和接触器K的状态,Diagnosis
5918,发电机电压静态指标不达标,Symptom
5919,AVR调节精度设置不当,Cause
5920,确保调节精度在±0.25%～±1.5%范围内,Repair
5921,调整AVR的灵敏度,Repair
5922,检查AVR的调节精度设置和Rs的调整,Diagnosis
5923,自动电压调节器故障导致发电机无法供电运行,Symptom
5924,自动电压调节器内部元件损坏,Cause
5925,使用备用的手动电压调节器（如MVC模块）暂时替代自动电压调节器,Repair
5926,调节器电路故障,Cause
5927,外部信号干扰,Cause
5928,检查可控硅整流桥的工作状态,Diagnosis
5929,检查调节器输出是否正常,Diagnosis
5930,检查自动电压调节器的电源和输入信号是否正常,Diagnosis
5931,发电机控制屏指示灯异常,Symptom
5932,主开关状态异常,Cause
5933,修复电路连接,Repair
5934,更换损坏的指示灯,Repair
5935,电路连接不良,Cause
5936,检查指示灯是否烧坏,Diagnosis
5937,检查主开关的状态是否正常,Diagnosis
5938,检查电路连接是否牢固,Diagnosis
5939,主开关无法合闸或分闸,Symptom
5940,主开关机械卡阻,Cause
5941,更换故障按钮,Repair
5942,排除机械卡阻,Repair
5943,分闸按钮故障,Cause
5944,合闸,Cause
5945,检查按钮是否正常工作,Diagnosis
5946,检查主开关机械部分是否卡阻,Diagnosis
5947,发电机过载保护装置动作,Symptom
5948,保护装置设定值不正确,Cause
5949,重新设定保护装置,Repair
5950,调整负载至正常范围,Repair
5951,修复分级卸载保护装置,Repair
5952,分级卸载保护装置故障,Cause
5953,负载突然增加,Cause
5954,检查当前负载是否超过设定值,Diagnosis
5955,检查分级卸载保护装置是否正常工作,Diagnosis
5956,检查保护装置设定值是否正确,Diagnosis
5957,逆功率继电器动作,Symptom
5958,继电器本身故障,Cause
5959,调整发电机功率分配,Repair
5960,重新设定逆功率继电器,Repair
5961,更换故障继电器,Repair
5962,逆功率继电器设定值不正确,Cause
5963,发电机并联运行时功率分配不均,Cause
5964,检查逆功率继电器设定值是否正确,Diagnosis
5965,测试继电器是否正常工作,Diagnosis
5966,检查发电机并联运行时的功率分配情况,Diagnosis
5967,发电机主开关自动控制断开,Symptom
5968,失压脱扣装置故障,Cause
5969,更换辅助触头,Repair
5970,更换失压脱扣装置,Repair
5971,检查并排除过电流原因,Repair
5972,更换分励脱扣装置,Repair
5973,更换灭弧装置,Repair
5974,分励脱扣装置故障,Cause
5975,过电流保护装置动作,Cause
5976,辅助触头故障,Cause
5977,灭弧装置故障,Cause
5978,检查过电流保护装置是否动作,Diagnosis
5979,检查失压脱扣装置是否正常工作,Diagnosis
5980,检查分励脱扣装置是否正常工作,Diagnosis
5981,检查辅助触头是否接触良好,Diagnosis
5982,检查灭弧装置是否正常工作,Diagnosis
5983,发电机剩磁不够不能起压,Symptom
5984,更换励磁电路,Repair
5985,更换自动电压调整器,Repair
5986,使用充磁按钮进行充磁,Repair
5987,发电机剩磁不足,Cause
5988,自动电压调整器故障,Cause
5989,检查自动电压调整器是否正常工作,Diagnosis
5990,检查励磁电路是否正常,Diagnosis
5991,测量发电机的剩磁电压,Diagnosis
5992,并车时冲击电流过大,Symptom
5993,并车继电器,Cause
5994,更换并车继电器,Repair
5995,同步指示灯,Repair
5996,更换同步表,Repair
5997,更换粗同步电抗器,Repair
5998,同步表,Cause
5999,同步指示灯故障,Cause
6000,粗同步电抗器故障,Cause
6001,检查同步表,Diagnosis
6002,接触器是否正常工作,Diagnosis
6003,检查粗同步电抗器是否正常工作,Diagnosis
6004,检查并车继电器,Diagnosis
6005,同步指示灯是否正常工作,Diagnosis
6006,岸电逆序或缺相,Symptom
6007,岸电相序错误,Cause
6008,更换岸电主开关,Repair
6009,更换逆序保护装置,Repair
6010,调整岸电相序,Repair
6011,岸电主开关故障,Cause
6012,逆序保护装置故障,Cause
6013,检查岸电主开关是否正常工作,Diagnosis
6014,检查逆序保护装置是否正常工作,Diagnosis
6015,检查岸电相序是否正确,Diagnosis
6016,发电机主开关不能合闸,Symptom
6017,脱扣机构磨损严重,Cause
6018,根据诊断步骤逐一排查并修复相应问题,Repair
6019,电磁）脱扣器失调（即动作值太小）,Cause
6020,失压脱扣器不能正常吸合,Cause
6021,热脱扣器动作后未复位,Cause
6022,过电流（,Cause
6023,钩不住,Cause
6024,检查脱扣器反力弹簧拉力是否正常,Diagnosis
6025,检查接线柱是否松脱,Diagnosis
6026,检测失压线圈两端电压是否正常,Diagnosis
6027,检查线圈是否开路,Diagnosis
6028,检查机械机构是否卡住,Diagnosis
6029,线圈电压不正常,Symptom
6030,脱扣按钮故障,Cause
6031,换新,Repair
6032,检查脱扣机械,Repair
6033,调整相应螺栓,Repair
6034,校正调整至要求值,Repair
6035,停1~2秒待热元件复位,Repair
6036,失压线圈电路故障,Cause
6037,接线柱松脱,Cause
6038,保险丝烧断,Cause
6039,主开关的辅助触点失效,Cause
6040,所串电阻问题,Cause
6041,检查脱扣按钮,Diagnosis
6042,检查所串电阻,Diagnosis
6043,检测失压线圈电路,Diagnosis
6044,保险丝,Diagnosis
6045,主开关的辅助触点,Diagnosis
6046,主开关合闸后电网无电压,Symptom
6047,动触头松脱,Cause
6048,更换主触头,Repair
6049,紧固螺钉,Repair
6050,接好,Repair
6051,动静触头不接触,Cause
6052,主触头烧坏,Cause
6053,检查主触头,Diagnosis
6054,连接处,Diagnosis
6055,主开关合闸使用过程中跳闸,Symptom
6056,过载继电器的延时太小,Cause
6057,检查调整到规定延时值,Repair
6058,检查调小弹簧拉力,Repair
6059,负载突然加大,Cause
6060,电磁）脱扣器失调,Cause
6061,脱扣机构老化,Cause
6062,失压脱扣器的衔铁钩不住脱扣轴,Cause
6063,失压脱扣器反力弹簧作用力过大,Cause
6064,失压线圈串联电阻过大,Cause
6065,无延时作用,Cause
6066,调速器特性,Diagnosis
6067,检查脱扣机构,Diagnosis
6068,连线,Diagnosis
6069,检查串联电阻,Diagnosis
6070,主开关受船体振动自动跳闸,Symptom
6071,过流脱扣器失调,Cause
6072,减少弹簧反作用力,Repair
6073,调整过流脱扣器,Repair
6074,增大电磁吸力,Repair
6075,检查修理,Repair
6076,自由脱扣机构钩不住,Cause
6077,失压线圈电阻值太大,Cause
6078,弹簧反作用力,Diagnosis
6079,检查自由脱扣机构,Diagnosis
6080,检查过流脱扣器,Diagnosis
6081,检查电磁吸力,Diagnosis
6082,逆功率继电器失灵，交流发电机产生逆功率现象,Symptom
6083,电流线圈烧坏,Cause
6084,改为正确接线,Repair
6085,检查并更换线圈,Repair
6086,电压线圈,Cause
6087,没有按要求接线,Cause
6088,检查电压线圈,Diagnosis
6089,检查接线,Diagnosis
6090,电流线圈,Diagnosis
6091,发电机过载保护动作使主开关跳闸,Symptom
6092,发电机单机运行在较大负荷下启动大负荷运行,Cause
6093,检查并修复机电故障,Repair
6094,避免在较大负荷下启动大负荷运行,Repair
6095,并联运行时其中一台机组因机电故障保护立即跳闸,Cause
6096,查看发电机实际功率,Diagnosis
6097,检查机电故障,Diagnosis
6098,分级卸载装置失灵或卸载后仍过载致运行机组出现过载而发生保护跳闸,Symptom
6099,分级卸载装置故障,Cause
6100,更换分级卸载装置,Repair
6101,确保卸载后负载在安全范围内,Repair
6102,卸载后仍过载,Cause
6103,检查分级卸载装置的工作状态和卸载后的负载情况,Diagnosis
6104,发电机欠压保护跳闸,Symptom
6105,调速器,Cause
6106,燃油系统,Repair
6107,修复调速器,Repair
6108,燃油系统故障,Cause
6109,检查转速是否下降（柴油机声音）,Diagnosis
6110,电压是否下降（照明灯亮度）,Diagnosis
6111,发电机逆功率保护跳闸,Symptom
6112,并车操作合闸时刻不当,Cause
6113,恢复燃油供应,Repair
6114,纠正负荷分配操作,Repair
6115,调整并车操作,Repair
6116,负荷分配操作调节方向调反,Cause
6117,燃油中断,Cause
6118,柴油机调速器损坏,Cause
6119,检查并车操作,Diagnosis
6120,负荷分配操作,Diagnosis
6121,调速器和燃油系统,Diagnosis
6122,发电机主开关跳闸主电网失电,Symptom
6123,发电机外部短路故障,Cause
6124,纠正操作,Repair
6125,修复主开关,Repair
6126,操作失误,Cause
6127,主开关本身故障,Cause
6128,转速和电压变化,Diagnosis
6129,负载启动情况,Diagnosis
6130,检查报警指示,Diagnosis
6131,船舶电网单相接地,Symptom
6132,电网绝缘下降,Cause
6133,查找并修复接地故障点,Repair
6134,使用电网绝缘检测装置测量绝缘电阻,Diagnosis
6135,动力电网绝缘下降,Symptom
6136,漏电流增大,Cause
6137,查找并修复绝缘下降的原因,Repair
6138,使用配电板式兆欧表测量绝缘电阻,Diagnosis
6139,绝缘电阻低或兆欧表指示为0,Symptom
6140,照明网络接地故障,Cause
6141,找到并修复接地故障点,Repair
6142,恢复绝缘电阻至正常值,Repair
6143,经过这些检查仍找不到接地点时,Diagnosis
6144,检查灯头,Diagnosis
6145,拉掉这一路分配电开关,Diagnosis
6146,在分配电箱前,Diagnosis
6147,打开配电板式兆欧表测量照明网络,Diagnosis
6148,在主配电板前合上这一路配电开关恢复供电,Diagnosis
6149,开关内部状况,Diagnosis
6150,逐个测量分支电路对地绝缘状况,Diagnosis
6151,应检查接线盒至用电器间电缆直至找到接地故障点,Diagnosis
6152,应从中间接线盒断开,Diagnosis
6153,逐个拉掉照明配电开关,Diagnosis
6154,拉区域开关的次序应为：船员居住区甲板照明区——机舱照明区-驾驶室的通导设备,Diagnosis
6155,运用便携式兆欧表查找二次配电网络,Diagnosis
6156,找到发生接地故障的配电开关后,Diagnosis
6157,在查找具体接地点时,Diagnosis
6158,判断是哪一小区域接地的,Diagnosis
6159,逐一检查每个供电点,Diagnosis
6160,开关部分引线,Diagnosis
6161,合上其余开关,Diagnosis
6162,主要检查灯头,Diagnosis
6163,找到接地的分支电路后,Diagnosis
6164,查看兆欧表指示是否恢复正常值,Diagnosis
6165,切断该路供电,Diagnosis
6166,兆欧表指示此时为0,Diagnosis
6167,插头,Diagnosis
6168,绝缘电阻异常低时发出声、光报警信号,Symptom
6169,电网对地绝缘电阻下降至100Q/V以下,Cause
6170,触发报警装置,Repair
6171,时查找并修复绝缘电阻低的故障点,Repair
6172,确认绝缘电阻是否低于100Q/V,Diagnosis
6173,特别是照明网络,Diagnosis
6174,检查电网各部分的绝缘状况,Diagnosis
6175,连续监测装置的读数,Diagnosis
6176,检查配电板式兆欧表,Diagnosis
6177,岸电箱无法正常供电,Symptom
6178,熔断器熔断,Cause
6179,恢复岸电供电,Repair
6180,确保相序正确,Repair
6181,岸电箱断路器跳闸,Cause
6182,相序错误,Cause
6183,熔断器状态,Diagnosis
6184,负序继电器是否指示正确,Diagnosis
6185,检查岸电电源指示灯是否亮起,Diagnosis
6186,确认船电的额定电压与额定频率与岸电匹配,Diagnosis
6187,检查相序指示灯,Diagnosis
6188,岸电相序与船电相序不一致,Symptom
6189,岸电相序测定器指示灯亮暗关系与标志不一致,Cause
6190,调整岸电相序至与船电相序一致,Repair
6191,检查岸电箱上相序测定器的指示灯亮暗关系是否与标志一致,Diagnosis
6192,岸电箱开关合上即跳闸,Symptom
6193,负序继电器检测到相序不一致,Cause
6194,确保岸电相序与船电相序一致后再合闸,Repair
6195,检查相序测定器指示和负序继电器状态,Diagnosis
6196,发电机与岸电同时合闸,Symptom
6197,并联设施故障,Cause
6198,确保岸电切除后发电机才合闸,Repair
6199,严禁发电机与岸电同时合闸,Repair
6200,检查操作流程和并联设施状态,Diagnosis
6201,发电机并联运行时相序不一致,Symptom
6202,待并发电机与电网相序不一致,Cause
6203,确保待并发电机与电网相序一致,Repair
6204,使用相序表检查待并发电机与电网相序,Diagnosis
6205,发电机并联运行时频率不等,Symptom
6206,待并发电机频率与电网频率差异超过0.5Hz,Cause
6207,调整待并发电机频率至与电网频率相等,Repair
6208,误差在0.5Hz以内,Repair
6209,测量待并发电机与电网的频率,Diagnosis
6210,发电机并联运行时相位不等,Symptom
6211,待并发电机电压初相位与电网相位差异超过10~15°,Cause
6212,误差在10~15°以内,Repair
6213,调整待并发电机相位至与电网相位相同,Repair
6214,测量待并发电机与电网的相位差,Diagnosis
6215,发电机并联运行时电压有效值不等,Symptom
6216,待并发电机电压有效值与电网电压有效值差异超过10%,Cause
6217,误差在10%以内,Repair
6218,调整待并发电机电压有效值至与电网电压有效值相等,Repair
6219,测量待并发电机与电网的电压有效值,Diagnosis
6220,手动准同步法操作不熟练,Symptom
6221,对并车条件理解不足,Cause
6222,加强操作者的技术培训,Repair
6223,确保熟悉并车条件和操作步骤,Repair
6224,操作者技术不熟练,Cause
6225,检查操作者的培训记录,Diagnosis
6226,观察并车操作过程,Diagnosis
6227,整步表指针不稳定,Symptom
6228,频率差过大,Cause
6229,调整待并发电机频率,Repair
6230,确保频差在0.5Hz内,Repair
6231,同步表故障,Cause
6232,测试同步表功能,Diagnosis
6233,检查待并发电机与电网的频率差,Diagnosis
6234,合闸时刻不准确,Symptom
6235,操作者判断错误,Cause
6236,加强操作者培训,Repair
6237,更换同步指示灯,Repair
6238,检查同步指示灯功能,Diagnosis
6239,观察操作者合闸时机,Diagnosis
6240,负载转移过程中频率波动,Symptom
6241,油门调节不当,Cause
6242,确保负载均匀分配,Repair
6243,保持电网频率稳定,Repair
6244,平稳调节油门,Repair
6245,检查油门调节情况,Diagnosis
6246,观察负载转移过程,Diagnosis
6247,半自动准同步法合闸失败,Symptom
6248,自动同步装置故障,Cause
6249,更换自动同步装置,Repair
6250,确保电压和频率满足条件,Repair
6251,频率未达到条件,Cause
6252,检查自动同步装置状态,Diagnosis
6253,测试电压和频率调节,Diagnosis
6254,自动准同步法设备复杂维护困难,Symptom
6255,设备维护技术要求高,Cause
6256,定期维护设备,Repair
6257,加强维护人员培训,Repair
6258,维护人员技能不足,Cause
6259,评估维护人员技能,Diagnosis
6260,粗同步法电抗器过热,Symptom
6261,电抗器负载过大,Cause
6262,确保冷却系统正常工作,Repair
6263,冷却不足,Cause
6264,检查电抗器负载和冷却系统,Diagnosis
6265,粗同步法主开关未自动合闸,Symptom
6266,自动合闸装置故障,Cause
6267,确保同步条件满足,Repair
6268,更换自动合闸装置,Repair
6269,同步条件未满足,Cause
6270,测试同步条件,Diagnosis
6271,检查自动合闸装置,Diagnosis
6272,电网频率不稳定,Symptom
6273,调速器伺服马达故障,Cause
6274,确保通过调速开关均匀调节两台发电机的油门,Repair
6275,在负载转移过程中,Repair
6276,更换故障仪表。,Repair
6277,保持电网频率在额定值。如有必要,Repair
6278,功率表,Cause
6279,电压表读数不准确,Cause
6280,负载转移过程中油门调节不当,Cause
6281,校准功率表和电压表,Diagnosis
6282,验证调速器伺服马达的工作状态,Diagnosis
6283,检查负载转移过程中油门的调节操作,Diagnosis
6284,有功功率分配不均,Symptom
6285,电网负荷突变,Cause
6286,确保有功功率的增加和减少量相等。必要时检修,Repair
6287,更换调速器。,Repair
6288,通过调速开关均匀调节两台发电机的油门,Repair
6289,调速开关操作不当,Cause
6290,发电机调速器故障,Cause
6291,检查调速开关的操作记录,Diagnosis
6292,测试发电机调速器的响应,Diagnosis
6293,分析电网负荷变化情况,Diagnosis
6294,解列过程中频率波动,Symptom
6295,主开关断开时机不当,Cause
6296,在解列时协调调节两台发电机的油门,Repair
6297,修复自动调频调载装置。,Repair
6298,确保有功功率完全转移后再断开主开关。启用,Repair
6299,解列时油门调节不协调,Cause
6300,自动调频调载装置未启用,Cause
6301,检查解列时的油门调节步骤,Diagnosis
6302,测试自动调频调载装置功能,Diagnosis
6303,验证主开关断开时机,Diagnosis
6304,无功功率分配不均,Symptom
6305,调整并联运行参数。,Repair
6306,使无功功率平均分配。必要时检修励磁系统,Repair
6307,调节两台发电机的励磁电流,Repair
6308,并联运行不稳定,Cause
6309,发电机励磁系统故障,Cause
6310,测试励磁电流调节功能,Diagnosis
6311,分析并联运行稳定性,Diagnosis
6312,检查无功功率分配情况,Diagnosis
6313,两台发电机功率表（有功）指示基本相同而电流表指示相差太大,Symptom
6314,无功功率分配不均,Cause
6315,调整无功功率分配,Repair
6316,确保两发电机的外特性曲线斜率相同,Repair
6317,观察功率表和电流表指示,Diagnosis
6318,检查机组并联运行情况,Diagnosis
6319,两台发电机功率表（有功）指示基本相同而功率因数表（cos表）指示相差较大,Symptom
6320,观察功率表和功率因数表指示,Diagnosis
6321,发电机外特性曲线斜率不同,Cause
6322,电流稳定装置实现无功功率的均匀分配,Repair
6323,采用均压线,Repair
6324,检查发电机的外特性曲线,Diagnosis
6325,无刷同步发电机并联运行,Cause
6326,采用电流稳定装置来实现无功功率的均匀分配,Repair
6327,检查发电机类型,Diagnosis
6328,并联运行情况,Diagnosis
6329,不同容量的发电机并联运行,Cause
6330,采用交流均压连接法（移相电抗器均压连接法）,Repair
6331,检查发电机容量,Diagnosis
6332,无功功率分配不稳定,Symptom
6333,调压系统中调差系数Kc太小,Cause
6334,调整调差系数,Repair
6335,加装电流稳定装置,Repair
6336,无差,Cause
6337,检查调压系统的调差系数,Diagnosis
6338,无功功率分配装置故障,Symptom
6339,电器元件故障,Cause
6340,更新故障部件,Repair
6341,发电机主开关常开辅触点,Diagnosis
6342,导线,Diagnosis
6343,检查均压线接触器是否通电动作,Diagnosis
6344,检查线圈本身,Diagnosis
6345,相应接线柱等,Diagnosis
6346,均压线接触器触点接触不良,Symptom
6347,触点未靠团合,Cause
6348,更新触点,Repair
6349,打磨修理,Repair
6350,检查均压线接触器触点是否靠团合,Diagnosis
6351,并车失败，电网跳闸,Symptom
6352,负载剧烈变化时并车,Cause
6353,避免在负载剧烈变化时并车,Repair
6354,在并车时断开剧烈变化的负载,Repair
6355,检查并车时负载变化情况,Diagnosis
6356,并车失败，逆功率继电器动作,Symptom
6357,轻载并车,Cause
6358,确保电网上运行的发电机带50%以上额定负载,Repair
6359,避免空载,Repair
6360,轻载并车,Repair
6361,空载,Cause
6362,检查电网上原有发电机的负载状态,Diagnosis
6363,并车后逆功率跳闸,Symptom
6364,时转移负载,Cause
6365,时手动转移负载,Repair
6366,检查并车后负载转移情况,Diagnosis
6367,粗同步并车合闸时主开关跳闸,Symptom
6368,相位差大于90°合闸,Cause
6369,将频差限制在0.5Hz之内,Repair
6370,相位差在90°以内合闸,Repair
6371,检查待并发电机与电网的频差和相位差,Diagnosis
6372,发电机输出功率或电流超过其额定值,Symptom
6373,电力网远端发生短路,Cause
6374,检查并修复自动分级卸载装置,Repair
6375,必要时手动卸载部分次要负荷,Repair
6376,调整过载保护装置的参数,Repair
6377,确保延时特性符合规范,Repair
6378,大电动机,Cause
6379,自动分级卸载装置失效,Cause
6380,多台电动机同时启动,Cause
6381,检查过载保护装置的延时特性是否符合规范,Diagnosis
6382,检查发电机输出电流是否超过额定值,Diagnosis
6383,检查自动分级卸载装置是否正常工作,Diagnosis
6384,发电机过载保护装置动作过早或过晚,Symptom
6385,长延时脱扣器与优先脱扣过电流继电器协调不当,Cause
6386,确保优先脱扣的延时时间小于长延时脱扣器的延时时间,Repair
6387,重新整定长延时脱扣器和优先脱扣过电流继电器的参数,Repair
6388,过载保护装置参数设置不当,Cause
6389,检查长延时脱扣器的整定电流和延时时间,Diagnosis
6390,验证两者之间的协调性,Diagnosis
6391,检查优先脱扣过电流继电器的整定电流和延时时间,Diagnosis
6392,分级脱扣卸载不按预期顺序进行,Symptom
6393,非重要负载的性能和大小未合理考虑,Cause
6394,根据负载情况调整分级脱扣策略,Repair
6395,重新整定各级脱扣的延时时间,Repair
6396,各级脱扣延时时间设置不当,Cause
6397,检查各级脱扣的延时时间设置,Diagnosis
6398,评估非重要负载的性能和大小,Diagnosis
6399,重要负载未按规范切断,Symptom
6400,负载分级设置不当,Cause
6401,重新调整负载分级,Repair
6402,确保优先脱扣切断负载符合规范,Repair
6403,发电机并联运行台数和负载率未正确计算,Cause
6404,检查负载分级设置,Diagnosis
6405,确认发电机并联运行台数和负载率,Diagnosis
6406,发电机外部短路保护未正确动作,Symptom
6407,保护装置延时,Cause
6408,确保短路电流达2~2.5倍额定电流时延时0.2~0.6s动作,Repair
6409,达5~10倍时瞬时动作,Repair
6410,调整短路保护参数,Repair
6411,短路保护参数设置不当,Cause
6412,瞬时动作值未达标,Cause
6413,测试保护装置动作值和延时时间,Diagnosis
6414,检查短路保护参数,Diagnosis
6415,欠压保护未正确动作,Symptom
6416,欠压保护参数设置不当,Cause
6417,确保电压低于70%~80%时延时1~3s动作,Repair
6418,低于35%~70%时瞬时动作,Repair
6419,调整欠压保护参数,Repair
6420,失压脱扣器未正确调节,Cause
6421,检查欠压保护参数,Diagnosis
6422,测试欠压动作值和延时时间,Diagnosis
6423,电子脱扣器保护动作不准确,Symptom
6424,电子脱扣器电位器调节不当,Cause
6425,重新调节电子脱扣器电位器,Repair
6426,确保保护动作值与主开关保护动作值相对应,Repair
6427,电流互感器二次侧电流不匹配,Cause
6428,检查电子脱扣器电位器设置,Diagnosis
6429,测试电流互感器二次侧电流,Diagnosis
6430,逆功率保护装置动作不正确,Symptom
6431,延时时间设置不当,Cause
6432,调整逆功率继电器的整定值和延时时间,Repair
6433,确保其在规定范围内,Repair
6434,逆功率继电器整定值不准确,Cause
6435,检查延时时间是否在3～10s,Diagnosis
6436,检查逆功率继电器的整定值是否在额定功率的8%～15%,Diagnosis
6437,逆功率继电器动作指示灯不显示,Symptom
6438,修复电路连接问题,Repair
6439,检查继电器是否正常工作,Diagnosis
6440,检查指示灯是否损坏,Diagnosis
6441,检查电路连接是否正确,Diagnosis
6442,感应型逆功继电器动触点与静触点接触不良,Symptom
6443,触点调节不当,Cause
6444,更换磨损的触点,Repair
6445,调节动触点位置,Repair
6446,触点磨损,Cause
6447,检查触点是否有磨损,Diagnosis
6448,检查动触点是否靠近静触点,Diagnosis
6449,机组自动控制电路不工作,Symptom
6450,控制器故障,Cause
6451,正确设置工作方式选择开关,Repair
6452,更换故障控制器,Repair
6453,工作方式选择开关设置错误,Cause
6454,检查控制器是否正常工作,Diagnosis
6455,检查转换开关S的位置是否正确,Diagnosis
6456,手动启动或停机指令无效,Symptom
6457,S3故障,Cause
6458,按钮S2,Cause
6459,检查按钮S2和S3是否正常工作,Diagnosis
6460,启动失败,Symptom
6461,测速继电器B故障,Cause
6462,确保端子2正确接电源负,Repair
6463,更换启动电磁阀,Repair
6464,更换速度传感器SG,Repair
6465,测速继电器B,Repair
6466,更换故障的启动输出中间继电器K1,Repair
6467,启动指令未正确输入,Cause
6468,启动电磁阀故障,Cause
6469,速度传感器SG故障,Cause
6470,启动输出中间继电器故障,Cause
6471,检查启动电磁阀是否通电,Diagnosis
6472,检查速度传感器SG和测速继电器B是否正常工作,Diagnosis
6473,检查端子2是否接电源负,Diagnosis
6474,检查启动输出中间继电器K1是否动作,Diagnosis
6475,检查端子18是否有启动指令输出,Diagnosis
6476,滑油低压,Symptom
6477,清洗,Repair
6478,更换滑油泵,Repair
6479,修复滑油管路泄漏,Repair
6480,更换滑油滤清器,Repair
6481,滑油泵故障,Cause
6482,滑油管路泄漏,Cause
6483,滑油滤清器堵塞,Cause
6484,检查滑油滤清器是否堵塞,Diagnosis
6485,检查滑油压力开关是否正常,Diagnosis
6486,检查滑油管路是否有泄漏,Diagnosis
6487,检查滑油泵是否正常工作,Diagnosis
6488,冷却系统,System
6489,淡水冷却器,Equipment
6490,冷却水高温,Symptom
6491,冷却水不足,Cause
6492,补充冷却水,Repair
6493,清洗冷却水散热器,Repair
6494,更换冷却水泵,Repair
6495,更换冷却水温度开关,Repair
6496,冷却水泵故障,Cause
6497,冷却水散热器堵塞,Cause
6498,冷却水温度开关故障,Cause
6499,检查冷却水水位是否足够,Diagnosis
6500,检查冷却水散热器是否堵塞,Diagnosis
6501,检查冷却水温度开关是否正常,Diagnosis
6502,检查冷却水泵是否正常工作,Diagnosis
6503,停机失败,Symptom
6504,停机指令未正确输入,Cause
6505,更换故障的停机输出中间继电器K4,Repair
6506,确保端子2正确开路,Repair
6507,更换停机电磁阀,Repair
6508,调整冷却停机时间设置,Repair
6509,停机电磁阀故障,Cause
6510,冷却停机时间设置不当,Cause
6511,停机输出中间继电器故障,Cause
6512,检查停机电磁阀是否通电,Diagnosis
6513,检查停机输出中间继电器K4是否动作,Diagnosis
6514,检查端子27是否有停机指令输出,Diagnosis
6515,检查冷却停机时间设置是否正确,Diagnosis
6516,检查端子2是否开路,Diagnosis
6517,重复启动失败,Symptom
6518,间歇时间设置不当,Cause
6519,调整重复启动次数设置,Repair
6520,调整启动时间设置,Repair
6521,更换启动输出中间继电器K1,Repair
6522,调整间歇时间设置,Repair
6523,启动时间设置不当,Cause
6524,重复启动次数设置不当,Cause
6525,检查间歇时间设置S5,Diagnosis
6526,S6,Diagnosis
6527,检查重复启动次数设置S1,Diagnosis
6528,检查启动时间设置S3,Diagnosis
6529,检查启动输出中间继电器K1是否正常,Diagnosis
6530,S4,Diagnosis
6531,S2,Diagnosis
6532,预润滑控制故障,Symptom
6533,预润滑控制定时电路故障,Cause
6534,更换预润滑控制定时电路,Repair
6535,更换预供油泵控制箱,Repair
6536,更换中间继电器K,Repair
6537,中间继电器K故障,Cause
6538,预供油泵控制箱故障,Cause
6539,检查预供油泵控制箱是否正常工作,Diagnosis
6540,检查中间继电器K是否动作,Diagnosis
6541,检查端子25是否有输出,Diagnosis
6542,信号从端子10输入，不受任何约束执行立即停机程序,Symptom
6543,端子16的状态不正确,Cause
6544,越控/电路监视停机,Repair
6545,根据端子16的状态调整连接方式,Repair
6546,电路监视,Repair
6547,确保功能为越控,Repair
6548,接电源负,Diagnosis
6549,确认是否接电源正,Diagnosis
6550,检查端子16的连接状态,Diagnosis
6551,经3.3kΩ电阻接电源负,Diagnosis
6552,4号至10号故障的处理由端子16的状态确定,Symptom
6553,端子16的功能设置错误,Cause
6554,确保正确执行越控,Repair
6555,调整端子16的功能设置,Repair
6556,确认是否为越控,Diagnosis
6557,检查端子16的功能设置,Diagnosis
6558,电路监视,Diagnosis
6559,外部电路断开时，无信号输入的端子4、5、6、7、15报警,Symptom
6560,未用电阻接电源负构成检测电流回路,Cause
6561,在无信号输入的端子用电阻接电源负,Repair
6562,构成检测电流回路,Repair
6563,确认是否用电阻接电源负,Diagnosis
6564,15的连接,Diagnosis
6565,检查端子4,Diagnosis
6566,滑油有压力而无机器运转信号,Symptom
6567,测速电路故障,Cause
6568,修复测速电路,Repair
6569,确保机器运转信号正确,Repair
6570,确认测速电路是否正常,Diagnosis
6571,检查滑油压力和机器运转信号,Diagnosis
6572,超速显示条闪光表示超速，长亮表示转速故障,Symptom
6573,超速,Cause
6574,根据显示条状态处理超速,Repair
6575,转速故障,Repair
6576,转速故障,Cause
6577,观察超速显示条的闪光状态,Diagnosis
6578,确认是超速还是转速故障,Diagnosis
6579,控制器断电,Symptom
6580,蓄电池供电故障,Cause
6581,修复蓄电池供电,Repair
6582,确保控制器正常供电,Repair
6583,确认电源是否正常,Diagnosis
6584,检查蓄电池供电状态,Diagnosis
6585,备用机组无法自动启动,Symptom
6586,备用机组设置不正确,Cause
6587,重新设置备用机组,Repair
6588,将备用机组的'手/自动选择'开关置于自动位置,Repair
6589,检查并清除闭锁信号,Repair
6590,备用机组处于手动模式,Cause
6591,闭锁信号未正确转移,Cause
6592,确认备用机组的'手/自动选择'开关是否置于自动位置,Diagnosis
6593,检查备用机组设置开关（S）的位置,Diagnosis
6594,检查是否有闭锁信号发出,Diagnosis
6595,发电机控制单元无法识别输入信号,Symptom
6596,信号线（A-H）连接不良,Cause
6597,重新适配,Repair
6598,维修控制单元,Repair
6599,匹配输入信号,Repair
6600,更换损坏的信号线,Repair
6601,输入信号适配,Cause
6602,匹配故障,Cause
6603,检查输入信号的电压,Diagnosis
6604,测试控制单元的输入输出功能,Diagnosis
6605,频率等是否在正常范围内,Diagnosis
6606,检查信号线（A-H）的连接是否牢固,Diagnosis
6607,并联运行控制功能失效,Symptom
6608,恒频调节功能故障,Cause
6609,调整功率自动分配参数,Repair
6610,校准恒频调节功能,Repair
6611,更换自动同步模块,Repair
6612,功率自动分配功能故障,Cause
6613,自动同步功能故障,Cause
6614,检查自动同步功能是否正常工作,Diagnosis
6615,验证恒频调节功能,Diagnosis
6616,测试功率自动分配功能,Diagnosis
6617,大功率电动机启动时电网不稳定,Symptom
6618,功率管理功能未启用,Cause
6619,优化负载分配,Repair
6620,增加发电机功率,Repair
6621,更换H线,Repair
6622,启用功率管理功能,Repair
6623,H线（询问和闭锁信号线）故障,Cause
6624,发电机功率不足,Cause
6625,评估发电机功率是否满足需求,Diagnosis
6626,检查功率管理功能是否启用,Diagnosis
6627,测试H线的信号传输,Diagnosis
6628,电网失电,Symptom
6629,无电压又无频率,Cause
6630,电压建立可以供电时,Repair
6631,备用机组启动成功,Repair
6632,满足所有发电机ACB都在分闸位置才允许合闸,Repair
6633,检查所有发电机ACB是否在分闸位置,Diagnosis
6634,立即启动备用发电机投入供电运行,Diagnosis
6635,电压过高或过低,Symptom
6636,电压超过AVR所保证的静态指标数据,Cause
6637,报警,Repair
6638,监测电网电压是否超过+5%,Diagnosis
6639,并持续5s,Diagnosis
6640,低于-5%,Diagnosis
6641,频率过高或过低,Symptom
6642,频率超过±2.5%的检测值并持续一段时间,Cause
6643,监测频率是否超过±2.5%,Diagnosis
6644,60s,Diagnosis
6645,1级故障（轻度故障）,Symptom
6646,电压±5%持续5s,Cause
6647,备用机组启动,Repair
6648,故障机组解列退出运行,Repair
6649,同步操作投入并联运行,Repair
6650,频率±2.5%持续5s,Cause
6651,监测电压和频率是否达到1级故障检测值,Diagnosis
6652,2级故障（严重故障）,Symptom
6653,频率±5%持续5s,Cause
6654,备用机合闸投入运行,Repair
6655,故障机分闸,Repair
6656,电压±10%持续5s,Cause
6657,监测电压和频率是否达到2级故障检测值,Diagnosis
6658,起励失败（电压不能建立）,Symptom
6659,柴油机启动成功后在规定的时间内电压不能建立,Cause
6660,报警和启动后续备用机组,Repair
6661,频率≤98%的电网频率,Diagnosis
6662,时间3s,Diagnosis
6663,检测电压≤97%的电网电压,Diagnosis
6664,自动同步失败,Symptom
6665,发电机电压建立后系统发出自动同步指令,Cause
6666,待补充,Repair
6667,在规定的时间内控制系统发不出合闸指令,Cause
6668,检查自动同步操作是否有故障,Diagnosis
6669,合闸失败,Symptom
6670,系统发出合闸指令后但在规定的时间内ACB不能合闸,Cause
6671,启动后续备用机组,Repair
6672,检查合闸指令是否发出,Diagnosis
6673,ACB是否在规定时间内响应,Diagnosis
6674,ACB异常脱扣（分闸）,Symptom
6675,手动分闸操作,Cause
6676,启动备用机组投入运行,Repair
6677,解列时的自动分闸操作以外的原因引起的脱扣,Cause
6678,是否为保护动作,Diagnosis
6679,检查ACB脱扣原因,Diagnosis
6680,其他异常,Diagnosis
6681,滑油压力低,Symptom
6682,机带油泵输送问题,Cause
6683,呼叫值班人员处理,Repair
6684,机组启动过程中压力未建立,Cause
6685,检查滑油压力信号是否被阻塞,Diagnosis
6686,机带油泵是否正常工作,Diagnosis
6687,冷却水温度高,Symptom
6688,机组运行时间过长,Cause
6689,冷却系统故障,Cause
6690,检查冷却水温度传感器和冷却系统,Diagnosis
6691,1级故障,Symptom
6692,发电机组运行中的轻微故障,Cause
6693,不断电形式交换机组,Repair
6694,电网,Cause
6695,检查故障类型和影响范围,Diagnosis
6696,2级故障,Symptom
6697,短时断电形式交换机组,Repair
6698,发电机组运行中的较严重故障,Cause
6699,不同参数的故障确认时间不同,Cause
6700,完成不断电交换机组,Repair
6701,转速达到发火转速以上,Diagnosis
6702,备用机组启动,Diagnosis
6703,主开关合闸,Diagnosis
6704,自动同步操作,Diagnosis
6705,负载转移,Diagnosis
6706,确认故障后发出启动指令,Diagnosis
6707,发电机起励电压上升至额定值左右,Diagnosis
6708,原机组卸载至小于等于5%后分闸,Diagnosis
6709,有的不需要,Cause
6710,完成短时断电交换机组,Repair
6711,有的需要时间确认,Cause
6712,故障机主开关分闸,Diagnosis
6713,机组启动成功建立电压后,Diagnosis
6714,故障发生后发出备用机组启动指令,Diagnosis
6715,备用机主开关合闸,Diagnosis
6716,失电故障,Symptom
6717,1号ACB异常脱扣,Cause
6718,完成断电交换机组,Repair
6719,阻塞另一台机组合闸,Diagnosis
6720,两台机组同时启动,Diagnosis
6721,先建压的机组发合闸指令,Diagnosis
6722,1号机组供电［2级故障发启动指令,Symptom
6723,控制系统故障,Cause
6724,重启1号机组,Repair
6725,检查并修复供电指令线路,Repair
6726,更换控制系统,Repair
6727,1号机组启动失败,Cause
6728,供电指令异常,Cause
6729,验证供电指令信号,Diagnosis
6730,检查控制系统逻辑,Diagnosis
6731,检查1号机组启动状态,Diagnosis
6732,1号ACB异常脱扣,Symptom
6733,电气过载,Cause
6734,更换ACB,Repair
6735,ACB机械故障,Cause
6736,控制信号异常,Cause
6737,检查ACB机械状态,Diagnosis
6738,验证控制信号,Diagnosis
6739,测量电气负载,Diagnosis
6740,主配电板故障,Cause
6741,启动应急发电机,Repair
6742,修复主配电板,Repair
6743,检修供电转换系统,Repair
6744,供电转换失败,Cause
6745,应急发电机未启动,Cause
6746,检查主配电板状态,Diagnosis
6747,检查供电转换逻辑,Diagnosis
6748,验证应急发电机启动,Diagnosis
6749,合阐指令阻塞空车运转待处理,Symptom
6750,检修控制系统,Repair
6751,清除机械阻塞,Repair
6752,合闸指令信号丢失,Cause
6753,机械阻塞,Cause
6754,验证控制系统,Diagnosis
6755,检查合闸指令信号,Diagnosis
6756,检查机械部件,Diagnosis
6757,应急发电机组未处于备用状态,Symptom
6758,自动控制装置故障,Cause
6759,更换自动控制装置,Repair
6760,将开关置于遥控位置,Repair
6761,控制开关未置于遥控位置,Cause
6762,备用就绪信号丢失,Cause
6763,检查控制开关位置,Diagnosis
6764,检查自动控制装置,Diagnosis
6765,验证备用就绪信号,Diagnosis
6766,主配电板合上向应急配电板供电开关，监视电压UM的继电器K动作，输出接通合闸指令延时继电器K12和延时停机继电器K13,Symptom
6767,K13故障,Cause
6768,稳定供电电压,Repair
6769,继电器K1,Cause
6770,供电电压不稳定,Cause
6771,K12,Cause
6772,K13的功能,Diagnosis
6773,测试继电器K1,Diagnosis
6774,检查供电电压是否稳定,Diagnosis
6775,K12,Diagnosis
6776,主配电板UM失电，K1释放，输出断开ACB欠压线圈，ACB脱扣分闸；K13释放使K4（延时）释放，输出常闭触点闭合向机旁控制箱发出启动指令,Symptom
6777,恢复主配电板UM供电,Repair
6778,主配电板UM失电,Cause
6779,K4故障,Cause
6780,检查主配电板UM电压,Diagnosis
6781,K4的功能,Diagnosis
6782,应急发电机电压UE建立，K动作，经K2延时动作确认，发出合闸ACB2的指令；ACB2合闸，应急发电机向应急电网供电,Symptom
6783,继电器K,Cause
6784,稳定应急发电机电压UE,Repair
6785,应急发电机电压UE不稳定,Cause
6786,K2故障,Cause
6787,K2的功能,Diagnosis
6788,检查应急发电机电压UE,Diagnosis
6789,测试继电器K,Diagnosis
6790,主配电板电源电压UM恢复，ACB处于脱扣状态，电源通过ACB的报警辅触头（端子16、18）同电动机合闸机构触点d（闭合），自动复位（再扣）,Symptom
6791,主配电板电源电压UM恢复不稳定,Cause
6792,稳定主配电板电源电压UM,Repair
6793,更换ACB脱扣机构,Repair
6794,ACB脱扣机构故障,Cause
6795,测试ACB脱扣机构,Diagnosis
6796,检查主配电板电源电压UM,Diagnosis
6797,控制电路始终处于自动工作状态，无法手动切断主配电板供电,Symptom
6798,控制开关设置错误,Cause
6799,正确设置控制开关,Repair
6800,更换熔断器F,Repair
6801,熔断器F故障,Cause
6802,检查熔断器F,Diagnosis
6803,确认控制开关设置,Diagnosis
6804,供电转换功能无法手动、自动或试验切换,Symptom
6805,继电器K34故障,Cause
6806,更换故障的选择开关S14,Repair
6807,继电器K34,Repair
6808,选择开关S14,Cause
6809,测试选择开关S14和继电器K34的功能,Diagnosis
6810,K4不动作,Symptom
6811,选择开关故障,Cause
6812,修复控制电路断路点,Repair
6813,更换选择开关,Repair
6814,更换K4继电器,Repair
6815,K4继电器故障,Cause
6816,检查控制电路连通性,Diagnosis
6817,测量K4继电器线圈电压,Diagnosis
6818,检查选择开关是否在手动位,Diagnosis
6819,手动合闸操作失效,Symptom
6820,更换合闸按钮,Repair
6821,紧固接线端子,Repair
6822,合闸按钮故障,Cause
6823,常闭触点未闭合,Cause
6824,检查常闭触点状态,Diagnosis
6825,测试合闸按钮功能,Diagnosis
6826,检查接线紧固情况,Diagnosis
6827,自动合闸控制电路不工作,Symptom
6828,自动控制电源故障,Cause
6829,更换K34继电器,Repair
6830,恢复自动控制电源,Repair
6831,常开触点未闭合,Cause
6832,K34继电器故障,Cause
6833,测量常开触点通断,Diagnosis
6834,检测自动控制电源电压,Diagnosis
6835,检查K34继电器动作状态,Diagnosis
6836,供电电源转换试验失败,Symptom
6837,试验选择开关故障,Cause
6838,修复模拟失电电路,Repair
6839,更换K1继电器,Repair
6840,模拟失电电路异常,Cause
6841,K1继电器故障,Cause
6842,检查模拟失电电路,Diagnosis
6843,测试试验选择开关功能,Diagnosis
6844,检查K1继电器线圈通断,Diagnosis
6845,应急发电机无法自动启动,Symptom
6846,电压监视电路异常,Cause
6847,更换K14触点,Repair
6848,检查启动控制回路,Repair
6849,修复电压监视电路,Repair
6850,启动指令未发出,Cause
6851,K14触点故障,Cause
6852,追踪启动指令信号,Diagnosis
6853,检查K14触点状态,Diagnosis
6854,检测电压监视电路输出,Diagnosis
