:START_ID,:TYPE,:END_ID
1,EXHIBITS,2072
1,EXHIBITS,4058
2056,FIXES,2059
1512,FIXES,6533
1624,FIXES,1531
49,EXHIBITS,6029
5805,FIXES,5816
2711,CAUSED_BY,2715
6294,CAUSED_BY,6300
6508,FIXES,6510
5340,FIXES,5343
2523,REQUIRES_DIAGNOSIS,2530
49,EXHIBITS,2996
1421,FIXES,1422
1,EXHIBITS,1964
2627,REQUIRES_DIAGNOSIS,2637
2651,CAUSED_BY,1516
4055,FIXES,4056
4404,FIXES,4407
2584,REQUIRES_DIAGNOSIS,2587
5423,REQUIRES_DIAGNOSIS,5426
1134,FIXES,1132
1215,FIXES,22
4020,FIXES,4019
1,EXHIBITS,1146
20,FIXES,2830
1,EXHIBITS,917
2615,FIXES,2609
4218,REQUIRES_DIAGNOSIS,4224
6247,CAUSED_BY,656
2702,REQUIRES_DIAGNOSIS,2710
5312,FIXES,5244
1299,FIXES,1303
1856,FIXES,1796
2782,FIXES,2785
2829,FIXES,2833
951,FIXES,956
3667,REQUIRES_DIAGNOSIS,3670
5986,FIXES,5398
546,FIXES,543
499,FIXES,495
4037,FIXES,4032
115,FIXES,107
1,EXHIBITS,3253
677,FIXES,678
20,FIXES,4937
20,FIXES,2722
5764,FIXES,5770
1245,REQUIRES_DIAGNOSIS,1259
2702,CAUSED_BY,2707
6196,REQUIRES_DIAGNOSIS,6200
949,CAUSED_BY,950
619,FIXES,622
42,FIXES,41
3818,REQUIRES_DIAGNOSIS,3840
3983,REQUIRES_DIAGNOSIS,3988
2736,FIXES,2733
5758,REQUIRES_DIAGNOSIS,5774
63,FIXES,66
2797,FIXES,3645
717,CAUSED_BY,698
20,FIXES,5287
355,FIXES,351
2130,FIXES,2137
20,FIXES,2843
1114,CAUSED_BY,1121
5650,CAUSED_BY,5655
1085,FIXES,1092
2898,REQUIRES_DIAGNOSIS,2934
5384,FIXES,5383
3868,FIXES,3869
1050,FIXES,1055
1245,CAUSED_BY,1256
2778,REQUIRES_DIAGNOSIS,2790
5494,FIXES,5493
49,EXHIBITS,6284
4792,FIXES,107
147,REQUIRES_DIAGNOSIS,153
2168,FIXES,2175
5638,FIXES,5639
5758,CAUSED_BY,5771
1310,CAUSED_BY,29
1960,CAUSED_BY,1961
3527,REQUIRES_DIAGNOSIS,3538
95,CAUSED_BY,96
3581,FIXES,3579
1067,FIXES,1068
4431,REQUIRES_DIAGNOSIS,4434
6250,FIXES,656
3738,FIXES,3737
1492,CAUSED_BY,36
4909,CAUSED_BY,4910
3759,FIXES,3762
5466,REQUIRES_DIAGNOSIS,5472
3092,CAUSED_BY,3097
1275,FIXES,1270
5836,REQUIRES_DIAGNOSIS,5848
879,CAUSED_BY,885
2736,FIXES,2746
3967,FIXES,3964
3220,FIXES,3226
4226,REQUIRES_DIAGNOSIS,4233
3846,FIXES,3853
4641,FIXES,4643
4654,FIXES,4655
5992,CAUSED_BY,5993
943,REQUIRES_DIAGNOSIS,946
563,FIXES,566
1310,CAUSED_BY,1318
1526,FIXES,5814
236,FIXES,244
2169,FIXES,2132
1250,FIXES,1257
3414,FIXES,3416
1978,CAUSED_BY,399
3066,FIXES,3069
5807,FIXES,5816
821,CAUSED_BY,822
6430,REQUIRES_DIAGNOSIS,6435
6082,REQUIRES_DIAGNOSIS,6088
5389,FIXES,5391
5791,FIXES,1908
3303,FIXES,2265
1298,FIXES,1302
2828,FIXES,2832
601,FIXES,604
5137,FIXES,5138
6654,FIXES,6656
2051,FIXES,261
2608,REQUIRES_DIAGNOSIS,2612
3642,FIXES,3649
1625,FIXES,311
2898,CAUSED_BY,2917
2797,FIXES,4129
5877,REQUIRES_DIAGNOSIS,5887
4981,FIXES,4990
2359,FIXES,2912
998,REQUIRES_DIAGNOSIS,997
53,FIXES,1879
5079,FIXES,5082
4109,REQUIRES_DIAGNOSIS,4120
712,FIXES,4064
2796,FIXES,2792
3179,FIXES,3180
20,FIXES,4495
4517,CAUSED_BY,4518
2322,FIXES,2325
1526,FIXES,1626
6821,FIXES,4176
2151,REQUIRES_DIAGNOSIS,2158
2336,FIXES,2341
2608,CAUSED_BY,2609
2357,FIXES,2366
6115,FIXES,6117
1608,FIXES,311
5004,REQUIRES_DIAGNOSIS,5013
3587,FIXES,3590
6418,FIXES,6416
20,FIXES,1233
2252,FIXES,2258
1084,FIXES,1091
74,FIXES,76
2126,FIXES,2175
1049,FIXES,1054
352,FIXES,356
1,EXHIBITS,717
20,FIXES,6602
3567,FIXES,3593
1749,FIXES,1776
436,FIXES,2132
3314,FIXES,3316
1424,REQUIRES_DIAGNOSIS,1418
1930,FIXES,1931
20,FIXES,1354
2582,FIXES,2581
4357,FIXES,4367
156,REQUIRES_DIAGNOSIS,78
3329,CAUSED_BY,3333
5004,CAUSED_BY,5010
3477,REQUIRES_DIAGNOSIS,3484
4642,FIXES,4663
4210,FIXES,4222
4803,CAUSED_BY,4790
4905,FIXES,4903
712,FIXES,4077
1087,FIXES,1092
5740,FIXES,5752
4755,REQUIRES_DIAGNOSIS,4761
72,FIXES,5424
2129,FIXES,2176
5371,FIXES,5373
1526,FIXES,1639
2205,FIXES,2212
4978,REQUIRES_DIAGNOSIS,4992
1512,FIXES,6467
6058,FIXES,6064
861,FIXES,866
2104,FIXES,2102
2170,FIXES,2175
3877,REQUIRES_DIAGNOSIS,3885
1505,REQUIRES_DIAGNOSIS,1510
74,FIXES,89
276,CAUSED_BY,279
2825,CAUSED_BY,2831
6664,CAUSED_BY,6667
1705,REQUIRES_DIAGNOSIS,1699
630,FIXES,638
2127,FIXES,2155
3150,CAUSED_BY,3159
4153,REQUIRES_DIAGNOSIS,4160
1165,FIXES,1162
2797,FIXES,6828
5385,FIXES,5244
1592,REQUIRES_DIAGNOSIS,1601
353,FIXES,194
4978,CAUSED_BY,4989
1762,FIXES,1774
53,FIXES,2134
2860,FIXES,2863
5703,REQUIRES_DIAGNOSIS,5721
1525,FIXES,1531
882,FIXES,783
4885,FIXES,5231
1455,FIXES,1453
4126,FIXES,4122
4113,FIXES,4110
2416,FIXES,2415
20,FIXES,4979
6006,CAUSED_BY,6011
551,FIXES,550
137,REQUIRES_DIAGNOSIS,144
859,REQUIRES_DIAGNOSIS,872
1,EXHIBITS,5052
5809,FIXES,5812
1210,FIXES,4283
3451,FIXES,3453
1267,CAUSED_BY,1270
285,FIXES,292
6055,REQUIRES_DIAGNOSIS,6069
1595,FIXES,29
5650,REQUIRES_DIAGNOSIS,5656
1,EXHIBITS,6220
1,EXHIBITS,4005
49,EXHIBITS,2004
49,EXHIBITS,3990
108,FIXES,3374
1385,CAUSED_BY,1393
1765,FIXES,1775
2825,CAUSED_BY,2844
2040,REQUIRES_DIAGNOSIS,2047
5531,REQUIRES_DIAGNOSIS,5536
979,FIXES,1002
4236,CAUSED_BY,4243
108,FIXES,112
20,FIXES,4053
1316,FIXES,1311
5746,FIXES,5676
4679,CAUSED_BY,4206
4203,FIXES,4202
1005,CAUSED_BY,1006
4156,FIXES,4154
2041,FIXES,687
20,FIXES,5837
6222,FIXES,6221
308,FIXES,324
1293,REQUIRES_DIAGNOSIS,1306
1,EXHIBITS,3308
251,EXHIBITS,1607
1748,FIXES,1775
1768,FIXES,1776
2040,CAUSED_BY,2044
2359,FIXES,2362
175,CAUSED_BY,179
3396,FIXES,45
5931,REQUIRES_DIAGNOSIS,5937
3612,FIXES,3609
3474,REQUIRES_DIAGNOSIS,3455
2456,FIXES,2460
5387,REQUIRES_DIAGNOSIS,5392
1724,FIXES,1725
332,FIXES,3649
6652,REQUIRES_DIAGNOSIS,6657
1810,FIXES,1570
5149,REQUIRES_DIAGNOSIS,5155
3094,FIXES,3098
5729,FIXES,5676
19,FIXES,306
881,FIXES,886
2398,FIXES,2404
1293,CAUSED_BY,1303
2251,FIXES,2259
1751,FIXES,1776
5742,FIXES,5748
2954,FIXES,2953
1512,FIXES,656
20,FIXES,4066
3514,REQUIRES_DIAGNOSIS,3521
2459,FIXES,2461
3457,REQUIRES_DIAGNOSIS,3455
1104,CAUSED_BY,1105
1593,FIXES,311
1358,FIXES,1354
1211,FIXES,1209
268,REQUIRES_DIAGNOSIS,275
2271,CAUSED_BY,2278
2197,REQUIRES_DIAGNOSIS,2215
3253,CAUSED_BY,3093
4449,CAUSED_BY,4453
6423,CAUSED_BY,6424
1650,FIXES,1632
49,EXHIBITS,6460
5628,FIXES,5623
2763,FIXES,2761
130,FIXES,96
6188,REQUIRES_DIAGNOSIS,6191
2734,FIXES,2746
611,FIXES,613
4785,FIXES,4784
3312,REQUIRES_DIAGNOSIS,3317
6315,FIXES,6314
6845,CAUSED_BY,6850
1622,CAUSED_BY,1629
1167,FIXES,1162
5063,FIXES,5064
2197,CAUSED_BY,2212
4185,FIXES,4184
20,FIXES,107
5252,REQUIRES_DIAGNOSIS,5255
49,EXHIBITS,2151
5967,CAUSED_BY,5974
234,FIXES,244
1764,FIXES,1774
1332,FIXES,1333
2862,FIXES,2863
5533,FIXES,5532
6353,FIXES,6352
3823,FIXES,3825
2972,FIXES,2973
49,EXHIBITS,3319
2903,FIXES,2919
2575,FIXES,2573
3329,REQUIRES_DIAGNOSIS,3334
88,FIXES,22
307,FIXES,323
5400,REQUIRES_DIAGNOSIS,5403
5923,CAUSED_BY,5927
1117,FIXES,5993
5941,FIXES,1516
6139,REQUIRES_DIAGNOSIS,6151
829,REQUIRES_DIAGNOSIS,832
3310,FIXES,3309
735,FIXES,734
97,FIXES,100
263,FIXES,2840
4345,FIXES,4347
1118,FIXES,1122
2906,FIXES,2920
3588,FIXES,3589
3739,FIXES,6758
49,EXHIBITS,2393
712,FIXES,5287
3441,FIXES,3444
2231,FIXES,2517
2627,CAUSED_BY,2634
2043,FIXES,687
2250,FIXES,2258
2361,FIXES,2362
5741,FIXES,5747
1853,FIXES,1858
5762,FIXES,5772
2458,FIXES,2460
6034,FIXES,6056
2827,FIXES,2832
3479,FIXES,3482
5186,REQUIRES_DIAGNOSIS,5192
5673,REQUIRES_DIAGNOSIS,5694
2797,FIXES,2211
6031,FIXES,6038
6622,FIXES,6624
2668,REQUIRES_DIAGNOSIS,2676
468,FIXES,479
2317,CAUSED_BY,2325
3096,FIXES,3098
260,CAUSED_BY,265
1231,FIXES,1233
3339,FIXES,3337
6139,REQUIRES_DIAGNOSIS,6164
883,FIXES,886
3400,FIXES,3401
2119,FIXES,90
4353,FIXES,4350
4308,REQUIRES_DIAGNOSIS,4316
629,FIXES,4396
5071,FIXES,5073
2253,FIXES,2259
1,EXHIBITS,5094
2905,FIXES,2909
5744,FIXES,5748
3741,FIXES,3819
3911,REQUIRES_DIAGNOSIS,3916
3866,FIXES,3871
49,EXHIBITS,6836
1141,CAUSED_BY,1142
5524,REQUIRES_DIAGNOSIS,5528
5854,FIXES,5858
4236,REQUIRES_DIAGNOSIS,4244
1248,FIXES,1246
4422,FIXES,4420
1269,FIXES,1271
5486,CAUSED_BY,5487
2668,CAUSED_BY,2673
1527,FIXES,2132
3933,CAUSED_BY,3938
3949,REQUIRES_DIAGNOSIS,3954
2827,FIXES,2845
1983,FIXES,1982
564,FIXES,556
53,FIXES,2189
132,FIXES,96
251,EXHIBITS,252
2471,FIXES,2508
5524,CAUSED_BY,5525
2221,CAUSED_BY,2237
953,CAUSED_BY,954
1778,REQUIRES_DIAGNOSIS,1802
3697,REQUIRES_DIAGNOSIS,3705
1721,REQUIRES_DIAGNOSIS,1736
5634,CAUSED_BY,5635
3234,FIXES,3235
3076,REQUIRES_DIAGNOSIS,3080
55,FIXES,6832
120,REQUIRES_DIAGNOSIS,78
1331,FIXES,1453
2739,FIXES,2743
6607,CAUSED_BY,6608
972,FIXES,970
20,FIXES,3758
5882,FIXES,5885
2171,FIXES,318
4573,FIXES,4569
1,EXHIBITS,3013
1146,CAUSED_BY,1150
1164,FIXES,1169
1117,FIXES,1121
863,FIXES,783
4935,FIXES,4932
6821,FIXES,6822
2125,FIXES,2131
1295,FIXES,1304
2627,REQUIRES_DIAGNOSIS,2639
2644,FIXES,2652
4435,REQUIRES_DIAGNOSIS,4438
859,CAUSED_BY,860
6581,FIXES,6580
3347,FIXES,3346
5787,FIXES,5794
106,CAUSED_BY,100
5358,CAUSED_BY,5359
20,FIXES,2832
3095,FIXES,3093
737,FIXES,734
2455,FIXES,2454
3985,FIXES,3984
2829,FIXES,2835
897,CAUSED_BY,898
73,FIXES,22
3385,FIXES,3384
958,CAUSED_BY,962
49,EXHIBITS,4287
4440,REQUIRES_DIAGNOSIS,4444
4622,FIXES,5409
219,FIXES,223
3768,FIXES,3772
5360,FIXES,5359
5729,FIXES,5731
1512,FIXES,1529
20,FIXES,4939
2630,FIXES,6733
5743,FIXES,5747
396,FIXES,29
3865,FIXES,3870
5764,FIXES,5772
1245,REQUIRES_DIAGNOSIS,1261
3481,FIXES,3482
663,FIXES,668
2012,FIXES,2016
3357,REQUIRES_DIAGNOSIS,3363
5544,REQUIRES_DIAGNOSIS,5552
2423,FIXES,2425
2305,CAUSED_BY,2309
436,FIXES,1408
4440,CAUSED_BY,4441
5758,REQUIRES_DIAGNOSIS,5776
6464,FIXES,6467
95,REQUIRES_DIAGNOSIS,101
20,FIXES,5289
6768,FIXES,6770
1,EXHIBITS,1161
2898,REQUIRES_DIAGNOSIS,2936
3846,FIXES,3842
709,CAUSED_BY,710
4252,REQUIRES_DIAGNOSIS,4256
305,REQUIRES_DIAGNOSIS,445
3868,FIXES,3871
1224,CAUSED_BY,1233
686,REQUIRES_DIAGNOSIS,691
1686,REQUIRES_DIAGNOSIS,1688
1245,CAUSED_BY,1258
236,FIXES,233
2307,FIXES,2309
1250,FIXES,1246
1511,CAUSED_BY,1873
5544,CAUSED_BY,5549
540,FIXES,536
2553,FIXES,2886
2168,FIXES,2177
4289,FIXES,4293
4683,REQUIRES_DIAGNOSIS,4689
1,EXHIBITS,3497
5758,CAUSED_BY,5773
4680,FIXES,4206
1941,FIXES,4341
2738,FIXES,2742
2041,FIXES,2044
2453,CAUSED_BY,2461
6229,FIXES,6231
2630,FIXES,3713
3092,CAUSED_BY,3099
2531,REQUIRES_DIAGNOSIS,2534
5836,REQUIRES_DIAGNOSIS,5850
6180,FIXES,6178
879,CAUSED_BY,887
1135,FIXES,9
2397,FIXES,869
2736,FIXES,2748
4981,FIXES,4979
3300,CAUSED_BY,3301
1163,FIXES,1168
2130,FIXES,2152
1,EXHIBITS,5604
4226,REQUIRES_DIAGNOSIS,4235
1406,FIXES,1407
3846,FIXES,3855
4641,FIXES,4645
4584,FIXES,4579
1371,FIXES,1370
6267,FIXES,6269
1310,CAUSED_BY,1320
260,REQUIRES_DIAGNOSIS,266
1526,FIXES,5816
49,EXHIBITS,6757
2797,FIXES,4010
4048,CAUSED_BY,4049
2231,FIXES,2222
378,REQUIRES_DIAGNOSIS,389
3888,CAUSED_BY,3892
2252,FIXES,2247
20,FIXES,3208
6082,REQUIRES_DIAGNOSIS,6090
2105,FIXES,2102
1691,REQUIRES_DIAGNOSIS,1696
5587,REQUIRES_DIAGNOSIS,5598
6392,CAUSED_BY,6396
1298,FIXES,1304
2828,FIXES,2834
5169,REQUIRES_DIAGNOSIS,5173
531,FIXES,528
1431,FIXES,90
2127,FIXES,2131
31,FIXES,45
6552,REQUIRES_DIAGNOSIS,6558
5131,CAUSED_BY,5132
854,REQUIRES_DIAGNOSIS,853
2556,CAUSED_BY,2557
2527,FIXES,2528
2898,CAUSED_BY,2919
4952,REQUIRES_DIAGNOSIS,4961
5456,CAUSED_BY,5460
5789,FIXES,5794
1061,CAUSED_BY,1068
2359,FIXES,2914
4357,FIXES,4356
6430,CAUSED_BY,6434
422,FIXES,75
378,CAUSED_BY,386
627,FIXES,626
6082,CAUSED_BY,6087
712,FIXES,4066
393,FIXES,6123
4859,REQUIRES_DIAGNOSIS,4864
4587,CAUSED_BY,4598
3179,FIXES,3182
20,FIXES,4497
1,EXHIBITS,598
1273,CAUSED_BY,1268
1,EXHIBITS,2584
5169,CAUSED_BY,5170
72,FIXES,2969
2322,FIXES,2327
88,FIXES,90
1526,FIXES,1628
4774,CAUSED_BY,4775
2336,FIXES,2343
332,FIXES,3972
114,REQUIRES_DIAGNOSIS,101
598,CAUSED_BY,599
2357,FIXES,2368
5105,FIXES,5104
1907,CAUSED_BY,1908
4180,FIXES,4176
20,FIXES,1235
4060,FIXES,4059
4952,CAUSED_BY,4958
2126,FIXES,2177
4505,FIXES,4504
2495,FIXES,2492
1049,FIXES,1056
352,FIXES,358
4602,CAUSED_BY,89
6849,FIXES,6851
494,REQUIRES_DIAGNOSIS,501
1455,FIXES,45
1146,REQUIRES_DIAGNOSIS,1151
3607,EXHIBITS,3697
1930,FIXES,1933
1081,CAUSED_BY,1082
4630,CAUSED_BY,4631
2249,FIXES,2265
1414,FIXES,1416
6466,FIXES,6467
4300,FIXES,4303
6408,FIXES,6407
3477,REQUIRES_DIAGNOSIS,3486
3585,CAUSED_BY,3586
1527,FIXES,2187
3543,FIXES,3545
5895,CAUSED_BY,5896
6275,FIXES,6278
522,FIXES,524
2295,FIXES,2293
2657,FIXES,2656
5052,CAUSED_BY,5057
2205,FIXES,2214
4978,REQUIRES_DIAGNOSIS,4994
5786,FIXES,5782
1512,FIXES,6469
6681,REQUIRES_DIAGNOSIS,6685
394,FIXES,3070
861,FIXES,868
382,FIXES,379
2170,FIXES,2177
3877,REQUIRES_DIAGNOSIS,3887
4291,FIXES,4293
986,CAUSED_BY,991
3943,FIXES,3946
2825,CAUSED_BY,2833
5591,FIXES,5588
1008,FIXES,1006
3477,CAUSED_BY,3483
1705,REQUIRES_DIAGNOSIS,1701
1,EXHIBITS,5162
979,FIXES,991
542,CAUSED_BY,543
2072,CAUSED_BY,2073
2043,FIXES,2044
2428,CAUSED_BY,2433
4153,REQUIRES_DIAGNOSIS,4162
574,FIXES,578
6521,FIXES,6518
6460,CAUSED_BY,6468
6476,REQUIRES_DIAGNOSIS,6484
1592,REQUIRES_DIAGNOSIS,1603
1839,FIXES,1843
1762,FIXES,1776
53,FIXES,2136
2399,FIXES,869
5703,REQUIRES_DIAGNOSIS,5723
6681,CAUSED_BY,6682
287,FIXES,288
3778,FIXES,3777
1553,CAUSED_BY,1531
960,FIXES,963
1359,FIXES,1354
137,REQUIRES_DIAGNOSIS,146
2305,REQUIRES_DIAGNOSIS,2310
20,FIXES,2766
5809,FIXES,5814
2381,FIXES,2380
1546,FIXES,1531
285,FIXES,294
1608,FIXES,5227
5650,REQUIRES_DIAGNOSIS,5658
1,EXHIBITS,4236
1,EXHIBITS,2021
4548,FIXES,4550
5008,FIXES,5005
4861,FIXES,4860
3193,CAUSED_BY,3194
5029,FIXES,5030
2825,CAUSED_BY,2846
6227,REQUIRES_DIAGNOSIS,6232
1,EXHIBITS,5404
4534,FIXES,4538
2321,FIXES,2326
4692,FIXES,698
6192,REQUIRES_DIAGNOSIS,6195
137,CAUSED_BY,143
4667,REQUIRES_DIAGNOSIS,4637
1555,FIXES,1554
1,EXHIBITS,6572
120,CAUSED_BY,22
408,FIXES,412
20,FIXES,3826
3551,FIXES,3554
629,FIXES,626
4934,FIXES,4939
1293,REQUIRES_DIAGNOSIS,1308
4177,FIXES,4181
2359,FIXES,2364
2471,FIXES,1879
20,FIXES,2779
4401,REQUIRES_DIAGNOSIS,4409
2631,FIXES,2648
2996,REQUIRES_DIAGNOSIS,2999
2303,FIXES,2302
6319,REQUIRES_DIAGNOSIS,6318
1944,CAUSED_BY,1945
2324,FIXES,2327
5432,FIXES,5428
31,FIXES,6261
6451,FIXES,6450
2567,FIXES,2566
2248,FIXES,2264
3919,CAUSED_BY,3920
4299,FIXES,4302
5644,REQUIRES_DIAGNOSIS,5649
49,EXHIBITS,6449
1724,FIXES,1727
2797,FIXES,3702
1016,FIXES,1015
2123,CAUSED_BY,2132
3094,FIXES,3100
5758,CAUSED_BY,5707
5342,FIXES,5353
3699,FIXES,3702
5114,REQUIRES_DIAGNOSIS,5120
2251,FIXES,2261
6423,REQUIRES_DIAGNOSIS,6429
4062,CAUSED_BY,4066
5724,CAUSED_BY,5731
5742,FIXES,5750
527,CAUSED_BY,533
4685,FIXES,4687
6532,CAUSED_BY,6533
1,EXHIBITS,6585
6793,FIXES,6791
1536,CAUSED_BY,3294
2169,FIXES,2176
3514,REQUIRES_DIAGNOSIS,3523
2459,FIXES,2463
6008,FIXES,6012
3813,REQUIRES_DIAGNOSIS,3817
6298,FIXES,6299
332,FIXES,3772
6306,FIXES,5824
1,EXHIBITS,5538
1,EXHIBITS,1337
863,FIXES,864
2197,REQUIRES_DIAGNOSIS,2217
162,FIXES,161
4449,CAUSED_BY,4455
368,FIXES,372
4482,FIXES,4514
1023,CAUSED_BY,1028
4587,REQUIRES_DIAGNOSIS,4599
2393,CAUSED_BY,2401
2538,FIXES,2211
3514,CAUSED_BY,3520
4340,FIXES,4341
2168,FIXES,2124
2734,FIXES,2748
5390,FIXES,5388
5458,FIXES,5461
1622,CAUSED_BY,1631
214,FIXES,215
6810,CAUSED_BY,6815
2197,CAUSED_BY,2214
2248,FIXES,412
6376,FIXES,6373
4898,FIXES,6762
5967,CAUSED_BY,5976
1764,FIXES,1776
3815,FIXES,3814
1512,FIXES,6269
1,EXHIBITS,3565
3823,FIXES,3827
6494,FIXES,6496
2250,FIXES,2247
105,EXHIBITS,3413
6827,CAUSED_BY,6828
4883,CAUSED_BY,1109
49,EXHIBITS,2503
3230,CAUSED_BY,3231
3248,FIXES,3250
49,EXHIBITS,4489
662,FIXES,661
4571,FIXES,4575
4933,FIXES,4938
3675,CAUSED_BY,3676
307,FIXES,325
1,EXHIBITS,5901
20,FIXES,3384
2358,FIXES,2363
6139,REQUIRES_DIAGNOSIS,6153
829,REQUIRES_DIAGNOSIS,834
2323,FIXES,2326
3936,FIXES,3938
73,FIXES,4775
49,EXHIBITS,4610
1770,FIXES,1774
712,FIXES,5289
6306,FIXES,6308
2760,CAUSED_BY,2765
2317,REQUIRES_DIAGNOSIS,2330
1512,FIXES,6511
2396,FIXES,2401
2428,REQUIRES_DIAGNOSIS,2434
3204,FIXES,3203
3978,CAUSED_BY,4039
1,EXHIBITS,1592
170,FIXES,406
2627,CAUSED_BY,2636
2725,CAUSED_BY,2728
2250,FIXES,2260
2361,FIXES,2364
4301,FIXES,4298
1296,FIXES,439
5019,FIXES,5021
5741,FIXES,5749
2201,FIXES,2207
4560,REQUIRES_DIAGNOSIS,4567
5035,CAUSED_BY,3702
2458,FIXES,2462
2827,FIXES,2834
5996,FIXES,6228
49,EXHIBITS,2516
5996,FIXES,5999
5673,REQUIRES_DIAGNOSIS,5696
1753,FIXES,1774
2713,FIXES,2712
6031,FIXES,6040
3064,CAUSED_BY,3065
6262,FIXES,6261
608,CAUSED_BY,614
1579,FIXES,1582
1566,FIXES,1570
2317,CAUSED_BY,2327
3096,FIXES,3100
1231,FIXES,1235
4701,FIXES,4699
3701,FIXES,3702
6139,REQUIRES_DIAGNOSIS,6166
4709,FIXES,4712
629,FIXES,4398
2253,FIXES,2261
2905,FIXES,2911
262,FIXES,226
5744,FIXES,5750
6335,FIXES,6336
3911,REQUIRES_DIAGNOSIS,3918
81,FIXES,75
3809,FIXES,3807
2311,CAUSED_BY,1258
2809,FIXES,2810
4084,REQUIRES_DIAGNOSIS,4079
6648,FIXES,6646
2199,FIXES,385
5524,REQUIRES_DIAGNOSIS,5530
3467,REQUIRES_DIAGNOSIS,3470
3134,FIXES,3138
121,FIXES,107
2064,FIXES,2063
199,FIXES,198
1527,FIXES,2134
20,FIXES,4915
1,EXHIBITS,5217
701,REQUIRES_DIAGNOSIS,706
2256,FIXES,2262
2827,FIXES,2847
3499,FIXES,3498
1274,FIXES,1268
6716,CAUSED_BY,6717
4851,CAUSED_BY,4852
926,FIXES,921
119,EXHIBITS,156
53,FIXES,2191
4693,FIXES,107
2170,FIXES,2124
49,EXHIBITS,3926
5889,REQUIRES_DIAGNOSIS,5894
1721,REQUIRES_DIAGNOSIS,1738
1,EXHIBITS,5109
1065,FIXES,1069
4535,FIXES,4533
3247,FIXES,3249
2702,REQUIRES_DIAGNOSIS,2701
3234,FIXES,3237
1299,FIXES,1294
4208,FIXES,4211
6304,REQUIRES_DIAGNOSIS,6331
2739,FIXES,2745
2027,REQUIRES_DIAGNOSIS,2032
20,FIXES,5975
3295,FIXES,3294
5477,FIXES,5474
4707,CAUSED_BY,4708
763,CAUSED_BY,764
2117,FIXES,2120
407,FIXES,413
2167,CAUSED_BY,2174
2125,FIXES,2133
699,FIXES,698
2111,CAUSED_BY,2112
1,EXHIBITS,2197
1,EXHIBITS,4183
3365,EXHIBITS,6532
1427,REQUIRES_DIAGNOSIS,1381
2998,FIXES,2997
4909,REQUIRES_DIAGNOSIS,1521
6215,CAUSED_BY,6216
6018,FIXES,6017
4736,FIXES,201
5018,FIXES,5020
1134,FIXES,1136
6050,FIXES,1835
6838,FIXES,6837
1512,FIXES,3625
20,FIXES,2834
6478,FIXES,3991
792,CAUSED_BY,435
5995,FIXES,5998
2483,CAUSED_BY,1879
3408,FIXES,3405
5323,CAUSED_BY,5324
120,REQUIRES_DIAGNOSIS,93
1772,FIXES,1774
4946,FIXES,4948
1,EXHIBITS,103
6490,CAUSED_BY,6497
4440,REQUIRES_DIAGNOSIS,4446
4480,CAUSED_BY,4485
4451,FIXES,4456
520,FIXES,524
4388,CAUSED_BY,4389
6810,REQUIRES_DIAGNOSIS,6816
70,REQUIRES_DIAGNOSIS,77
5729,FIXES,5733
6338,REQUIRES_DIAGNOSIS,2994
1512,FIXES,1531
709,REQUIRES_DIAGNOSIS,715
1,EXHIBITS,1042
1433,FIXES,1322
1485,FIXES,1484
5743,FIXES,5749
2630,FIXES,6735
3865,FIXES,3872
305,REQUIRES_DIAGNOSIS,326
2858,CAUSED_BY,2863
1245,REQUIRES_DIAGNOSIS,1263
5589,FIXES,5588
19,FIXES,1531
2012,FIXES,2018
1,EXHIBITS,4425
5941,FIXES,6458
4532,CAUSED_BY,4539
1755,FIXES,1774
5758,REQUIRES_DIAGNOSIS,5778
1568,FIXES,1570
6464,FIXES,6469
18,FIXES,107
747,REQUIRES_DIAGNOSIS,753
20,FIXES,1090
7,FIXES,8
2898,REQUIRES_DIAGNOSIS,2938
1427,CAUSED_BY,1435
332,FIXES,336
4506,FIXES,4507
1686,REQUIRES_DIAGNOSIS,1690
1,EXHIBITS,2560
3035,REQUIRES_DIAGNOSIS,3038
3811,FIXES,3807
4520,FIXES,4523
49,EXHIBITS,6517
5823,CAUSED_BY,5824
4321,REQUIRES_DIAGNOSIS,4328
3929,FIXES,3930
5459,FIXES,5460
6797,CAUSED_BY,6798
95,CAUSED_BY,100
3233,FIXES,3236
5951,FIXES,5953
465,CAUSED_BY,476
2421,REQUIRES_DIAGNOSIS,2426
4888,CAUSED_BY,4889
2738,FIXES,2744
2486,FIXES,1879
31,FIXES,34
4909,CAUSED_BY,4914
2453,CAUSED_BY,2463
5219,FIXES,5218
4219,FIXES,4221
3092,CAUSED_BY,3101
49,EXHIBITS,4652
73,FIXES,158
3967,FIXES,3968
4373,REQUIRES_DIAGNOSIS,4382
1163,FIXES,1170
2130,FIXES,2154
4321,CAUSED_BY,4325
5942,FIXES,5943
49,EXHIBITS,1161
5594,FIXES,5596
3111,REQUIRES_DIAGNOSIS,3114
5893,FIXES,5890
608,REQUIRES_DIAGNOSIS,615
4144,REQUIRES_DIAGNOSIS,4152
1310,CAUSED_BY,1322
2023,FIXES,2022
2727,FIXES,2729
3741,FIXES,3742
2791,CAUSED_BY,2799
1528,FIXES,1530
5456,REQUIRES_DIAGNOSIS,5465
1180,FIXES,1183
378,REQUIRES_DIAGNOSIS,391
2949,FIXES,2947
131,FIXES,133
1084,FIXES,1082
54,FIXES,66
2483,CAUSED_BY,2484
1691,REQUIRES_DIAGNOSIS,1698
2119,FIXES,2120
2106,FIXES,2108
3457,CAUSED_BY,3458
5517,REQUIRES_DIAGNOSIS,5522
5169,REQUIRES_DIAGNOSIS,5175
4277,CAUSED_BY,4278
2127,FIXES,2133
1,EXHIBITS,4909
3779,FIXES,3780
4719,FIXES,4717
4144,CAUSED_BY,4149
2334,CAUSED_BY,2345
6757,CAUSED_BY,6758
2819,FIXES,2815
4952,REQUIRES_DIAGNOSIS,4963
5456,CAUSED_BY,5462
2359,FIXES,2916
989,FIXES,991
6693,FIXES,6692
329,CAUSED_BY,335
2817,FIXES,2821
3179,FIXES,3184
4517,CAUSED_BY,4522
1273,CAUSED_BY,1270
1526,FIXES,1630
4792,FIXES,4796
2597,REQUIRES_DIAGNOSIS,2601
2336,FIXES,2345
6463,FIXES,6468
189,CAUSED_BY,190
4630,REQUIRES_DIAGNOSIS,4636
3585,REQUIRES_DIAGNOSIS,3591
4952,CAUSED_BY,4960
2397,FIXES,2402
331,FIXES,335
251,EXHIBITS,5665
1,EXHIBITS,721
5873,REQUIRES_DIAGNOSIS,5876
934,FIXES,932
3345,REQUIRES_DIAGNOSIS,3349
1895,FIXES,1894
2809,FIXES,2636
5077,REQUIRES_DIAGNOSIS,5085
4795,FIXES,4797
419,FIXES,29
3627,FIXES,3630
1930,FIXES,1935
1163,FIXES,1425
5617,CAUSED_BY,5618
1052,FIXES,1055
6466,FIXES,6469
1369,REQUIRES_DIAGNOSIS,1384
1527,FIXES,2189
5971,FIXES,5977
6652,CAUSED_BY,6656
2486,FIXES,2484
6275,FIXES,6280
5673,CAUSED_BY,5684
5809,FIXES,5803
20,FIXES,311
2643,FIXES,2642
5068,REQUIRES_DIAGNOSIS,5075
285,FIXES,283
2042,FIXES,261
2797,FIXES,4496
1,EXHIBITS,2010
3863,REQUIRES_DIAGNOSIS,3873
49,EXHIBITS,5967
2,REQUIRES_DIAGNOSIS,12
2825,CAUSED_BY,2835
1705,REQUIRES_DIAGNOSIS,1703
1467,CAUSED_BY,1473
2726,FIXES,2728
3059,CAUSED_BY,3060
6234,CAUSED_BY,5999
2630,FIXES,1997
574,FIXES,580
2797,FIXES,6832
6476,REQUIRES_DIAGNOSIS,6486
2903,FIXES,90
1,EXHIBITS,6332
465,REQUIRES_DIAGNOSIS,464
4956,FIXES,4953
2858,REQUIRES_DIAGNOSIS,2864
3863,CAUSED_BY,3870
4273,FIXES,4271
287,FIXES,290
4819,REQUIRES_DIAGNOSIS,4823
5582,FIXES,5580
2764,FIXES,2766
4113,FIXES,4114
308,FIXES,315
5809,FIXES,5816
285,FIXES,296
3941,REQUIRES_DIAGNOSIS,3947
3095,FIXES,2211
53,FIXES,2488
4007,FIXES,4006
861,FIXES,3098
3491,FIXES,3489
5377,FIXES,5379
2075,FIXES,2209
147,REQUIRES_DIAGNOSIS,78
2816,FIXES,2820
4534,FIXES,4540
6655,FIXES,6656
6307,FIXES,6309
2321,FIXES,2328
1293,CAUSED_BY,1294
1251,FIXES,1253
2735,FIXES,75
108,FIXES,116
206,FIXES,208
1161,REQUIRES_DIAGNOSIS,1171
408,FIXES,414
1941,FIXES,5203
4902,CAUSED_BY,4906
32,FIXES,1537
6272,CAUSED_BY,6279
1666,CAUSED_BY,1667
2359,FIXES,2366
2996,REQUIRES_DIAGNOSIS,3001
4062,REQUIRES_DIAGNOSIS,4071
4537,FIXES,4541
6319,REQUIRES_DIAGNOSIS,6320
31,FIXES,6263
1536,REQUIRES_DIAGNOSIS,3299
2567,FIXES,2568
1,EXHIBITS,4480
4982,FIXES,4986
1051,FIXES,1054
4299,FIXES,4304
2880,FIXES,2878
1724,FIXES,1729
1310,REQUIRES_DIAGNOSIS,1323
2414,CAUSED_BY,2415
2123,CAUSED_BY,2134
3094,FIXES,3102
2791,REQUIRES_DIAGNOSIS,2800
1,EXHIBITS,5419
6254,CAUSED_BY,6255
2251,FIXES,2263
3302,FIXES,3304
2967,FIXES,2969
1077,FIXES,1074
4033,FIXES,4039
1852,REQUIRES_DIAGNOSIS,1860
3514,REQUIRES_DIAGNOSIS,3525
1104,CAUSED_BY,1109
3015,FIXES,3014
4377,FIXES,4374
1536,CAUSED_BY,34
141,FIXES,138
2172,FIXES,2175
2197,REQUIRES_DIAGNOSIS,2219
2903,FIXES,2910
793,FIXES,435
1542,REQUIRES_DIAGNOSIS,1551
1831,CAUSED_BY,1832
4319,FIXES,4318
1852,CAUSED_BY,1857
2393,CAUSED_BY,2403
2763,FIXES,2765
4510,CAUSED_BY,4514
307,FIXES,314
1405,FIXES,1403
70,REQUIRES_DIAGNOSIS,37
2057,FIXES,2053
5288,FIXES,22
3380,FIXES,3378
5458,FIXES,5463
1622,CAUSED_BY,1633
2797,FIXES,2899
1608,FIXES,3390
3578,REQUIRES_DIAGNOSIS,3583
263,FIXES,2831
20,FIXES,4312
1007,FIXES,1009
5043,CAUSED_BY,5044
947,REQUIRES_DIAGNOSIS,946
3823,FIXES,3829
6494,FIXES,6498
600,FIXES,602
2952,CAUSED_BY,2953
2575,FIXES,2577
3926,CAUSED_BY,3927
1650,FIXES,1649
1428,FIXES,1435
4898,FIXES,4899
6766,CAUSED_BY,6770
712,FIXES,5170
2783,FIXES,2779
2358,FIXES,2365
572,REQUIRES_DIAGNOSIS,581
2643,FIXES,1516
4536,FIXES,4540
6139,REQUIRES_DIAGNOSIS,6155
2323,FIXES,2328
2797,FIXES,3141
2737,FIXES,75
1905,FIXES,1903
1,EXHIBITS,2641
4936,FIXES,4937
20,FIXES,124
6804,CAUSED_BY,6808
49,EXHIBITS,6827
1770,FIXES,1776
3518,FIXES,3515
5249,FIXES,5247
2231,FIXES,2521
2317,REQUIRES_DIAGNOSIS,2332
1083,FIXES,1089
2036,FIXES,2038
4191,FIXES,4190
4435,CAUSED_BY,4437
2340,FIXES,2341
2250,FIXES,2262
831,FIXES,836
2361,FIXES,2366
5019,FIXES,5023
5741,FIXES,5751
2201,FIXES,2209
128,REQUIRES_DIAGNOSIS,25
1,EXHIBITS,2991
110,REQUIRES_DIAGNOSIS,109
3186,REQUIRES_DIAGNOSIS,3191
5839,FIXES,5843
2503,REQUIRES_DIAGNOSIS,2509
2458,FIXES,2464
6034,FIXES,6060
1039,FIXES,1038
625,REQUIRES_DIAGNOSIS,632
2827,FIXES,2836
6297,FIXES,6300
20,FIXES,5843
1753,FIXES,1776
1,EXHIBITS,1944
6262,FIXES,6263
5246,CAUSED_BY,5247
1579,FIXES,1584
3096,FIXES,3102
5767,FIXES,5771
2171,FIXES,2174
5086,CAUSED_BY,5090
6587,FIXES,6591
80,REQUIRES_DIAGNOSIS,37
3029,CAUSED_BY,3030
4000,FIXES,3998
2253,FIXES,2263
1,EXHIBITS,897
20,FIXES,4796
2905,FIXES,2913
1,EXHIBITS,5098
1486,FIXES,1487
5744,FIXES,5752
3186,CAUSED_BY,3188
2186,CAUSED_BY,2191
2204,FIXES,2210
6367,REQUIRES_DIAGNOSIS,6371
5961,FIXES,6779
55,FIXES,6823
1046,REQUIRES_DIAGNOSIS,1058
5136,FIXES,22
4414,FIXES,4411
649,REQUIRES_DIAGNOSIS,658
6683,FIXES,6689
5634,REQUIRES_DIAGNOSIS,5642
2246,REQUIRES_DIAGNOSIS,2267
1411,REQUIRES_DIAGNOSIS,1418
20,FIXES,4917
4297,REQUIRES_DIAGNOSIS,4305
1,EXHIBITS,789
6710,FIXES,6709
4902,REQUIRES_DIAGNOSIS,4907
2256,FIXES,2264
108,FIXES,158
2315,FIXES,257
49,EXHIBITS,2760
2827,FIXES,2849
6367,CAUSED_BY,6368
6607,REQUIRES_DIAGNOSIS,6615
1274,FIXES,1270
2797,FIXES,242
20,FIXES,3870
53,FIXES,2193
1578,FIXES,75
2641,REQUIRES_DIAGNOSIS,2646
3055,FIXES,3052
4707,REQUIRES_DIAGNOSIS,4713
5480,REQUIRES_DIAGNOSIS,5485
5808,FIXES,5810
2574,FIXES,2576
2167,REQUIRES_DIAGNOSIS,2179
1721,REQUIRES_DIAGNOSIS,1740
1,EXHIBITS,910
4218,REQUIRES_DIAGNOSIS,4217
3247,FIXES,3251
332,FIXES,2298
2829,FIXES,2826
4208,FIXES,4213
5557,FIXES,5561
2739,FIXES,2747
4138,FIXES,4135
4946,FIXES,2722
1014,CAUSED_BY,1015
20,FIXES,3991
20,FIXES,5977
972,FIXES,974
20,FIXES,3762
6607,CAUSED_BY,6612
4805,FIXES,4825
3707,CAUSED_BY,3713
5430,FIXES,5428
6800,FIXES,6801
86,FIXES,85
19,FIXES,123
20,FIXES,2715
1452,REQUIRES_DIAGNOSIS,1457
1769,FIXES,1775
2167,CAUSED_BY,2176
728,CAUSED_BY,729
2125,FIXES,2135
6305,FIXES,6309
3092,REQUIRES_DIAGNOSIS,2218
20,FIXES,3883
2275,FIXES,2247
73,FIXES,134
4388,REQUIRES_DIAGNOSIS,4394
4449,REQUIRES_DIAGNOSIS,4458
2027,CAUSED_BY,2031
859,CAUSED_BY,864
1978,CAUSED_BY,29
817,REQUIRES_DIAGNOSIS,820
2797,FIXES,3638
2200,FIXES,2208
4762,REQUIRES_DIAGNOSIS,4768
5018,FIXES,5022
6018,FIXES,6019
5358,CAUSED_BY,5363
20,FIXES,2836
2898,REQUIRES_DIAGNOSIS,2927
1447,FIXES,1448
4510,REQUIRES_DIAGNOSIS,4515
2256,FIXES,412
1772,FIXES,1776
1752,FIXES,1775
5960,FIXES,5963
1676,FIXES,1675
1375,FIXES,1376
6810,REQUIRES_DIAGNOSIS,6818
1,EXHIBITS,5703
70,REQUIRES_DIAGNOSIS,79
1,EXHIBITS,3488
1,EXHIBITS,3259
1905,FIXES,306
5743,FIXES,5751
4324,FIXES,4325
49,EXHIBITS,5230
2738,FIXES,2733
305,REQUIRES_DIAGNOSIS,328
1245,REQUIRES_DIAGNOSIS,1265
2360,FIXES,2367
5421,FIXES,5420
593,FIXES,594
4532,CAUSED_BY,4541
1755,FIXES,1776
3971,REQUIRES_DIAGNOSIS,3976
850,FIXES,849
2597,CAUSED_BY,2598
355,FIXES,357
20,FIXES,1092
7,FIXES,10
2898,REQUIRES_DIAGNOSIS,2940
6198,FIXES,6126
988,FIXES,973
4909,REQUIRES_DIAGNOSIS,4919
1427,CAUSED_BY,1437
1310,CAUSED_BY,1311
518,REQUIRES_DIAGNOSIS,525
3035,REQUIRES_DIAGNOSIS,3040
20,FIXES,45
3463,FIXES,3462
236,FIXES,237
332,FIXES,3950
5459,FIXES,5462
4610,CAUSED_BY,4611
2571,FIXES,2570
903,CAUSED_BY,904
6449,CAUSED_BY,6453
3233,FIXES,3238
2126,FIXES,2155
465,CAUSED_BY,478
3738,FIXES,3743
2738,FIXES,2746
31,FIXES,36
1971,FIXES,1970
2725,REQUIRES_DIAGNOSIS,2731
4909,CAUSED_BY,4916
6340,FIXES,6339
6180,FIXES,6182
1296,FIXES,1301
2658,FIXES,2661
2898,CAUSED_BY,2910
2797,FIXES,4122
20,FIXES,3320
20,FIXES,1105
5992,CAUSED_BY,5999
2421,CAUSED_BY,2425
5957,CAUSED_BY,5962
3332,FIXES,3333
2322,FIXES,2318
2334,REQUIRES_DIAGNOSIS,2350
3029,REQUIRES_DIAGNOSIS,3031
1229,FIXES,3416
49,EXHIBITS,4546
4862,FIXES,4863
5792,FIXES,5782
6757,REQUIRES_DIAGNOSIS,6763
2962,FIXES,2961
2308,FIXES,2343
5620,FIXES,5618
429,FIXES,4024
4622,FIXES,4621
1691,REQUIRES_DIAGNOSIS,1700
1049,FIXES,1047
3824,FIXES,3830
4109,CAUSED_BY,4110
2127,FIXES,2135
4996,CAUSED_BY,1445
1853,FIXES,1796
5762,FIXES,5710
6304,CAUSED_BY,5824
934,FIXES,921
6597,FIXES,6596
49,EXHIBITS,4667
3785,REQUIRES_DIAGNOSIS,3792
49,EXHIBITS,2452
5910,FIXES,5909
496,FIXES,495
4317,CAUSED_BY,4312
4952,REQUIRES_DIAGNOSIS,4965
20,FIXES,3562
20,FIXES,5548
2359,FIXES,2918
5310,FIXES,5309
1686,CAUSED_BY,1675
4642,FIXES,4656
6722,CAUSED_BY,6723
4568,REQUIRES_DIAGNOSIS,4577
6693,FIXES,6694
4983,FIXES,4987
393,FIXES,6127
329,CAUSED_BY,337
2246,REQUIRES_DIAGNOSIS,2080
5517,CAUSED_BY,5521
6641,REQUIRES_DIAGNOSIS,6644
2254,FIXES,2258
1526,FIXES,1632
1567,FIXES,1571
6463,FIXES,6470
598,CAUSED_BY,603
4630,REQUIRES_DIAGNOSIS,4638
4725,CAUSED_BY,4726
1907,CAUSED_BY,1912
1355,FIXES,1320
2397,FIXES,2404
2495,FIXES,2496
630,FIXES,631
20,FIXES,6837
979,FIXES,982
3707,REQUIRES_DIAGNOSIS,3714
6346,CAUSED_BY,90
2010,REQUIRES_DIAGNOSIS,2019
4427,FIXES,5548
5473,CAUSED_BY,5474
4491,FIXES,4496
2257,FIXES,2259
3627,FIXES,3632
1,EXHIBITS,3877
5703,REQUIRES_DIAGNOSIS,5714
4630,CAUSED_BY,4635
1525,FIXES,1524
1331,FIXES,4653
1527,FIXES,2191
6111,CAUSED_BY,6112
628,FIXES,85
4835,FIXES,4831
2072,REQUIRES_DIAGNOSIS,2080
5204,FIXES,5203
30,FIXES,35
20,FIXES,4972
1,EXHIBITS,3059
3717,CAUSED_BY,3718
1,EXHIBITS,844
5673,CAUSED_BY,5686
5508,FIXES,5506
6179,FIXES,6181
4375,FIXES,4380
2797,FIXES,4498
1595,FIXES,22
6046,CAUSED_BY,1835
3863,REQUIRES_DIAGNOSIS,3875
780,CAUSED_BY,784
49,EXHIBITS,3983
5276,REQUIRES_DIAGNOSIS,5279
3053,FIXES,3052
1385,CAUSED_BY,1386
2,REQUIRES_DIAGNOSIS,14
2825,CAUSED_BY,2837
4480,REQUIRES_DIAGNOSIS,4488
560,FIXES,566
1165,FIXES,1168
4384,REQUIRES_DIAGNOSIS,4387
50,REQUIRES_DIAGNOSIS,59
5804,FIXES,5816
782,FIXES,784
3193,REQUIRES_DIAGNOSIS,3201
3288,CAUSED_BY,3289
2858,REQUIRES_DIAGNOSIS,2866
287,FIXES,292
4126,FIXES,4128
4113,FIXES,4116
308,FIXES,317
3778,FIXES,3781
1565,FIXES,1569
5547,FIXES,5545
3729,FIXES,3728
49,EXHIBITS,5043
4789,CAUSED_BY,4797
1455,FIXES,412
197,CAUSED_BY,201
6057,FIXES,6022
50,CAUSED_BY,56
1433,FIXES,90
1592,CAUSED_BY,372
5008,FIXES,5009
1427,REQUIRES_DIAGNOSIS,1438
6377,FIXES,6378
1133,FIXES,1132
3193,CAUSED_BY,3198
2075,FIXES,2211
4624,FIXES,4621
1536,REQUIRES_DIAGNOSIS,26
1,EXHIBITS,5408
6304,CAUSED_BY,6321
1,EXHIBITS,3193
1,EXHIBITS,978
5311,FIXES,5244
3720,FIXES,3718
6599,FIXES,6596
1855,FIXES,1796
1251,FIXES,1255
5764,FIXES,5710
1856,FIXES,1857
1555,FIXES,1558
1161,REQUIRES_DIAGNOSIS,1173
6449,REQUIRES_DIAGNOSIS,6454
498,FIXES,495
2101,REQUIRES_DIAGNOSIS,2110
1,EXHIBITS,160
3624,CAUSED_BY,3631
20,FIXES,4059
2459,FIXES,2454
2414,REQUIRES_DIAGNOSIS,2420
2527,FIXES,2211
2523,CAUSED_BY,2524
2359,FIXES,2368
127,CAUSED_BY,76
2631,FIXES,2652
3612,FIXES,3615
6799,FIXES,6801
4982,FIXES,4988
1023,CAUSED_BY,1019
1016,FIXES,1019
2123,CAUSED_BY,2136
3094,FIXES,3104
2791,REQUIRES_DIAGNOSIS,2802
1607,CAUSED_BY,1582
2399,FIXES,2404
204,REQUIRES_DIAGNOSIS,209
4360,FIXES,4363
2251,FIXES,2265
6532,CAUSED_BY,6537
1897,FIXES,1896
3131,CAUSED_BY,1258
1536,CAUSED_BY,3298
1607,CAUSED_BY,306
49,EXHIBITS,2373
4898,FIXES,6753
234,FIXES,237
6242,FIXES,6241
6611,FIXES,6613
588,CAUSED_BY,594
559,FIXES,565
3430,REQUIRES_DIAGNOSIS,3437
49,EXHIBITS,3312
3729,FIXES,1997
162,FIXES,165
2903,FIXES,2912
3549,CAUSED_BY,3554
2393,CAUSED_BY,2405
4517,REQUIRES_DIAGNOSIS,4525
2763,FIXES,2767
3967,FIXES,4025
4125,FIXES,4127
307,FIXES,316
4175,CAUSED_BY,4181
5162,CAUSED_BY,5166
2952,REQUIRES_DIAGNOSIS,2958
6139,REQUIRES_DIAGNOSIS,6144
562,FIXES,566
739,REQUIRES_DIAGNOSIS,746
3926,REQUIRES_DIAGNOSIS,3932
1622,CAUSED_BY,1635
1167,FIXES,1168
1608,FIXES,3392
5341,FIXES,5339
263,FIXES,2833
5456,CAUSED_BY,29
1118,FIXES,1115
1840,FIXES,1843
49,EXHIBITS,2386
1512,FIXES,1843
3823,FIXES,3831
4344,FIXES,435
600,FIXES,604
5136,FIXES,5138
555,REQUIRES_DIAGNOSIS,570
2119,FIXES,2177
5089,FIXES,5090
4073,CAUSED_BY,4074
2050,FIXES,261
2390,FIXES,215
6401,FIXES,6403
3578,CAUSED_BY,3582
1428,FIXES,1437
3230,CAUSED_BY,3235
2479,FIXES,2478
105,EXHIBITS,155
4239,FIXES,4322
2358,FIXES,2367
572,REQUIRES_DIAGNOSIS,583
2317,CAUSED_BY,2318
2288,FIXES,2289
5866,CAUSED_BY,5867
4622,FIXES,4797
1117,FIXES,5999
6139,REQUIRES_DIAGNOSIS,6157
128,REQUIRES_DIAGNOSIS,135
723,FIXES,722
4936,FIXES,4939
3866,FIXES,3864
1083,FIXES,1091
2340,FIXES,2343
2250,FIXES,2264
2361,FIXES,2368
2984,REQUIRES_DIAGNOSIS,2987
2201,FIXES,2211
4716,REQUIRES_DIAGNOSIS,4723
3614,FIXES,3615
1778,CAUSED_BY,1779
6034,FIXES,6062
2827,FIXES,2838
625,REQUIRES_DIAGNOSIS,634
4984,FIXES,4988
43,FIXES,41
2074,FIXES,2078
6610,FIXES,6612
3064,CAUSED_BY,3069
4904,FIXES,4903
3096,FIXES,3104
74,FIXES,29
2068,CAUSED_BY,2070
5767,FIXES,5773
2171,FIXES,2176
1778,REQUIRES_DIAGNOSIS,1795
2253,FIXES,2265
4014,FIXES,4016
5440,FIXES,5451
1717,FIXES,1710
5613,FIXES,5612
3186,CAUSED_BY,3190
2186,CAUSED_BY,2193
2204,FIXES,2212
1046,REQUIRES_DIAGNOSIS,1060
6057,FIXES,6064
6648,FIXES,6650
625,CAUSED_BY,631
2602,REQUIRES_DIAGNOSIS,2606
5882,FIXES,5878
2077,FIXES,2079
5805,FIXES,5811
6294,CAUSED_BY,6295
561,FIXES,565
2246,REQUIRES_DIAGNOSIS,2269
19,FIXES,112
1164,FIXES,1162
4297,REQUIRES_DIAGNOSIS,4307
5947,REQUIRES_DIAGNOSIS,5954
6710,FIXES,6711
3195,FIXES,3199
4013,CAUSED_BY,242
2125,FIXES,2124
5595,FIXES,5588
1014,REQUIRES_DIAGNOSIS,1020
6272,REQUIRES_DIAGNOSIS,6282
1761,FIXES,1774
20,FIXES,3872
4707,REQUIRES_DIAGNOSIS,4715
4404,FIXES,4402
6332,CAUSED_BY,6333
2250,FIXES,412
5425,FIXES,5424
5378,FIXES,5376
5808,FIXES,5812
2574,FIXES,2578
1,EXHIBITS,1141
2167,REQUIRES_DIAGNOSIS,2181
1721,REQUIRES_DIAGNOSIS,1742
1,EXHIBITS,3127
6442,CAUSED_BY,6443
332,FIXES,2529
332,FIXES,314
5570,FIXES,5575
5557,FIXES,5563
2893,CAUSED_BY,90
1512,FIXES,4784
5152,FIXES,5150
5350,REQUIRES_DIAGNOSIS,5355
121,FIXES,124
3295,FIXES,3298
4805,FIXES,4827
3139,FIXES,2211
4707,CAUSED_BY,4712
2282,REQUIRES_DIAGNOSIS,2286
6372,REQUIRES_DIAGNOSIS,6381
5480,CAUSED_BY,5484
20,FIXES,4932
1424,CAUSED_BY,1425
4935,FIXES,4938
4263,CAUSED_BY,4264
3432,FIXES,76
332,FIXES,6851
728,CAUSED_BY,731
2125,FIXES,2137
6256,FIXES,6258
663,FIXES,661
1372,FIXES,1377
3420,CAUSED_BY,3425
4449,REQUIRES_DIAGNOSIS,4460
859,CAUSED_BY,866
3818,REQUIRES_DIAGNOSIS,3835
6534,FIXES,6538
6566,REQUIRES_DIAGNOSIS,6571
6579,REQUIRES_DIAGNOSIS,6583
6018,FIXES,6021
2200,FIXES,2210
1064,FIXES,1062
2130,FIXES,2132
1433,FIXES,1434
1512,FIXES,3629
6637,FIXES,6689
2898,REQUIRES_DIAGNOSIS,2929
2455,FIXES,2460
3408,FIXES,3409
5162,REQUIRES_DIAGNOSIS,5167
5323,CAUSED_BY,5328
3868,FIXES,3864
1686,REQUIRES_DIAGNOSIS,1681
20,FIXES,6450
5238,FIXES,5237
1705,CAUSED_BY,1706
1375,FIXES,1378
1771,FIXES,1747
1228,FIXES,1233
405,REQUIRES_DIAGNOSIS,416
1833,FIXES,1835
1865,REQUIRES_DIAGNOSIS,1868
20,FIXES,3188
5007,FIXES,5009
2203,FIXES,2211
1996,REQUIRES_DIAGNOSIS,2003
2453,CAUSED_BY,2454
20,FIXES,4127
49,EXHIBITS,2428
879,CAUSED_BY,880
2898,CAUSED_BY,2899
2736,FIXES,2741
2541,FIXES,2524
1593,FIXES,372
20,FIXES,3309
5769,FIXES,5773
1754,FIXES,1747
6766,REQUIRES_DIAGNOSIS,6773
405,CAUSED_BY,413
815,FIXES,814
6696,REQUIRES_DIAGNOSIS,6695
2898,REQUIRES_DIAGNOSIS,2942
3846,FIXES,3848
4909,REQUIRES_DIAGNOSIS,4921
5615,FIXES,5612
2093,FIXES,2091
1229,FIXES,3405
236,FIXES,239
1250,FIXES,1252
1511,CAUSED_BY,1879
4833,FIXES,4837
5807,FIXES,5811
1,EXHIBITS,5947
1625,FIXES,1582
3471,REQUIRES_DIAGNOSIS,3447
3197,FIXES,3199
2738,FIXES,2748
5622,REQUIRES_DIAGNOSIS,5632
3413,CAUSED_BY,3405
2991,REQUIRES_DIAGNOSIS,2995
2658,FIXES,2663
268,CAUSED_BY,269
2898,CAUSED_BY,2912
4845,FIXES,4852
2168,FIXES,318
378,CAUSED_BY,379
396,FIXES,398
3404,CAUSED_BY,3384
4584,FIXES,4585
1608,FIXES,1582
2706,FIXES,2708
5189,FIXES,5187
5587,CAUSED_BY,5588
1371,FIXES,1376
20,FIXES,4490
2254,FIXES,2247
3029,REQUIRES_DIAGNOSIS,3033
6757,REQUIRES_DIAGNOSIS,6765
3747,REQUIRES_DIAGNOSIS,3756
6115,FIXES,6112
1608,FIXES,306
2991,CAUSED_BY,2992
33,FIXES,45
2186,REQUIRES_DIAGNOSIS,2194
2962,FIXES,2963
103,CAUSED_BY,100
2308,FIXES,2345
74,FIXES,71
2105,FIXES,2108
1691,REQUIRES_DIAGNOSIS,1702
2483,CAUSED_BY,2488
2119,FIXES,2124
3434,FIXES,76
3824,FIXES,3832
4277,CAUSED_BY,4282
352,FIXES,351
171,FIXES,169
2127,FIXES,2137
5941,FIXES,4960
192,FIXES,194
5939,CAUSED_BY,5940
1227,FIXES,1232
6757,CAUSED_BY,6762
3747,CAUSED_BY,3753
5934,FIXES,5031
20,FIXES,5550
2359,FIXES,2920
2249,FIXES,2258
4357,FIXES,4362
2202,FIXES,2210
2772,CAUSED_BY,2748
3474,CAUSED_BY,3475
5004,CAUSED_BY,5005
5740,FIXES,5747
5767,FIXES,5707
6363,REQUIRES_DIAGNOSIS,6366
2087,FIXES,2084
4983,FIXES,4989
4926,FIXES,4923
329,CAUSED_BY,339
2457,FIXES,2460
3179,FIXES,3188
592,FIXES,595
5473,REQUIRES_DIAGNOSIS,5479
2655,REQUIRES_DIAGNOSIS,2665
49,EXHIBITS,2804
3083,FIXES,3087
2205,FIXES,2207
598,CAUSED_BY,605
6574,FIXES,6576
1773,FIXES,1747
1907,CAUSED_BY,1914
6058,FIXES,6059
3272,REQUIRES_DIAGNOSIS,3278
882,FIXES,886
2825,CAUSED_BY,2826
3796,FIXES,3794
1705,REQUIRES_DIAGNOSIS,1694
3150,CAUSED_BY,3154
2623,REQUIRES_DIAGNOSIS,2625
3707,REQUIRES_DIAGNOSIS,3716
4427,FIXES,5550
6460,CAUSED_BY,6461
4491,FIXES,4498
2257,FIXES,2261
2655,CAUSED_BY,2662
1424,REQUIRES_DIAGNOSIS,1426
1556,FIXES,1558
5703,REQUIRES_DIAGNOSIS,5716
5438,CAUSED_BY,5439
6409,FIXES,6407
1231,FIXES,1415
1331,FIXES,4655
1527,FIXES,2193
2126,FIXES,318
2968,FIXES,315
2486,FIXES,2488
2072,REQUIRES_DIAGNOSIS,2082
1,EXHIBITS,5276
5673,CAUSED_BY,5688
1,EXHIBITS,6139
5792,FIXES,1838
4343,CAUSED_BY,4347
2657,FIXES,2662
1595,FIXES,253
120,CAUSED_BY,123
20,FIXES,3927
1,EXHIBITS,28
1,EXHIBITS,6215
6669,REQUIRES_DIAGNOSIS,6673
5323,REQUIRES_DIAGNOSIS,5329
382,FIXES,385
5316,CAUSED_BY,5320
2825,CAUSED_BY,2839
6544,FIXES,6543
1705,REQUIRES_DIAGNOSIS,1707
4186,FIXES,4184
2072,CAUSED_BY,2079
848,REQUIRES_DIAGNOSIS,852
443,FIXES,442
108,FIXES,107
2691,FIXES,2695
3691,FIXES,3692
6559,CAUSED_BY,6560
3296,FIXES,3297
1478,FIXES,1480
20,FIXES,3819
2170,FIXES,318
6669,CAUSED_BY,6670
1331,FIXES,4668
287,FIXES,294
5637,FIXES,5635
4934,FIXES,4932
308,FIXES,319
20,FIXES,4987
1359,FIXES,1360
1289,FIXES,1282
6199,FIXES,6197
3558,REQUIRES_DIAGNOSIS,3563
2868,CAUSED_BY,2872
98,FIXES,96
4007,FIXES,4010
5725,FIXES,5730
49,EXHIBITS,6442
6377,FIXES,6380
3193,CAUSED_BY,3200
2075,FIXES,2213
4922,CAUSED_BY,4790
5760,FIXES,5771
2107,FIXES,2108
3094,FIXES,3093
3675,REQUIRES_DIAGNOSIS,3686
1251,FIXES,1257
3146,CAUSED_BY,435
6620,FIXES,6623
2334,CAUSED_BY,860
6797,REQUIRES_DIAGNOSIS,6803
6790,CAUSED_BY,6794
1941,FIXES,5207
2494,FIXES,2497
3671,REQUIRES_DIAGNOSIS,3674
5194,CAUSED_BY,5195
4194,CAUSED_BY,4198
5165,FIXES,5166
1,EXHIBITS,5531
20,FIXES,3014
1295,FIXES,439
4652,REQUIRES_DIAGNOSIS,4637
5825,FIXES,5829
2336,FIXES,860
3612,FIXES,3617
1086,FIXES,1088
1444,REQUIRES_DIAGNOSIS,1450
4982,FIXES,4990
5122,CAUSED_BY,5123
2083,REQUIRES_DIAGNOSIS,2088
4482,FIXES,4507
49,EXHIBITS,4469
2814,REQUIRES_DIAGNOSIS,2823
5270,REQUIRES_DIAGNOSIS,5274
5459,FIXES,29
2466,REQUIRES_DIAGNOSIS,2476
2393,CAUSED_BY,2394
3769,FIXES,4597
5957,REQUIRES_DIAGNOSIS,5965
2734,FIXES,2741
5573,FIXES,5580
1967,FIXES,1965
5908,REQUIRES_DIAGNOSIS,5912
3407,FIXES,3416
4360,FIXES,4365
5560,REQUIRES_DIAGNOSIS,5565
4971,FIXES,4313
1077,FIXES,1078
2197,CAUSED_BY,2207
20,FIXES,4303
61,CAUSED_BY,62
1,EXHIBITS,175
5518,FIXES,129
4791,FIXES,22
234,FIXES,239
4270,CAUSED_BY,4274
5270,CAUSED_BY,5271
2408,REQUIRES_DIAGNOSIS,2413
1,EXHIBITS,3558
141,FIXES,142
2903,FIXES,2914
3983,CAUSED_BY,3984
4125,FIXES,4129
307,FIXES,318
1405,FIXES,1407
2358,FIXES,2356
2359,FIXES,2733
3757,CAUSED_BY,3758
6546,FIXES,6543
6139,REQUIRES_DIAGNOSIS,6146
4073,REQUIRES_DIAGNOSIS,4079
182,CAUSED_BY,186
2493,FIXES,385
1515,FIXES,1517
2778,CAUSED_BY,2786
1622,CAUSED_BY,1637
1167,FIXES,1170
3230,REQUIRES_DIAGNOSIS,3240
3396,FIXES,4028
160,CAUSED_BY,161
5043,CAUSED_BY,5048
1840,FIXES,1845
49,EXHIBITS,2617
2906,FIXES,2915
6376,FIXES,6379
3441,FIXES,3439
2740,FIXES,2773
2396,FIXES,2394
3978,CAUSED_BY,4032
1,EXHIBITS,3800
3505,CAUSED_BY,3509
5866,REQUIRES_DIAGNOSIS,5872
4574,FIXES,4569
49,EXHIBITS,3785
600,FIXES,606
1193,FIXES,1190
5673,REQUIRES_DIAGNOSIS,5689
5727,FIXES,5730
662,FIXES,667
5194,REQUIRES_DIAGNOSIS,5200
282,REQUIRES_DIAGNOSIS,298
4343,REQUIRES_DIAGNOSIS,4348
572,REQUIRES_DIAGNOSIS,585
3096,FIXES,3093
278,FIXES,279
5156,CAUSED_BY,5159
6139,REQUIRES_DIAGNOSIS,6159
1281,CAUSED_BY,1282
4824,REQUIRES_DIAGNOSIS,4828
3611,FIXES,3616
2486,FIXES,315
2946,REQUIRES_DIAGNOSIS,2951
2282,CAUSED_BY,2283
780,REQUIRES_DIAGNOSIS,787
5316,REQUIRES_DIAGNOSIS,5321
6437,REQUIRES_DIAGNOSIS,6440
409,FIXES,414
6304,REQUIRES_DIAGNOSIS,6311
32,FIXES,2038
5854,FIXES,5853
1,EXHIBITS,1827
1,EXHIBITS,3813
5286,CAUSED_BY,22
953,REQUIRES_DIAGNOSIS,952
3517,FIXES,3519
831,FIXES,840
5827,FIXES,5829
2201,FIXES,2213
251,EXHIBITS,1523
110,REQUIRES_DIAGNOSIS,113
1,EXHIBITS,780
3614,FIXES,3617
6432,FIXES,6431
4266,FIXES,4267
49,EXHIBITS,4966
6034,FIXES,6064
2827,FIXES,2840
625,REQUIRES_DIAGNOSIS,636
4984,FIXES,4990
5984,FIXES,5987
5636,FIXES,5640
1938,REQUIRES_DIAGNOSIS,1943
1,EXHIBITS,4163
558,FIXES,566
2641,REQUIRES_DIAGNOSIS,2637
49,EXHIBITS,3919
2510,CAUSED_BY,385
3377,CAUSED_BY,3381
2868,REQUIRES_DIAGNOSIS,2873
2221,CAUSED_BY,2232
4000,FIXES,4002
1721,REQUIRES_DIAGNOSIS,1731
1065,FIXES,1062
2294,FIXES,2293
2972,FIXES,311
2204,FIXES,2214
1758,FIXES,1775
4674,FIXES,4681
5627,FIXES,5630
5961,FIXES,6783
6304,REQUIRES_DIAGNOSIS,6324
2553,FIXES,3444
4620,CAUSED_BY,4621
20,FIXES,5968
5243,FIXES,5242
178,FIXES,179
3046,CAUSED_BY,3047
5805,FIXES,5813
6790,REQUIRES_DIAGNOSIS,6795
2711,CAUSED_BY,2712
6442,REQUIRES_DIAGNOSIS,6448
3624,REQUIRES_DIAGNOSIS,3634
3232,FIXES,3236
494,CAUSED_BY,495
1,EXHIBITS,5223
251,EXHIBITS,1536
5947,REQUIRES_DIAGNOSIS,5956
1834,FIXES,5750
6375,FIXES,6378
407,FIXES,406
1014,REQUIRES_DIAGNOSIS,1022
2544,REQUIRES_DIAGNOSIS,2552
6326,FIXES,6325
5202,REQUIRES_DIAGNOSIS,5209
1761,FIXES,1776
926,FIXES,927
2036,FIXES,190
6585,REQUIRES_DIAGNOSIS,6594
5808,FIXES,5814
1155,FIXES,1154
1721,REQUIRES_DIAGNOSIS,1744
2167,REQUIRES_DIAGNOSIS,2183
84,CAUSED_BY,89
4390,FIXES,4392
3055,FIXES,23
1357,FIXES,1360
1299,FIXES,1300
4167,CAUSED_BY,4168
4138,FIXES,4139
5500,FIXES,5499
5668,FIXES,5669
1014,CAUSED_BY,1019
1,EXHIBITS,4297
6247,CAUSED_BY,6251
5350,REQUIRES_DIAGNOSIS,5357
5996,FIXES,1120
3768,FIXES,3767
4691,CAUSED_BY,107
6426,FIXES,6424
1512,FIXES,1524
86,FIXES,89
2273,FIXES,2278
1592,CAUSED_BY,1597
2320,FIXES,2326
6751,FIXES,6752
5248,FIXES,5250
642,FIXES,638
2725,REQUIRES_DIAGNOSIS,2709
6813,FIXES,6840
1,EXHIBITS,217
1372,FIXES,1379
2012,FIXES,2011
20,FIXES,6102
6480,FIXES,3991
1653,CAUSED_BY,1654
2986,FIXES,2985
879,CAUSED_BY,869
859,CAUSED_BY,868
3818,REQUIRES_DIAGNOSIS,3837
436,FIXES,1403
789,CAUSED_BY,790
1595,FIXES,1610
4553,CAUSED_BY,4557
5553,CAUSED_BY,5554
6018,FIXES,6023
2200,FIXES,2212
18,FIXES,100
1,EXHIBITS,1385
2130,FIXES,2134
1512,FIXES,3631
1433,FIXES,1436
4683,CAUSED_BY,4668
1085,FIXES,1089
2898,REQUIRES_DIAGNOSIS,2931
2455,FIXES,2462
20,FIXES,36
1245,CAUSED_BY,1253
1655,FIXES,1654
2778,REQUIRES_DIAGNOSIS,2787
3841,CAUSED_BY,3853
1676,FIXES,1679
3768,FIXES,3780
1228,FIXES,1235
1593,FIXES,253
20,FIXES,3190
49,EXHIBITS,3477
2203,FIXES,2213
2794,FIXES,2799
20,FIXES,4129
2630,FIXES,3708
1106,FIXES,4884
6250,FIXES,6251
5836,REQUIRES_DIAGNOSIS,5845
6836,REQUIRES_DIAGNOSIS,6842
2736,FIXES,2743
3220,FIXES,3223
801,FIXES,800
1607,CAUSED_BY,1531
4330,CAUSED_BY,4362
2898,REQUIRES_DIAGNOSIS,2944
4641,FIXES,4640
2443,FIXES,242
4494,FIXES,4495
1658,CAUSED_BY,1662
2206,FIXES,2214
1760,FIXES,1775
4146,FIXES,4148
978,REQUIRES_DIAGNOSIS,984
1526,FIXES,5811
236,FIXES,241
1511,CAUSED_BY,1881
1180,FIXES,1176
3206,CAUSED_BY,75
5836,CAUSED_BY,5842
5823,CAUSED_BY,5830
5807,FIXES,5813
425,REQUIRES_DIAGNOSIS,432
33,FIXES,34
4737,FIXES,4738
5389,FIXES,5388
3880,FIXES,3883
6696,CAUSED_BY,6694
5741,FIXES,5676
2681,FIXES,2684
1,EXHIBITS,4902
262,FIXES,261
2359,FIXES,3956
3642,FIXES,3646
1763,FIXES,1776
978,CAUSED_BY,981
2898,CAUSED_BY,2914
2287,CAUSED_BY,2290
20,FIXES,3553
2359,FIXES,2909
20,FIXES,1109
2562,FIXES,2564
6243,FIXES,148
396,FIXES,400
4969,FIXES,44
4109,REQUIRES_DIAGNOSIS,4117
2119,FIXES,2234
1371,FIXES,1378
3377,REQUIRES_DIAGNOSIS,3382
5502,FIXES,5499
70,CAUSED_BY,29
4570,FIXES,4575
4842,CAUSED_BY,4843
6463,FIXES,6461
2357,FIXES,2363
1907,CAUSED_BY,1903
3978,CAUSED_BY,3979
1512,FIXES,35
2186,REQUIRES_DIAGNOSIS,2196
1432,FIXES,1435
6070,REQUIRES_DIAGNOSIS,6080
6722,REQUIRES_DIAGNOSIS,6730
1084,FIXES,1088
4952,CAUSED_BY,4953
4970,FIXES,4972
986,CAUSED_BY,973
969,REQUIRES_DIAGNOSIS,976
1691,REQUIRES_DIAGNOSIS,1704
3824,FIXES,3834
4109,CAUSED_BY,4114
1339,FIXES,1338
979,FIXES,973
3935,FIXES,3938
5280,REQUIRES_DIAGNOSIS,5285
5527,FIXES,5525
1899,REQUIRES_DIAGNOSIS,1906
6240,CAUSED_BY,6241
6849,FIXES,6846
2797,FIXES,4597
1227,FIXES,1234
6517,REQUIRES_DIAGNOSIS,6529
1470,FIXES,1473
2819,FIXES,2821
4795,FIXES,4790
5035,CAUSED_BY,5039
1,EXHIBITS,1653
2885,REQUIRES_DIAGNOSIS,2891
2249,FIXES,2260
4357,FIXES,4364
2202,FIXES,2212
3329,CAUSED_BY,3330
4300,FIXES,4298
6070,CAUSED_BY,6077
6722,CAUSED_BY,6727
5740,FIXES,5749
754,CAUSED_BY,755
2223,FIXES,2237
2119,FIXES,2247
1087,FIXES,1089
2968,FIXES,75
329,CAUSED_BY,341
969,CAUSED_BY,973
5673,CAUSED_BY,5677
1,EXHIBITS,835
2457,FIXES,2462
3179,FIXES,3190
6275,FIXES,6273
522,FIXES,519
2655,REQUIRES_DIAGNOSIS,2667
4463,REQUIRES_DIAGNOSIS,4466
5371,FIXES,5370
436,FIXES,35
2205,FIXES,2209
1899,CAUSED_BY,1903
114,REQUIRES_DIAGNOSIS,109
1,EXHIBITS,4218
4725,CAUSED_BY,4730
1907,CAUSED_BY,1916
2740,FIXES,2733
394,FIXES,3065
6058,FIXES,6061
4291,FIXES,4288
6111,REQUIRES_DIAGNOSIS,6119
3477,CAUSED_BY,3478
20,FIXES,6841
3150,CAUSED_BY,3156
574,FIXES,573
5654,FIXES,1531
2119,FIXES,1321
6444,FIXES,6446
4978,CAUSED_BY,4986
1040,FIXES,1043
53,FIXES,2131
5703,REQUIRES_DIAGNOSIS,5718
3879,FIXES,3882
4560,CAUSED_BY,4561
287,FIXES,283
3420,REQUIRES_DIAGNOSIS,3428
6111,CAUSED_BY,6116
5204,FIXES,5207
20,FIXES,2761
3717,CAUSED_BY,3722
1,EXHIBITS,848
1921,FIXES,1920
3451,FIXES,3450
6749,CAUSED_BY,6723
285,FIXES,289
5308,CAUSED_BY,5309
775,REQUIRES_DIAGNOSIS,779
4308,CAUSED_BY,4312
4279,FIXES,4283
395,FIXES,399
2901,FIXES,2920
3053,FIXES,3056
1385,CAUSED_BY,1390
2825,CAUSED_BY,2841
5591,FIXES,5596
4534,FIXES,4533
1,EXHIBITS,969
394,FIXES,45
5743,FIXES,5676
381,FIXES,387
1251,FIXES,1246
137,CAUSED_BY,138
3053,FIXES,23
1331,FIXES,1516
2691,FIXES,2697
1,EXHIBITS,6338
4956,FIXES,4959
3949,CAUSED_BY,3950
1331,FIXES,4670
287,FIXES,296
910,REQUIRES_DIAGNOSIS,915
4971,FIXES,4999
308,FIXES,321
931,REQUIRES_DIAGNOSIS,940
1433,FIXES,1370
4009,FIXES,4006
1359,FIXES,1362
191,FIXES,195
4177,FIXES,4176
20,FIXES,4989
5547,FIXES,5549
3729,FIXES,3732
4675,FIXES,4635
2672,FIXES,2669
1226,FIXES,1233
3637,REQUIRES_DIAGNOSIS,3650
4982,FIXES,4979
1051,FIXES,1047
2248,FIXES,2259
3937,FIXES,3934
5725,FIXES,5732
1133,FIXES,1136
724,FIXES,725
1724,FIXES,1722
332,FIXES,3646
5760,FIXES,5773
15,CAUSED_BY,23
4624,FIXES,4625
1,EXHIBITS,5412
6304,CAUSED_BY,6325
3720,FIXES,3722
1293,CAUSED_BY,1300
6104,CAUSED_BY,134
418,REQUIRES_DIAGNOSIS,424
5135,REQUIRES_DIAGNOSIS,5140
4033,FIXES,4032
527,CAUSED_BY,528
20,FIXES,4292
3637,CAUSED_BY,3647
52,FIXES,23
20,FIXES,4063
5303,FIXES,2956
5055,FIXES,5058
6008,FIXES,6007
332,FIXES,3767
2523,CAUSED_BY,2528
20,FIXES,5231
559,FIXES,556
5985,FIXES,5988
2287,REQUIRES_DIAGNOSIS,2291
369,FIXES,45
5825,FIXES,5831
4005,REQUIRES_DIAGNOSIS,4011
1357,FIXES,1320
5838,FIXES,5843
4449,CAUSED_BY,4450
61,REQUIRES_DIAGNOSIS,67
2584,CAUSED_BY,2585
4719,FIXES,4752
5423,CAUSED_BY,5424
1086,FIXES,1090
5122,CAUSED_BY,5125
6395,FIXES,6396
4922,REQUIRES_DIAGNOSIS,4929
4229,FIXES,4232
6,FIXES,8
2114,FIXES,2112
2734,FIXES,2743
980,FIXES,982
4360,FIXES,4367
1622,CAUSED_BY,1626
472,FIXES,478
1593,FIXES,1597
2197,CAUSED_BY,2209
630,FIXES,85
6433,FIXES,6434
2558,FIXES,2557
4220,FIXES,4222
105,EXHIBITS,4226
234,FIXES,241
332,FIXES,3780
5270,CAUSED_BY,5273
3757,REQUIRES_DIAGNOSIS,3763
1625,FIXES,1639
6494,FIXES,6491
5206,FIXES,5207
5555,FIXES,5558
3690,FIXES,3693
5035,REQUIRES_DIAGNOSIS,5040
4814,FIXES,22
160,REQUIRES_DIAGNOSIS,166
2903,FIXES,2916
1,EXHIBITS,527
20,FIXES,2211
3350,REQUIRES_DIAGNOSIS,3356
4482,FIXES,4522
6031,FIXES,6022
307,FIXES,320
5923,CAUSED_BY,5924
5941,FIXES,5943
2057,FIXES,2059
4830,REQUIRES_DIAGNOSIS,4839
5593,FIXES,5596
1625,FIXES,1531
6139,REQUIRES_DIAGNOSIS,6148
5341,FIXES,5343
2097,FIXES,2091
6724,FIXES,6728
2906,FIXES,2917
3588,FIXES,3586
770,FIXES,772
6356,CAUSED_BY,6357
3122,CAUSED_BY,3123
1949,FIXES,435
2740,FIXES,2775
1083,FIXES,1082
1723,FIXES,1256
1608,FIXES,1531
3731,FIXES,3732
1,EXHIBITS,2984
20,FIXES,4668
4734,CAUSED_BY,4735
4692,FIXES,4694
5054,FIXES,5057
6399,REQUIRES_DIAGNOSIS,6404
2794,FIXES,76
6358,FIXES,6357
4226,CAUSED_BY,4231
5727,FIXES,5732
5546,FIXES,5550
662,FIXES,669
86,FIXES,2977
5705,FIXES,5676
282,REQUIRES_DIAGNOSIS,300
4239,FIXES,4326
468,FIXES,476
572,REQUIRES_DIAGNOSIS,587
608,CAUSED_BY,609
1579,FIXES,1577
6139,REQUIRES_DIAGNOSIS,6161
3611,FIXES,3618
6542,REQUIRES_DIAGNOSIS,6550
1778,REQUIRES_DIAGNOSIS,1786
2282,CAUSED_BY,2285
5440,FIXES,5442
5660,REQUIRES_DIAGNOSIS,1539
110,CAUSED_BY,99
6462,FIXES,6468
1048,FIXES,1054
2809,FIXES,2805
3531,FIXES,3533
4675,FIXES,4206
20,FIXES,3742
6683,FIXES,6682
1269,FIXES,1268
6559,REQUIRES_DIAGNOSIS,6563
561,FIXES,556
471,FIXES,477
1536,REQUIRES_DIAGNOSIS,4031
4310,FIXES,4313
5827,FIXES,5831
20,FIXES,4910
6479,FIXES,6481
5877,CAUSED_BY,5885
4614,FIXES,4616
2946,CAUSED_BY,2950
1387,FIXES,1391
2827,FIXES,2842
1331,FIXES,1329
3259,CAUSED_BY,3260
43,FIXES,45
2711,REQUIRES_DIAGNOSIS,2717
6294,REQUIRES_DIAGNOSIS,6302
5495,FIXES,5493
5808,FIXES,5803
20,FIXES,5031
1721,REQUIRES_DIAGNOSIS,1733
1,EXHIBITS,903
1536,CAUSED_BY,4028
3944,FIXES,3942
5961,FIXES,6785
110,CAUSED_BY,112
4208,FIXES,4206
5557,FIXES,5554
20,FIXES,3984
1404,FIXES,1408
1,EXHIBITS,6272
5243,FIXES,5244
5350,REQUIRES_DIAGNOSIS,5346
5805,FIXES,5815
2007,FIXES,2005
6294,CAUSED_BY,6299
2641,CAUSED_BY,2636
127,REQUIRES_DIAGNOSIS,125
3232,FIXES,3238
84,REQUIRES_DIAGNOSIS,94
3624,REQUIRES_DIAGNOSIS,3636
20,FIXES,4923
19,FIXES,116
1146,CAUSED_BY,1147
20,FIXES,2708
1834,FIXES,5752
6375,FIXES,6380
2516,CAUSED_BY,2520
1822,REQUIRES_DIAGNOSIS,1826
156,CAUSED_BY,76
2902,FIXES,90
3139,FIXES,3141
1295,FIXES,1301
5581,FIXES,5580
5018,FIXES,5015
1247,FIXES,1252
5122,REQUIRES_DIAGNOSIS,5126
5760,FIXES,5707
5068,CAUSED_BY,5069
5808,FIXES,5816
2167,REQUIRES_DIAGNOSIS,2185
1,EXHIBITS,3131
4218,REQUIRES_DIAGNOSIS,4223
2525,FIXES,2529
1357,FIXES,1362
2702,REQUIRES_DIAGNOSIS,2709
712,FIXES,3566
4346,FIXES,435
2908,FIXES,2917
3877,CAUSED_BY,3883
949,REQUIRES_DIAGNOSIS,952
3490,FIXES,3489
1822,CAUSED_BY,1823
5553,REQUIRES_DIAGNOSIS,5559
958,CAUSED_BY,959
520,FIXES,519
2320,FIXES,2328
1592,CAUSED_BY,1599
6240,CAUSED_BY,148
40,CAUSED_BY,44
2111,CAUSED_BY,2120
3841,REQUIRES_DIAGNOSIS,3858
2442,REQUIRES_DIAGNOSIS,2241
1,EXHIBITS,6635
3133,FIXES,3132
2305,CAUSED_BY,2306
277,FIXES,172
3818,REQUIRES_DIAGNOSIS,3839
1595,FIXES,1612
2200,FIXES,2214
4660,FIXES,4663
2130,FIXES,2136
7,FIXES,3
2898,REQUIRES_DIAGNOSIS,2933
6094,FIXES,6092
2455,FIXES,2464
1050,FIXES,1054
4520,FIXES,4518
3721,FIXES,3723
1245,CAUSED_BY,1255
3841,CAUSED_BY,3855
2778,REQUIRES_DIAGNOSIS,2789
49,EXHIBITS,2311
2168,FIXES,2174
897,CAUSED_BY,90
3233,FIXES,3231
6829,FIXES,6828
1941,FIXES,4338
5951,FIXES,5948
4254,FIXES,4253
1427,CAUSED_BY,1322
31,FIXES,29
2186,REQUIRES_DIAGNOSIS,1125
3759,FIXES,3761
5456,CAUSED_BY,75
5466,REQUIRES_DIAGNOSIS,5471
1,EXHIBITS,232
6229,FIXES,6228
6836,REQUIRES_DIAGNOSIS,6844
5836,REQUIRES_DIAGNOSIS,5847
5931,CAUSED_BY,5935
1296,FIXES,1294
3315,FIXES,3313
4845,FIXES,4843
2736,FIXES,2745
2541,FIXES,2528
4795,FIXES,107
6319,CAUSED_BY,6314
453,FIXES,455
2472,FIXES,2474
4330,CAUSED_BY,4364
1515,FIXES,1453
4494,FIXES,4497
5644,CAUSED_BY,5645
1,EXHIBITS,4783
5149,CAUSED_BY,5153
3741,FIXES,3737
1229,FIXES,3409
1526,FIXES,5813
3029,REQUIRES_DIAGNOSIS,3024
2762,FIXES,2765
1483,REQUIRES_DIAGNOSIS,1491
5836,CAUSED_BY,5844
3066,FIXES,3068
5807,FIXES,5815
354,FIXES,194
33,FIXES,36
3888,CAUSED_BY,3889
6392,CAUSED_BY,6393
2049,CAUSED_BY,35
757,FIXES,755
5037,FIXES,3702
2904,FIXES,90
3642,FIXES,3648
5877,REQUIRES_DIAGNOSIS,5886
268,CAUSED_BY,273
4123,FIXES,4128
5456,CAUSED_BY,5457
2319,FIXES,2327
6493,FIXES,6498
2359,FIXES,2911
6430,CAUSED_BY,6431
6750,FIXES,6753
4109,REQUIRES_DIAGNOSIS,4119
2119,FIXES,2236
712,FIXES,4063
2226,FIXES,1321
6284,CAUSED_BY,6290
329,CAUSED_BY,330
4897,FIXES,4899
2205,FIXES,2198
1567,FIXES,1564
503,REQUIRES_DIAGNOSIS,508
2357,FIXES,2365
6115,FIXES,6116
1432,FIXES,1437
2781,FIXES,2748
74,FIXES,75
108,FIXES,5333
2736,FIXES,75
3914,FIXES,3915
5338,REQUIRES_DIAGNOSIS,5347
251,EXHIBITS,5660
5875,FIXES,5874
931,CAUSED_BY,937
5540,FIXES,5539
1749,FIXES,1775
2000,FIXES,1997
5939,CAUSED_BY,5944
6517,REQUIRES_DIAGNOSIS,6531
3627,FIXES,3625
6814,FIXES,6811
4978,CAUSED_BY,4979
2249,FIXES,2262
49,EXHIBITS,6070
2202,FIXES,2214
4642,FIXES,4662
4210,FIXES,4221
2968,FIXES,306
5740,FIXES,5751
1087,FIXES,1091
4926,FIXES,4927
1,EXHIBITS,5267
19,FIXES,158
5673,CAUSED_BY,5679
2457,FIXES,2464
6033,FIXES,6060
6296,FIXES,6300
4463,REQUIRES_DIAGNOSIS,4468
5400,CAUSED_BY,5401
2205,FIXES,2211
4978,REQUIRES_DIAGNOSIS,4991
829,CAUSED_BY,830
5438,REQUIRES_DIAGNOSIS,5446
6058,FIXES,6063
1214,FIXES,9
861,FIXES,865
2518,FIXES,2521
2170,FIXES,2174
6111,REQUIRES_DIAGNOSIS,6121
1505,REQUIRES_DIAGNOSIS,1509
5310,FIXES,5313
765,FIXES,764
4493,FIXES,4496
2825,CAUSED_BY,2830
1467,CAUSED_BY,1468
1,EXHIBITS,958
513,FIXES,511
1267,REQUIRES_DIAGNOSIS,1272
5992,CAUSED_BY,1120
6084,FIXES,6083
4263,REQUIRES_DIAGNOSIS,4269
4978,CAUSED_BY,4988
53,FIXES,2133
5703,REQUIRES_DIAGNOSIS,5720
5438,CAUSED_BY,5443
151,FIXES,152
3879,FIXES,3884
6409,FIXES,6411
6111,CAUSED_BY,6118
2173,FIXES,2175
2764,FIXES,2761
308,FIXES,310
1653,REQUIRES_DIAGNOSIS,1657
1,EXHIBITS,5280
1921,FIXES,1922
4789,CAUSED_BY,4790
285,FIXES,291
1608,FIXES,5224
6492,FIXES,6497
111,FIXES,99
1886,FIXES,1885
861,FIXES,3093
80,REQUIRES_DIAGNOSIS,2555
1765,FIXES,1774
6700,FIXES,6699
2816,FIXES,2815
1988,CAUSED_BY,1989
49,EXHIBITS,3171
4236,CAUSED_BY,4242
2197,REQUIRES_DIAGNOSIS,2080
792,REQUIRES_DIAGNOSIS,794
2979,REQUIRES_DIAGNOSIS,2983
2590,FIXES,2589
4969,FIXES,4973
1411,CAUSED_BY,1412
308,FIXES,323
931,REQUIRES_DIAGNOSIS,942
1293,REQUIRES_DIAGNOSIS,1305
1768,FIXES,1775
1748,FIXES,1774
2228,FIXES,1321
2389,FIXES,215
1226,FIXES,1235
3637,REQUIRES_DIAGNOSIS,3652
111,FIXES,112
98,FIXES,100
1542,REQUIRES_DIAGNOSIS,1533
2248,FIXES,2261
2308,FIXES,860
2979,CAUSED_BY,2980
3697,CAUSED_BY,3703
5725,FIXES,5734
1658,REQUIRES_DIAGNOSIS,1665
1494,FIXES,36
332,FIXES,3648
2763,FIXES,2747
5910,FIXES,5244
6820,FIXES,4176
3993,FIXES,6483
3094,FIXES,3097
5225,FIXES,5224
4360,FIXES,4356
1293,CAUSED_BY,1302
2251,FIXES,2258
1751,FIXES,1775
5135,REQUIRES_DIAGNOSIS,5142
80,REQUIRES_DIAGNOSIS,1521
4062,CAUSED_BY,4063
2313,CAUSED_BY,257
2197,CAUSED_BY,2198
3637,CAUSED_BY,3649
20,FIXES,4065
1579,FIXES,35
6660,FIXES,6659
2965,CAUSED_BY,318
5194,CAUSED_BY,5199
1,EXHIBITS,3549
20,FIXES,5233
4449,CAUSED_BY,4452
6055,REQUIRES_DIAGNOSIS,136
418,CAUSED_BY,423
1086,FIXES,1092
6743,FIXES,6745
4482,FIXES,4511
4319,FIXES,4313
4340,FIXES,4338
354,FIXES,357
6,FIXES,10
2734,FIXES,2745
1315,FIXES,1319
611,FIXES,612
4183,CAUSED_BY,4187
49,EXHIBITS,1440
3319,CAUSED_BY,3323
1622,CAUSED_BY,1628
214,FIXES,212
1593,FIXES,1599
2197,CAUSED_BY,2211
1,EXHIBITS,2623
263,FIXES,2826
4527,CAUSED_BY,4522
49,EXHIBITS,2379
5252,REQUIRES_DIAGNOSIS,5254
5983,REQUIRES_DIAGNOSIS,5989
234,FIXES,243
1512,FIXES,6266
3757,REQUIRES_DIAGNOSIS,3765
1,EXHIBITS,1576
4207,FIXES,2869
3357,CAUSED_BY,3361
2903,FIXES,2918
6356,REQUIRES_DIAGNOSIS,6362
1526,FIXES,1559
119,EXHIBITS,127
307,FIXES,322
4954,FIXES,4960
5923,CAUSED_BY,5926
4830,REQUIRES_DIAGNOSIS,4841
3757,CAUSED_BY,3762
4622,FIXES,4790
6139,REQUIRES_DIAGNOSIS,6150
2172,FIXES,318
1202,FIXES,1204
4734,REQUIRES_DIAGNOSIS,4740
3331,FIXES,3333
97,FIXES,99
4936,FIXES,4932
160,CAUSED_BY,165
1118,FIXES,1121
2906,FIXES,2919
1428,FIXES,1322
5654,FIXES,5655
3441,FIXES,3443
20,FIXES,1516
3922,FIXES,3923
3348,FIXES,3346
332,FIXES,2977
2531,CAUSED_BY,2532
20,FIXES,2684
20,FIXES,4670
1853,FIXES,1857
5762,FIXES,5771
1314,FIXES,29
6402,FIXES,6403
448,FIXES,447
2827,FIXES,2831
6297,FIXES,6295
5727,FIXES,5734
4546,REQUIRES_DIAGNOSIS,4552
6031,FIXES,6037
282,REQUIRES_DIAGNOSIS,302
2668,REQUIRES_DIAGNOSIS,2675
468,FIXES,478
3096,FIXES,3097
1231,FIXES,1232
2119,FIXES,318
883,FIXES,885
6419,FIXES,6416
6587,FIXES,6586
4308,REQUIRES_DIAGNOSIS,4315
5071,FIXES,5072
2253,FIXES,2258
5440,FIXES,5444
1420,REQUIRES_DIAGNOSIS,1423
3064,CAUSED_BY,29
4924,FIXES,4927
3259,REQUIRES_DIAGNOSIS,3265
5744,FIXES,5747
6462,FIXES,6470
1048,FIXES,1056
4869,CAUSED_BY,4873
353,FIXES,356
5,FIXES,9
1314,FIXES,1318
1,EXHIBITS,1831
6683,FIXES,6684
1269,FIXES,1270
6559,REQUIRES_DIAGNOSIS,6565
4805,FIXES,4807
105,EXHIBITS,3665
471,FIXES,479
170,FIXES,4028
6479,FIXES,6483
1387,FIXES,1393
1027,FIXES,1028
2256,FIXES,2259
4620,REQUIRES_DIAGNOSIS,4628
1,EXHIBITS,4167
2471,FIXES,2507
2202,FIXES,2511
5156,CAUSED_BY,1204
1576,REQUIRES_DIAGNOSIS,1588
1721,REQUIRES_DIAGNOSIS,1735
3697,REQUIRES_DIAGNOSIS,3704
3247,FIXES,3246
2739,FIXES,2742
4620,CAUSED_BY,4625
4521,FIXES,4518
6230,FIXES,6231
3707,CAUSED_BY,3708
2705,FIXES,2729
1,EXHIBITS,5456
1,EXHIBITS,3241
1164,FIXES,1168
1117,FIXES,1120
5703,CAUSED_BY,5708
2417,FIXES,2415
32,FIXES,190
1372,FIXES,1370
20,FIXES,3878
1295,FIXES,1303
3043,FIXES,3042
879,CAUSED_BY,860
1247,FIXES,1254
3368,FIXES,3370
106,CAUSED_BY,99
20,FIXES,3060
20,FIXES,2831
127,CAUSED_BY,124
6637,FIXES,6682
2898,REQUIRES_DIAGNOSIS,2922
2908,FIXES,2919
1430,FIXES,1322
4183,REQUIRES_DIAGNOSIS,4188
4946,FIXES,4945
5840,FIXES,5686
1822,CAUSED_BY,1825
5960,FIXES,5958
4451,FIXES,4453
4774,CAUSED_BY,76
3768,FIXES,3771
5758,CAUSED_BY,5759
20,FIXES,3181
5729,FIXES,5730
6476,CAUSED_BY,6482
1855,FIXES,1857
3206,CAUSED_BY,3207
5764,FIXES,5771
2042,FIXES,687
309,FIXES,324
1245,REQUIRES_DIAGNOSIS,1260
3841,REQUIRES_DIAGNOSIS,3860
2360,FIXES,2362
663,FIXES,667
2012,FIXES,2015
5544,REQUIRES_DIAGNOSIS,5551
593,FIXES,589
1579,FIXES,90
5553,CAUSED_BY,5558
1973,REQUIRES_DIAGNOSIS,1977
3891,FIXES,3889
2630,FIXES,2652
405,CAUSED_BY,406
2898,REQUIRES_DIAGNOSIS,2935
305,REQUIRES_DIAGNOSIS,444
3868,FIXES,3870
1686,REQUIRES_DIAGNOSIS,1687
1050,FIXES,1056
49,EXHIBITS,2313
5544,CAUSED_BY,5548
2168,FIXES,2176
3929,FIXES,3927
4330,REQUIRES_DIAGNOSIS,4369
4683,REQUIRES_DIAGNOSIS,4688
5052,REQUIRES_DIAGNOSIS,5060
5459,FIXES,5457
1175,CAUSED_BY,1183
4985,FIXES,4990
5972,FIXES,5975
2738,FIXES,2741
5925,FIXES,5927
2453,CAUSED_BY,2460
2630,FIXES,3712
4048,REQUIRES_DIAGNOSIS,4051
5836,REQUIRES_DIAGNOSIS,5849
2658,FIXES,2656
6194,FIXES,6193
6392,REQUIRES_DIAGNOSIS,6398
801,FIXES,804
4226,REQUIRES_DIAGNOSIS,4234
5942,FIXES,5940
4330,CAUSED_BY,4366
4654,FIXES,4656
5660,REQUIRES_DIAGNOSIS,5663
170,FIXES,1613
1310,CAUSED_BY,1319
3639,FIXES,357
5983,CAUSED_BY,5398
1526,FIXES,5815
2762,FIXES,2767
5114,CAUSED_BY,5118
3066,FIXES,3070
6085,FIXES,6086
6430,REQUIRES_DIAGNOSIS,6436
1691,REQUIRES_DIAGNOSIS,1695
5587,REQUIRES_DIAGNOSIS,5597
1166,FIXES,1168
5063,FIXES,3374
3824,FIXES,3825
5169,REQUIRES_DIAGNOSIS,5172
610,FIXES,612
31,FIXES,44
262,FIXES,265
128,CAUSED_BY,96
943,CAUSED_BY,944
3539,CAUSED_BY,3544
3687,REQUIRES_DIAGNOSIS,3695
3779,FIXES,3777
2359,FIXES,3960
6552,REQUIRES_DIAGNOSIS,6557
49,EXHIBITS,2447
6820,FIXES,6822
451,REQUIRES_DIAGNOSIS,456
1227,FIXES,1225
1981,REQUIRES_DIAGNOSIS,1986
2334,CAUSED_BY,2342
5877,REQUIRES_DIAGNOSIS,5888
2188,FIXES,2187
5789,FIXES,5793
2359,FIXES,2913
384,FIXES,386
2119,FIXES,2238
712,FIXES,4065
4587,CAUSED_BY,4597
3179,FIXES,3181
4836,FIXES,4837
20,FIXES,4496
1,EXHIBITS,5027
1387,FIXES,1435
6641,REQUIRES_DIAGNOSIS,6639
2322,FIXES,2326
2336,FIXES,2342
4789,CAUSED_BY,107
2357,FIXES,2367
5665,REQUIRES_DIAGNOSIS,5671
49,EXHIBITS,3736
108,FIXES,5335
5338,REQUIRES_DIAGNOSIS,5349
1049,FIXES,1055
630,FIXES,626
352,FIXES,357
1,EXHIBITS,947
3567,FIXES,3594
1000,FIXES,1002
6849,FIXES,6850
665,FIXES,667
2739,FIXES,2784
5763,FIXES,5772
861,FIXES,2961
1930,FIXES,1932
2249,FIXES,2264
1414,FIXES,1415
2308,FIXES,257
4300,FIXES,4302
1369,REQUIRES_DIAGNOSIS,1381
3477,REQUIRES_DIAGNOSIS,3485
5971,FIXES,5974
6652,CAUSED_BY,6653
1017,FIXES,1015
5673,CAUSED_BY,5681
1,EXHIBITS,839
6033,FIXES,6062
4811,REQUIRES_DIAGNOSIS,4817
1991,FIXES,1989
572,CAUSED_BY,577
4891,FIXES,4892
4978,REQUIRES_DIAGNOSIS,4993
1148,FIXES,1150
4425,CAUSED_BY,4429
20,FIXES,3920
5438,REQUIRES_DIAGNOSIS,5448
394,FIXES,3069
861,FIXES,867
2170,FIXES,2176
3877,REQUIRES_DIAGNOSIS,3886
49,EXHIBITS,3978
6009,FIXES,6012
1553,REQUIRES_DIAGNOSIS,1533
4493,FIXES,4498
2825,CAUSED_BY,2832
1705,REQUIRES_DIAGNOSIS,1700
979,FIXES,990
4153,REQUIRES_DIAGNOSIS,4161
574,FIXES,577
5869,FIXES,5867
108,FIXES,100
5070,FIXES,5072
6600,FIXES,6602
1,EXHIBITS,4343
4978,CAUSED_BY,4990
5804,FIXES,5811
1542,CAUSED_BY,1543
1500,FIXES,1502
2173,FIXES,2177
308,FIXES,312
1,EXHIBITS,1081
960,FIXES,962
20,FIXES,2765
137,REQUIRES_DIAGNOSIS,145
2631,FIXES,2634
3451,FIXES,3454
3336,REQUIRES_DIAGNOSIS,3342
1608,FIXES,5226
50,CAUSED_BY,51
5308,CAUSED_BY,5313
21,FIXES,22
383,FIXES,385
2249,FIXES,412
192,FIXES,1502
4419,CAUSED_BY,4420
5377,FIXES,5376
6377,FIXES,6373
1765,FIXES,1776
1046,CAUSED_BY,1054
2321,FIXES,2325
2251,FIXES,2247
421,FIXES,423
73,FIXES,76
2246,CAUSED_BY,2263
5947,CAUSED_BY,5948
3551,FIXES,3553
4902,CAUSED_BY,4903
4934,FIXES,4938
1,EXHIBITS,5524
308,FIXES,325
1293,REQUIRES_DIAGNOSIS,1307
4009,FIXES,4010
1536,CAUSED_BY,2233
1748,FIXES,1776
6437,CAUSED_BY,5031
5062,REQUIRES_DIAGNOSIS,5065
4062,REQUIRES_DIAGNOSIS,4068
3978,REQUIRES_DIAGNOSIS,4042
3727,REQUIRES_DIAGNOSIS,3733
4537,FIXES,4538
2672,FIXES,2673
5490,FIXES,5487
3637,REQUIRES_DIAGNOSIS,3654
2324,FIXES,2326
1,EXHIBITS,276
2248,FIXES,2263
3937,FIXES,3938
1814,REQUIRES_DIAGNOSIS,1819
411,FIXES,412
2199,FIXES,2210
3152,FIXES,3159
3279,CAUSED_BY,3280
2123,CAUSED_BY,2131
20,FIXES,1142
1,EXHIBITS,1444
1,EXHIBITS,3430
6304,CAUSED_BY,6329
170,FIXES,29
5225,FIXES,5226
3389,CAUSED_BY,3390
49,EXHIBITS,3186
1293,CAUSED_BY,1304
3360,FIXES,3361
3407,FIXES,3409
4622,FIXES,107
6423,REQUIRES_DIAGNOSIS,6428
4062,CAUSED_BY,4065
350,CAUSED_BY,194
1,EXHIBITS,168
1770,FIXES,1747
2169,FIXES,2175
4220,FIXES,4213
6008,FIXES,6011
332,FIXES,3771
255,FIXES,257
5959,FIXES,5958
6611,FIXES,6608
2424,FIXES,2425
588,CAUSED_BY,589
5973,FIXES,5974
394,FIXES,412
5915,FIXES,5914
4050,FIXES,4049
5116,FIXES,5119
2197,REQUIRES_DIAGNOSIS,2216
4449,CAUSED_BY,4454
1,EXHIBITS,518
6394,FIXES,6396
2322,FIXES,2247
1526,FIXES,1548
2535,CAUSED_BY,2536
1200,CAUSED_BY,1204
1454,FIXES,1453
4125,FIXES,4122
1753,FIXES,1747
4510,CAUSED_BY,4511
307,FIXES,311
1,EXHIBITS,1686
20,FIXES,3370
4175,CAUSED_BY,4176
2734,FIXES,2747
5133,FIXES,5132
1315,FIXES,1321
611,FIXES,614
1515,FIXES,5940
2778,CAUSED_BY,2779
4503,REQUIRES_DIAGNOSIS,4508
5458,FIXES,5460
6477,FIXES,6482
1622,CAUSED_BY,1630
1871,FIXES,1870
2197,CAUSED_BY,2213
20,FIXES,4309
1007,FIXES,1006
2537,FIXES,2536
1840,FIXES,1838
70,CAUSED_BY,75
5967,CAUSED_BY,5975
2042,FIXES,2044
1764,FIXES,1775
5983,REQUIRES_DIAGNOSIS,5991
4931,CAUSED_BY,4937
1512,FIXES,1838
6188,CAUSED_BY,6189
600,FIXES,599
2619,FIXES,2618
2903,FIXES,2920
6124,FIXES,6123
5414,FIXES,5413
436,FIXES,2175
4898,FIXES,4896
6766,CAUSED_BY,6767
6784,FIXES,6786
6268,FIXES,6269
4933,FIXES,4937
307,FIXES,324
1998,FIXES,1997
3035,CAUSED_BY,3036
6139,REQUIRES_DIAGNOSIS,6152
5188,FIXES,5187
3611,FIXES,3609
2323,FIXES,2325
3679,FIXES,3682
2253,FIXES,2247
1498,REQUIRES_DIAGNOSIS,1503
2274,FIXES,2272
6804,CAUSED_BY,6805
6356,CAUSED_BY,6361
32,FIXES,45
1512,FIXES,6510
5739,CAUSED_BY,5752
2627,CAUSED_BY,2635
4574,FIXES,4575
49,EXHIBITS,6006
2361,FIXES,2363
5019,FIXES,5020
4639,REQUIRES_DIAGNOSIS,4651
2827,FIXES,2833
1100,FIXES,1099
2074,FIXES,2073
20,FIXES,3854
2423,FIXES,172
5486,REQUIRES_DIAGNOSIS,5491
282,REQUIRES_DIAGNOSIS,304
2668,REQUIRES_DIAGNOSIS,2677
608,CAUSED_BY,613
1579,FIXES,1581
1566,FIXES,1569
3096,FIXES,3099
6674,CAUSED_BY,6677
1231,FIXES,1234
5086,CAUSED_BY,5087
5788,FIXES,5793
1778,REQUIRES_DIAGNOSIS,1790
629,FIXES,4397
2253,FIXES,2260
1486,FIXES,1484
49,EXHIBITS,879
2204,FIXES,2207
3911,REQUIRES_DIAGNOSIS,3917
5627,FIXES,5623
353,FIXES,358
6057,FIXES,6059
625,CAUSED_BY,626
1,EXHIBITS,4277
6234,REQUIRES_DIAGNOSIS,6239
1,EXHIBITS,2062
1,EXHIBITS,4048
1314,FIXES,1320
3467,REQUIRES_DIAGNOSIS,3469
2412,FIXES,2409
5402,FIXES,2038
3795,FIXES,3794
2668,CAUSED_BY,2674
2523,CAUSED_BY,2211
1,EXHIBITS,3230
20,FIXES,4914
19,FIXES,107
4968,FIXES,4313
1778,CAUSED_BY,1787
3195,FIXES,3194
3295,FIXES,2233
2256,FIXES,2261
1331,FIXES,1333
2989,REQUIRES_DIAGNOSIS,2990
53,FIXES,2190
2202,FIXES,2513
1317,FIXES,1321
5787,FIXES,5782
1044,FIXES,1043
2574,FIXES,2573
1576,REQUIRES_DIAGNOSIS,1590
1721,REQUIRES_DIAGNOSIS,1737
1,EXHIBITS,907
2975,REQUIRES_DIAGNOSIS,2978
1065,FIXES,1068
1746,CAUSED_BY,1747
1413,FIXES,2237
861,FIXES,2211
1,EXHIBITS,3122
3697,REQUIRES_DIAGNOSIS,3706
3944,FIXES,3946
332,FIXES,2524
2030,FIXES,2028
2739,FIXES,2744
20,FIXES,5974
6386,FIXES,6385
332,FIXES,3692
1792,FIXES,1791
3678,FIXES,3681
2173,FIXES,2124
1512,FIXES,1517
1164,FIXES,1170
1117,FIXES,1122
6821,FIXES,6823
332,FIXES,6846
5703,CAUSED_BY,5710
2125,FIXES,2132
120,CAUSED_BY,76
6534,FIXES,6533
529,FIXES,533
3413,REQUIRES_DIAGNOSIS,3417
1247,FIXES,1256
6503,REQUIRES_DIAGNOSIS,6515
5068,CAUSED_BY,5073
6637,FIXES,6684
1085,FIXES,1082
1447,FIXES,1445
2898,REQUIRES_DIAGNOSIS,2924
2519,FIXES,3093
5089,FIXES,226
3035,REQUIRES_DIAGNOSIS,3024
1,EXHIBITS,4532
2,CAUSED_BY,10
5899,FIXES,5896
1245,CAUSED_BY,1246
4693,FIXES,698
49,EXHIBITS,6503
4451,FIXES,4455
20,FIXES,5398
20,FIXES,3183
1385,REQUIRES_DIAGNOSIS,14
5743,FIXES,5748
2794,FIXES,2792
4324,FIXES,4322
3253,CAUSED_BY,3257
5764,FIXES,5773
3841,REQUIRES_DIAGNOSIS,3862
4178,FIXES,4181
2360,FIXES,2364
3481,FIXES,3483
663,FIXES,669
1648,REQUIRES_DIAGNOSIS,1651
2012,FIXES,2017
20,FIXES,4122
4819,CAUSED_BY,4821
4532,CAUSED_BY,4538
1153,REQUIRES_DIAGNOSIS,1159
1568,FIXES,1569
6464,FIXES,6468
95,REQUIRES_DIAGNOSIS,102
20,FIXES,1089
1175,REQUIRES_DIAGNOSIS,1188
7,FIXES,4437
5014,REQUIRES_DIAGNOSIS,5024
6777,FIXES,6778
2898,REQUIRES_DIAGNOSIS,2937
1427,CAUSED_BY,1434
2453,REQUIRES_DIAGNOSIS,2465
2206,FIXES,2207
563,FIXES,556
3868,FIXES,3872
1686,REQUIRES_DIAGNOSIS,1689
97,FIXES,22
2721,FIXES,4945
147,CAUSED_BY,76
49,EXHIBITS,2544
2085,FIXES,864
3661,REQUIRES_DIAGNOSIS,3664
5544,CAUSED_BY,5550
6488,HAS_EQUIPMENT,6489
2226,FIXES,2238
4686,FIXES,4687
4683,REQUIRES_DIAGNOSIS,4690
4330,REQUIRES_DIAGNOSIS,4371
420,FIXES,29
4581,FIXES,4579
3581,FIXES,3582
4359,FIXES,4365
6449,CAUSED_BY,6450
6829,FIXES,6832
4996,REQUIRES_DIAGNOSIS,5000
5951,FIXES,5952
105,EXHIBITS,5332
2126,FIXES,2152
465,CAUSED_BY,475
5014,CAUSED_BY,5021
3197,FIXES,3194
5972,FIXES,5977
2738,FIXES,2743
3073,REQUIRES_DIAGNOSIS,3075
1,EXHIBITS,4895
5624,FIXES,5630
97,FIXES,143
2804,REQUIRES_DIAGNOSIS,2813
1,EXHIBITS,465
2453,CAUSED_BY,2462
5836,REQUIRES_DIAGNOSIS,5851
1888,CAUSED_BY,1892
3059,REQUIRES_DIAGNOSIS,3063
4845,FIXES,4847
5789,FIXES,5782
1163,FIXES,1169
2317,CAUSED_BY,2247
4330,CAUSED_BY,4368
1428,FIXES,90
1505,CAUSED_BY,1508
2902,FIXES,2914
2706,FIXES,2703
1312,FIXES,1392
1674,REQUIRES_DIAGNOSIS,1684
4144,REQUIRES_DIAGNOSIS,4151
1310,CAUSED_BY,1321
2421,CAUSED_BY,2422
2727,FIXES,2728
2334,REQUIRES_DIAGNOSIS,2347
2791,CAUSED_BY,2798
4412,FIXES,4416
827,FIXES,826
2357,FIXES,2356
6545,FIXES,6543
3904,REQUIRES_DIAGNOSIS,3909
3680,FIXES,3681
54,FIXES,65
4332,FIXES,4331
6107,FIXES,6117
1514,FIXES,1517
1691,REQUIRES_DIAGNOSIS,1697
1166,FIXES,1170
3824,FIXES,3827
610,FIXES,614
2127,FIXES,2132
5762,FIXES,5707
3845,FIXES,3852
49,EXHIBITS,2678
4144,CAUSED_BY,4148
2617,REQUIRES_DIAGNOSIS,2622
1511,CAUSED_BY,22
451,REQUIRES_DIAGNOSIS,458
2334,CAUSED_BY,2344
3747,CAUSED_BY,3748
20,FIXES,3559
2188,FIXES,2189
4642,FIXES,4653
4210,FIXES,4212
989,FIXES,990
4572,FIXES,4575
1087,FIXES,1082
3179,FIXES,3183
1,EXHIBITS,2814
1387,FIXES,1437
49,EXHIBITS,5014
2322,FIXES,2328
3083,FIXES,3082
4830,CAUSED_BY,4831
2336,FIXES,2344
6463,FIXES,6467
2308,FIXES,2353
3610,FIXES,3616
2397,FIXES,2401
5571,FIXES,5575
6205,CAUSED_BY,6206
1,EXHIBITS,949
4015,FIXES,242
2000,FIXES,2001
5230,CAUSED_BY,5232
665,FIXES,669
2605,FIXES,2603
4427,FIXES,5545
1607,REQUIRES_DIAGNOSIS,1620
5077,REQUIRES_DIAGNOSIS,5084
494,REQUIRES_DIAGNOSIS,502
2739,FIXES,2786
6141,FIXES,6140
5096,FIXES,5095
3627,FIXES,3629
1,EXHIBITS,1888
861,FIXES,2963
114,CAUSED_BY,99
807,REQUIRES_DIAGNOSIS,812
1607,CAUSED_BY,35
649,REQUIRES_DIAGNOSIS,481
53,FIXES,2124
4358,FIXES,4364
4300,FIXES,4304
1369,REQUIRES_DIAGNOSIS,1383
6466,FIXES,6468
1467,REQUIRES_DIAGNOSIS,1475
5971,FIXES,5976
2895,FIXES,2894
106,CAUSED_BY,22
3613,FIXES,3617
262,FIXES,2845
5673,CAUSED_BY,5683
6033,FIXES,6064
2125,FIXES,2174
6179,FIXES,6178
572,CAUSED_BY,579
5068,REQUIRES_DIAGNOSIS,5074
1134,FIXES,9
4978,REQUIRES_DIAGNOSIS,4995
557,FIXES,566
263,FIXES,226
1,EXHIBITS,6210
861,FIXES,869
5660,CAUSED_BY,1531
780,CAUSED_BY,781
2113,FIXES,2112
4583,FIXES,4579
2,REQUIRES_DIAGNOSIS,11
2825,CAUSED_BY,2834
1512,FIXES,3666
1705,REQUIRES_DIAGNOSIS,1702
1467,CAUSED_BY,1472
5626,FIXES,5630
6217,FIXES,6216
574,FIXES,579
3793,REQUIRES_DIAGNOSIS,3798
2797,FIXES,6831
2580,REQUIRES_DIAGNOSIS,2583
6476,REQUIRES_DIAGNOSIS,6485
6084,FIXES,6087
5419,REQUIRES_DIAGNOSIS,5422
5804,FIXES,5813
2485,FIXES,1879
782,FIXES,781
1513,FIXES,1516
1563,CAUSED_BY,1570
2503,CAUSED_BY,2507
287,FIXES,289
2764,FIXES,2765
1430,FIXES,90
308,FIXES,314
3844,FIXES,3851
20,FIXES,2767
2631,FIXES,2636
1224,REQUIRES_DIAGNOSIS,1242
925,FIXES,927
3336,REQUIRES_DIAGNOSIS,3344
2035,FIXES,190
197,CAUSED_BY,198
5109,REQUIRES_DIAGNOSIS,5113
6827,REQUIRES_DIAGNOSIS,6833
21,FIXES,24
383,FIXES,387
6074,FIXES,6076
1721,CAUSED_BY,1725
49,EXHIBITS,6437
2906,FIXES,90
4209,FIXES,4211
5029,FIXES,5031
2075,FIXES,2208
1,EXHIBITS,5634
1046,CAUSED_BY,1056
4534,FIXES,4539
5585,FIXES,5580
2321,FIXES,2327
5764,FIXES,5707
1251,FIXES,1252
6620,FIXES,6618
1969,REQUIRES_DIAGNOSIS,1972
1,EXHIBITS,4587
20,FIXES,4056
879,REQUIRES_DIAGNOSIS,896
408,FIXES,413
4957,FIXES,4959
2246,CAUSED_BY,2265
1411,CAUSED_BY,1416
2494,FIXES,2492
6222,FIXES,6224
3449,REQUIRES_DIAGNOSIS,3455
20,FIXES,3238
6272,CAUSED_BY,6278
1293,REQUIRES_DIAGNOSIS,1309
4410,REQUIRES_DIAGNOSIS,4417
5062,REQUIRES_DIAGNOSIS,5067
4062,REQUIRES_DIAGNOSIS,4070
5825,FIXES,5824
3978,REQUIRES_DIAGNOSIS,4044
3727,REQUIRES_DIAGNOSIS,3735
4537,FIXES,4540
3637,REQUIRES_DIAGNOSIS,3656
839,REQUIRES_DIAGNOSIS,843
2324,FIXES,2328
6799,FIXES,6798
1189,REQUIRES_DIAGNOSIS,1218
2248,FIXES,2265
1814,REQUIRES_DIAGNOSIS,1821
4299,FIXES,4303
1712,FIXES,1710
712,FIXES,713
5970,FIXES,5975
411,FIXES,414
2199,FIXES,2212
3111,CAUSED_BY,3112
1,EXHIBITS,3661
2399,FIXES,2401
5573,FIXES,5575
2689,FIXES,2688
521,FIXES,524
3389,CAUSED_BY,3392
5114,REQUIRES_DIAGNOSIS,5121
5350,CAUSED_BY,5351
4062,CAUSED_BY,4067
4033,FIXES,4038
20,FIXES,4298
1852,REQUIRES_DIAGNOSIS,1859
2169,FIXES,2177
5666,FIXES,5651
1746,REQUIRES_DIAGNOSIS,1777
5590,FIXES,5588
5973,FIXES,5976
1756,FIXES,1774
2197,REQUIRES_DIAGNOSIS,2218
4449,CAUSED_BY,4456
1869,REQUIRES_DIAGNOSIS,1872
2903,FIXES,2909
1545,FIXES,1547
6423,CAUSED_BY,6427
2485,FIXES,2484
817,CAUSED_BY,818
4762,CAUSED_BY,4766
49,EXHIBITS,2491
4931,REQUIRES_DIAGNOSIS,4942
6359,FIXES,6361
307,FIXES,313
5162,CAUSED_BY,5163
1,EXHIBITS,5889
1,EXHIBITS,1459
3430,CAUSED_BY,3431
1622,CAUSED_BY,1632
1,EXHIBITS,4842
20,FIXES,339
6072,FIXES,6071
4556,FIXES,4557
2906,FIXES,2910
796,FIXES,435
5967,CAUSED_BY,5977
2487,FIXES,1879
5533,FIXES,5535
4931,CAUSED_BY,4939
1946,FIXES,1945
3476,FIXES,3475
6494,FIXES,6497
4484,FIXES,4485
5740,FIXES,5676
555,REQUIRES_DIAGNOSIS,567
2119,FIXES,2174
5089,FIXES,5087
2633,FIXES,2636
913,FIXES,911
3641,FIXES,3646
3578,CAUSED_BY,3579
1428,FIXES,1434
436,FIXES,2177
2888,FIXES,2886
6766,CAUSED_BY,6769
4197,FIXES,4195
5739,REQUIRES_DIAGNOSIS,5757
2908,FIXES,90
4933,FIXES,4939
1,EXHIBITS,6131
4536,FIXES,4539
6139,REQUIRES_DIAGNOSIS,6154
2671,FIXES,2674
1766,FIXES,1747
2323,FIXES,2327
2905,FIXES,2899
6462,FIXES,6461
1048,FIXES,1047
6306,FIXES,6309
410,FIXES,413
1431,FIXES,1435
2231,FIXES,2520
5299,CAUSED_BY,5300
535,CAUSED_BY,536
1083,FIXES,1088
1,EXHIBITS,1822
2036,FIXES,2037
49,EXHIBITS,3793
2725,CAUSED_BY,2729
5396,CAUSED_BY,5398
2361,FIXES,2365
5019,FIXES,5022
5827,FIXES,5824
2201,FIXES,2208
19,FIXES,96
4684,FIXES,4687
1,EXHIBITS,775
5877,CAUSED_BY,5878
6034,FIXES,6059
2827,FIXES,2835
1498,CAUSED_BY,1502
5636,FIXES,5635
20,FIXES,5842
1579,FIXES,1583
1566,FIXES,1571
3096,FIXES,3101
140,FIXES,99
5767,FIXES,5770
6419,FIXES,6420
211,CAUSED_BY,215
1,EXHIBITS,3111
2253,FIXES,2262
4765,FIXES,22
2505,FIXES,2508
3186,CAUSED_BY,3187
2186,CAUSED_BY,2190
2204,FIXES,2209
4035,FIXES,4038
81,FIXES,76
4674,FIXES,4676
1046,REQUIRES_DIAGNOSIS,1057
5961,FIXES,6778
2553,FIXES,3439
2739,FIXES,2733
5668,FIXES,5651
6057,FIXES,6061
55,FIXES,6822
1314,FIXES,1322
649,REQUIRES_DIAGNOSIS,657
6683,FIXES,6688
2301,REQUIRES_DIAGNOSIS,2304
2795,FIXES,2799
3232,FIXES,3231
2246,REQUIRES_DIAGNOSIS,2266
3365,EXHIBITS,3366
20,FIXES,4916
6375,FIXES,6373
2256,FIXES,2263
2487,FIXES,2484
6199,FIXES,6126
6607,REQUIRES_DIAGNOSIS,6614
3508,FIXES,3506
672,CAUSED_BY,673
20,FIXES,3869
1295,FIXES,1294
2644,FIXES,2642
1,EXHIBITS,4171
1625,FIXES,35
5483,FIXES,5481
2647,CAUSED_BY,2648
3467,CAUSED_BY,3468
3640,FIXES,3645
2167,REQUIRES_DIAGNOSIS,2178
1721,REQUIRES_DIAGNOSIS,1739
1459,REQUIRES_DIAGNOSIS,1466
3279,REQUIRES_DIAGNOSIS,3283
3389,REQUIRES_DIAGNOSIS,3393
4521,FIXES,4522
3707,CAUSED_BY,3712
115,FIXES,99
1608,FIXES,35
1,EXHIBITS,3245
2167,CAUSED_BY,2175
2975,CAUSED_BY,2977
5583,FIXES,5580
5703,CAUSED_BY,5712
6305,FIXES,6308
1459,CAUSED_BY,1463
1430,FIXES,1434
6256,FIXES,6255
1,EXHIBITS,6628
49,EXHIBITS,6384
1862,REQUIRES_DIAGNOSIS,1864
3413,REQUIRES_DIAGNOSIS,3419
1247,FIXES,1258
2200,FIXES,2207
2535,REQUIRES_DIAGNOSIS,2539
2732,REQUIRES_DIAGNOSIS,2754
4008,FIXES,4006
7,FIXES,4426
4762,REQUIRES_DIAGNOSIS,4767
5018,FIXES,5021
2898,REQUIRES_DIAGNOSIS,2926
3985,FIXES,3987
1,EXHIBITS,6749
1050,FIXES,1047
3461,REQUIRES_DIAGNOSIS,3464
20,FIXES,4232
2721,FIXES,2719
3841,CAUSED_BY,3848
5960,FIXES,5962
2649,FIXES,1516
4480,CAUSED_BY,4486
207,FIXES,208
6819,REQUIRES_DIAGNOSIS,6824
1181,FIXES,1182
70,REQUIRES_DIAGNOSIS,78
1833,FIXES,1832
2203,FIXES,2208
3808,FIXES,3807
2808,FIXES,2810
5302,FIXES,2956
2360,FIXES,2366
20,FIXES,6339
1471,FIXES,1473
4532,CAUSED_BY,4540
5787,FIXES,1838
1568,FIXES,1571
903,REQUIRES_DIAGNOSIS,906
1,EXHIBITS,5823
5769,FIXES,5770
355,FIXES,356
0,HAS_EQUIPMENT,1
20,FIXES,1091
2472,FIXES,2467
5014,REQUIRES_DIAGNOSIS,5026
1356,FIXES,1320
2898,REQUIRES_DIAGNOSIS,2939
49,EXHIBITS,5579
5372,FIXES,5370
4494,FIXES,4490
1427,CAUSED_BY,1436
2206,FIXES,2209
2449,FIXES,2448
3035,REQUIRES_DIAGNOSIS,3039
20,FIXES,44
3404,REQUIRES_DIAGNOSIS,3411
4772,FIXES,4770
49,EXHIBITS,2317
6687,CAUSED_BY,6689
3303,FIXES,3304
2968,FIXES,2969
5836,CAUSED_BY,5837
2337,FIXES,2344
2553,FIXES,2889
33,FIXES,29
5459,FIXES,5461
4359,FIXES,4367
3880,FIXES,3878
4996,REQUIRES_DIAGNOSIS,5002
2126,FIXES,2154
465,CAUSED_BY,477
5014,CAUSED_BY,5023
2421,REQUIRES_DIAGNOSIS,2427
4944,CAUSED_BY,4945
2681,FIXES,2679
31,FIXES,35
2453,CAUSED_BY,2464
4219,FIXES,4222
1284,FIXES,1282
6180,FIXES,6181
2898,CAUSED_BY,2909
1888,CAUSED_BY,1894
825,REQUIRES_DIAGNOSIS,828
1,EXHIBITS,5836
4239,FIXES,4253
2594,REQUIRES_DIAGNOSIS,2592
1161,CAUSED_BY,1329
2902,FIXES,2916
5992,CAUSED_BY,5998
5492,REQUIRES_DIAGNOSIS,5497
4587,CAUSED_BY,4588
5572,FIXES,6642
1,EXHIBITS,588
2129,FIXES,2155
6276,FIXES,6279
3741,FIXES,3743
2334,REQUIRES_DIAGNOSIS,2349
211,REQUIRES_DIAGNOSIS,216
2386,CAUSED_BY,2387
3054,FIXES,3056
5560,CAUSED_BY,5561
2299,FIXES,2211
131,FIXES,134
2308,FIXES,2342
862,FIXES,869
49,EXHIBITS,3727
1691,REQUIRES_DIAGNOSIS,1699
2594,CAUSED_BY,2589
5517,REQUIRES_DIAGNOSIS,5523
3824,FIXES,3829
2127,FIXES,2134
1,EXHIBITS,709
3845,FIXES,3854
436,FIXES,2124
1452,CAUSED_BY,45
3785,REQUIRES_DIAGNOSIS,3791
1948,FIXES,435
2334,CAUSED_BY,2346
1470,FIXES,1468
2188,FIXES,2191
2202,FIXES,2207
1231,FIXES,1399
4642,FIXES,4655
4568,REQUIRES_DIAGNOSIS,4576
989,FIXES,992
2223,FIXES,2232
20,FIXES,2743
4517,CAUSED_BY,4523
1273,CAUSED_BY,1271
2292,CAUSED_BY,2293
4780,FIXES,4779
1567,FIXES,1570
2738,FIXES,75
6574,FIXES,6573
4630,REQUIRES_DIAGNOSIS,4637
6058,FIXES,6056
6456,CAUSED_BY,6457
697,REQUIRES_DIAGNOSIS,700
3610,FIXES,3618
2397,FIXES,2403
3375,FIXES,107
979,FIXES,981
3150,CAUSED_BY,3151
6536,FIXES,6537
2641,CAUSED_BY,1516
1555,FIXES,1531
4491,FIXES,4495
3020,REQUIRES_DIAGNOSIS,3026
3627,FIXES,3631
5789,FIXES,1838
1040,FIXES,1038
4358,FIXES,4366
4630,CAUSED_BY,4634
5703,REQUIRES_DIAGNOSIS,5713
6466,FIXES,6470
1231,FIXES,1412
1075,FIXES,1079
1358,FIXES,1320
30,FIXES,34
1017,FIXES,1019
262,FIXES,2847
5673,CAUSED_BY,5685
1991,FIXES,1993
1330,FIXES,1329
2125,FIXES,2176
6588,FIXES,6591
5873,CAUSED_BY,5874
4169,FIXES,4168
4375,FIXES,4379
730,FIXES,729
1563,REQUIRES_DIAGNOSIS,1575
4279,FIXES,4278
49,EXHIBITS,1996
780,CAUSED_BY,783
5316,CAUSED_BY,5317
2901,FIXES,2915
2,REQUIRES_DIAGNOSIS,13
122,FIXES,22
5301,FIXES,5304
4604,FIXES,4606
5892,FIXES,5890
1512,FIXES,3668
1512,FIXES,1453
2726,FIXES,2729
6517,CAUSED_BY,6470
50,REQUIRES_DIAGNOSIS,58
3296,FIXES,3294
1478,FIXES,1477
5804,FIXES,5815
6035,FIXES,6036
1542,CAUSED_BY,1547
49,EXHIBITS,4103
4716,CAUSED_BY,4721
287,FIXES,291
95,REQUIRES_DIAGNOSIS,25
1608,FIXES,90
4126,FIXES,4127
308,FIXES,316
3844,FIXES,3853
191,FIXES,190
1224,REQUIRES_DIAGNOSIS,1244
2381,FIXES,2383
3793,CAUSED_BY,3797
3941,REQUIRES_DIAGNOSIS,3948
2868,CAUSED_BY,2869
6827,REQUIRES_DIAGNOSIS,6835
1721,CAUSED_BY,1727
4209,FIXES,4213
6330,FIXES,6329
4861,FIXES,4863
2075,FIXES,2210
5293,REQUIRES_DIAGNOSIS,4823
127,REQUIRES_DIAGNOSIS,78
4534,FIXES,4541
5342,FIXES,5343
95,CAUSED_BY,22
6687,REQUIRES_DIAGNOSIS,6690
139,FIXES,5401
49,EXHIBITS,3177
4642,FIXES,4213
2658,FIXES,5843
3675,REQUIRES_DIAGNOSIS,3683
1251,FIXES,1254
1576,CAUSED_BY,75
6790,CAUSED_BY,6791
1161,REQUIRES_DIAGNOSIS,1172
3624,CAUSED_BY,3630
1216,FIXES,1217
5055,FIXES,5053
2414,REQUIRES_DIAGNOSIS,2419
5947,CAUSED_BY,5952
4194,CAUSED_BY,4195
5165,FIXES,5163
6272,CAUSED_BY,6280
4062,REQUIRES_DIAGNOSIS,4072
3978,REQUIRES_DIAGNOSIS,4046
1427,CAUSED_BY,1370
128,CAUSED_BY,129
6451,FIXES,6453
5027,REQUIRES_DIAGNOSIS,5032
4982,FIXES,4987
1,EXHIBITS,6696
1189,REQUIRES_DIAGNOSIS,1220
4482,FIXES,4504
1107,FIXES,1110
4229,FIXES,4227
3769,FIXES,4594
5970,FIXES,5977
2199,FIXES,2214
4612,FIXES,4615
6,FIXES,3
2399,FIXES,2403
5863,FIXES,5864
4360,FIXES,4362
4410,CAUSED_BY,4416
5350,CAUSED_BY,5353
4033,FIXES,4040
1831,REQUIRES_DIAGNOSIS,1836
20,FIXES,99
3549,REQUIRES_DIAGNOSIS,3556
1852,REQUIRES_DIAGNOSIS,1861
795,REQUIRES_DIAGNOSIS,798
2468,FIXES,2473
1189,CAUSED_BY,1217
4270,CAUSED_BY,4271
3607,EXHIBITS,3608
5959,FIXES,5962
6611,FIXES,6612
1625,FIXES,1634
1756,FIXES,1776
3430,REQUIRES_DIAGNOSIS,3436
3690,FIXES,3688
162,FIXES,164
2903,FIXES,2911
2127,FIXES,2176
3711,FIXES,3713
1545,FIXES,1549
5303,FIXES,5300
4015,FIXES,4016
428,FIXES,426
3549,CAUSED_BY,3553
1852,CAUSED_BY,1858
4998,FIXES,1445
3967,FIXES,4024
307,FIXES,315
4954,FIXES,4953
2952,REQUIRES_DIAGNOSIS,2957
1514,FIXES,1453
6139,REQUIRES_DIAGNOSIS,6143
1515,FIXES,5944
1331,FIXES,22
562,FIXES,565
3926,REQUIRES_DIAGNOSIS,3931
4111,FIXES,4114
3578,REQUIRES_DIAGNOSIS,3584
1,EXHIBITS,2858
20,FIXES,341
6724,FIXES,6723
2906,FIXES,2912
1865,CAUSED_BY,1866
1073,REQUIRES_DIAGNOSIS,1080
1501,FIXES,1502
32,FIXES,36
5913,REQUIRES_DIAGNOSIS,5917
114,CAUSED_BY,22
3505,CAUSED_BY,3506
1996,CAUSED_BY,2001
4136,FIXES,4140
555,REQUIRES_DIAGNOSIS,569
2119,FIXES,2176
3079,FIXES,3077
6139,CAUSED_BY,6140
20,FIXES,4663
3641,FIXES,3648
6124,FIXES,6127
1,EXHIBITS,535
1428,FIXES,1436
371,FIXES,373
5299,REQUIRES_DIAGNOSIS,5305
6766,CAUSED_BY,6771
5546,FIXES,5545
6031,FIXES,6030
6348,FIXES,90
1998,FIXES,2001
3383,CAUSED_BY,3387
5475,FIXES,5474
4622,FIXES,4796
1231,FIXES,1225
4536,FIXES,4541
5767,FIXES,5759
6139,REQUIRES_DIAGNOSIS,6156
1778,REQUIRES_DIAGNOSIS,1781
2651,CAUSED_BY,2652
1,EXHIBITS,5086
1106,FIXES,1109
5961,FIXES,6767
2204,FIXES,2198
49,EXHIBITS,2627
5654,FIXES,5661
3644,FIXES,3649
2128,FIXES,2135
844,CAUSED_BY,678
1431,FIXES,1437
5763,FIXES,5710
1,EXHIBITS,6254
20,FIXES,3737
1083,FIXES,1090
1314,FIXES,1311
5622,CAUSED_BY,5630
3438,REQUIRES_DIAGNOSIS,3445
5781,CAUSED_BY,1908
3818,CAUSED_BY,3829
2653,FIXES,2652
2201,FIXES,2210
3186,REQUIRES_DIAGNOSIS,3192
4716,REQUIRES_DIAGNOSIS,4722
4614,FIXES,4611
1387,FIXES,1386
2827,FIXES,2837
4984,FIXES,4987
5996,FIXES,6231
20,FIXES,5844
1624,FIXES,1633
1579,FIXES,1585
6213,FIXES,6211
5045,FIXES,5044
3377,CAUSED_BY,3378
5767,FIXES,5772
1544,FIXES,1548
20,FIXES,4797
5440,FIXES,5450
2595,FIXES,2589
6323,FIXES,6321
3867,FIXES,3870
3186,CAUSED_BY,3189
2186,CAUSED_BY,2192
110,CAUSED_BY,107
2204,FIXES,2211
4035,FIXES,4040
1046,REQUIRES_DIAGNOSIS,1059
6600,FIXES,124
6057,FIXES,6063
355,FIXES,1258
1,EXHIBITS,80
1404,FIXES,1403
649,REQUIRES_DIAGNOSIS,659
5961,FIXES,5962
2077,FIXES,2078
5805,FIXES,5810
2542,FIXES,2524
1,EXHIBITS,5449
512,FIXES,511
2246,REQUIRES_DIAGNOSIS,2268
20,FIXES,2703
1834,FIXES,5747
6776,REQUIRES_DIAGNOSIS,6780
2256,FIXES,2265
1274,FIXES,1271
1442,FIXES,1441
1,EXHIBITS,6617
20,FIXES,3871
4707,REQUIRES_DIAGNOSIS,4714
4483,FIXES,4486
6107,FIXES,134
6505,FIXES,6509
5808,FIXES,5811
3640,FIXES,3647
2167,REQUIRES_DIAGNOSIS,2180
5100,FIXES,5099
6637,FIXES,6675
4390,FIXES,4389
2525,FIXES,2524
332,FIXES,2528
2908,FIXES,2912
1161,REQUIRES_DIAGNOSIS,1335
3877,CAUSED_BY,3878
6365,FIXES,6364
20,FIXES,4221
6734,FIXES,6736
6247,CAUSED_BY,6248
5202,CAUSED_BY,5203
6298,FIXES,4237
4707,CAUSED_BY,4711
1127,REQUIRES_DIAGNOSIS,1130
405,REQUIRES_DIAGNOSIS,173
20,FIXES,3174
3643,FIXES,3648
332,FIXES,6850
5248,FIXES,5247
3888,REQUIRES_DIAGNOSIS,3901
1430,FIXES,1436
6813,FIXES,6837
2630,FIXES,3692
4553,CAUSED_BY,4554
6534,FIXES,6537
6566,REQUIRES_DIAGNOSIS,6570
95,REQUIRES_DIAGNOSIS,93
5018,FIXES,5023
2200,FIXES,2209
2732,REQUIRES_DIAGNOSIS,2756
2130,FIXES,2131
1941,FIXES,4441
2898,REQUIRES_DIAGNOSIS,2928
5323,CAUSED_BY,5327
1686,REQUIRES_DIAGNOSIS,1680
3461,REQUIRES_DIAGNOSIS,3466
3721,FIXES,3718
3841,CAUSED_BY,3850
5765,FIXES,5710
5449,REQUIRES_DIAGNOSIS,5453
6819,REQUIRES_DIAGNOSIS,6826
1228,FIXES,1232
405,REQUIRES_DIAGNOSIS,415
1181,FIXES,1184
6566,CAUSED_BY,6567
20,FIXES,3187
6369,FIXES,6368
49,EXHIBITS,3474
4641,FIXES,4745
2203,FIXES,2210
1175,CAUSED_BY,1176
465,CAUSED_BY,466
5972,FIXES,5968
1996,REQUIRES_DIAGNOSIS,2002
2360,FIXES,2368
1,EXHIBITS,2442
593,FIXES,595
1579,FIXES,96
6250,FIXES,6248
3971,REQUIRES_DIAGNOSIS,3977
5458,FIXES,29
4239,FIXES,4242
5769,FIXES,5772
405,CAUSED_BY,412
4944,REQUIRES_DIAGNOSIS,4950
1658,CAUSED_BY,1659
2206,FIXES,2211
3383,REQUIRES_DIAGNOSIS,3388
4146,FIXES,4145
518,REQUIRES_DIAGNOSIS,526
2797,FIXES,6446
2337,FIXES,2346
5807,FIXES,5810
4737,FIXES,4735
5459,FIXES,5463
1512,FIXES,3991
49,EXHIBITS,5931
6797,CAUSED_BY,6801
54,FIXES,56
6107,FIXES,6108
1757,FIXES,1747
2076,FIXES,2079
3197,FIXES,3198
2029,FIXES,2031
5622,REQUIRES_DIAGNOSIS,5631
3671,CAUSED_BY,3672
1276,FIXES,1271
1428,FIXES,1370
2386,REQUIRES_DIAGNOSIS,2392
2991,REQUIRES_DIAGNOSIS,2994
2334,CAUSED_BY,2335
1888,CAUSED_BY,1896
1784,FIXES,1569
103,REQUIRES_DIAGNOSIS,102
6595,REQUIRES_DIAGNOSIS,6604
20,FIXES,3550
2562,FIXES,2561
3628,FIXES,3631
6507,FIXES,6509
4642,FIXES,4644
1444,CAUSED_BY,1448
2902,FIXES,2918
2814,CAUSED_BY,2821
6284,CAUSED_BY,6285
3152,FIXES,90
2466,CAUSED_BY,2474
2772,REQUIRES_DIAGNOSIS,2777
5151,FIXES,5232
5957,CAUSED_BY,5963
436,FIXES,2234
2336,FIXES,2335
2519,FIXES,90
3747,REQUIRES_DIAGNOSIS,3755
114,REQUIRES_DIAGNOSIS,93
5560,CAUSED_BY,5563
1,EXHIBITS,6188
103,CAUSED_BY,99
2308,FIXES,2344
6595,CAUSED_BY,6601
429,FIXES,4025
1691,REQUIRES_DIAGNOSIS,1701
3824,FIXES,3831
2127,FIXES,2136
931,CAUSED_BY,932
3440,FIXES,3443
4778,CAUSED_BY,4781
2797,FIXES,4594
5213,FIXES,5212
2257,FIXES,2247
6562,FIXES,6560
6517,REQUIRES_DIAGNOSIS,6526
20,FIXES,6007
418,CAUSED_BY,29
3747,CAUSED_BY,3752
2188,FIXES,2193
1163,FIXES,1415
2480,FIXES,2478
2202,FIXES,2209
2772,CAUSED_BY,2747
3135,FIXES,1258
5785,FIXES,5794
1797,FIXES,1796
2223,FIXES,2234
20,FIXES,4960
969,CAUSED_BY,970
1313,FIXES,29
20,FIXES,2745
5673,CAUSED_BY,5674
592,FIXES,594
5135,CAUSED_BY,22
5473,REQUIRES_DIAGNOSIS,5478
5574,FIXES,5567
2655,REQUIRES_DIAGNOSIS,2664
436,FIXES,261
4780,FIXES,4781
6296,FIXES,6295
3083,FIXES,3086
1,EXHIBITS,6201
467,FIXES,478
861,FIXES,860
1230,FIXES,1232
49,EXHIBITS,3971
882,FIXES,885
4246,REQUIRES_DIAGNOSIS,4251
115,FIXES,22
2397,FIXES,2405
2495,FIXES,2497
1,EXHIBITS,953
251,EXHIBITS,1467
120,REQUIRES_DIAGNOSIS,125
4427,FIXES,5549
4491,FIXES,4497
2655,CAUSED_BY,2661
3020,REQUIRES_DIAGNOSIS,3028
4358,FIXES,4368
436,FIXES,1321
2075,FIXES,2078
6016,REQUIRES_DIAGNOSIS,6025
30,FIXES,36
262,FIXES,2849
20,FIXES,4973
5673,CAUSED_BY,5687
282,CAUSED_BY,296
6179,FIXES,6182
5441,FIXES,5451
6669,REQUIRES_DIAGNOSIS,6672
4308,CAUSED_BY,4309
780,CAUSED_BY,785
5316,CAUSED_BY,5319
2901,FIXES,2917
1046,CAUSED_BY,1047
1759,FIXES,1747
1,EXHIBITS,5396
782,FIXES,75
6304,CAUSED_BY,6309
2321,FIXES,2318
4236,CAUSED_BY,4237
221,FIXES,227
1337,REQUIRES_DIAGNOSIS,1351
1928,REQUIRES_DIAGNOSIS,1937
2223,FIXES,1321
1430,FIXES,1370
50,REQUIRES_DIAGNOSIS,60
235,FIXES,243
3327,REQUIRES_DIAGNOSIS,3325
1,EXHIBITS,4578
1,EXHIBITS,4349
5362,FIXES,5363
6035,FIXES,6038
1542,CAUSED_BY,1549
2611,FIXES,2609
1,EXHIBITS,5517
308,FIXES,318
1116,FIXES,1120
2904,FIXES,2918
3844,FIXES,3855
4844,FIXES,4852
4727,FIXES,4726
6547,FIXES,6543
4384,CAUSED_BY,4385
111,FIXES,107
1,EXHIBITS,40
50,CAUSED_BY,57
6445,FIXES,357
3697,CAUSED_BY,3698
1721,CAUSED_BY,1729
2075,FIXES,2212
5760,FIXES,5770
2173,FIXES,318
2123,CAUSED_BY,2124
3449,REQUIRES_DIAGNOSIS,1123
1,EXHIBITS,1208
170,FIXES,22
6177,CAUSED_BY,6178
3675,REQUIRES_DIAGNOSIS,3685
1251,FIXES,1256
1429,FIXES,1322
1194,FIXES,1190
5839,FIXES,5686
5316,REQUIRES_DIAGNOSIS,4823
3624,CAUSED_BY,3632
4403,FIXES,4405
3552,FIXES,3553
1512,FIXES,6248
2494,FIXES,2496
420,FIXES,75
629,FIXES,631
2379,REQUIRES_DIAGNOSIS,2384
1666,CAUSED_BY,1670
6535,FIXES,6538
49,EXHIBITS,3300
5375,REQUIRES_DIAGNOSIS,5381
1444,REQUIRES_DIAGNOSIS,1449
1,EXHIBITS,282
4982,FIXES,4989
5027,REQUIRES_DIAGNOSIS,5034
1189,REQUIRES_DIAGNOSIS,1222
6743,FIXES,6740
6395,FIXES,6393
2814,REQUIRES_DIAGNOSIS,2822
4482,FIXES,76
2880,FIXES,2881
2414,CAUSED_BY,2418
2399,FIXES,2405
204,REQUIRES_DIAGNOSIS,210
5908,REQUIRES_DIAGNOSIS,5911
6254,CAUSED_BY,6258
5560,REQUIRES_DIAGNOSIS,5564
4360,FIXES,4364
3290,FIXES,3289
472,FIXES,475
1,EXHIBITS,6819
20,FIXES,4302
6433,FIXES,6431
49,EXHIBITS,6804
750,FIXES,755
1357,FIXES,4821
5967,CAUSED_BY,5968
2468,FIXES,2475
234,FIXES,238
3928,FIXES,3927
5673,CAUSED_BY,4198
3823,FIXES,3819
4778,REQUIRES_DIAGNOSIS,4782
1625,FIXES,1636
2725,CAUSED_BY,2707
5541,FIXES,5539
3085,FIXES,3088
5903,FIXES,5902
220,FIXES,226
1944,CAUSED_BY,435
1594,FIXES,372
2993,FIXES,2992
2903,FIXES,2913
5415,FIXES,6278
1,EXHIBITS,4725
2485,FIXES,2488
6034,FIXES,6037
1526,FIXES,1554
3505,REQUIRES_DIAGNOSIS,3511
3179,FIXES,75
307,FIXES,317
1782,FIXES,1569
3424,FIXES,3425
5941,FIXES,5940
649,CAUSED_BY,656
2952,REQUIRES_DIAGNOSIS,2959
6139,REQUIRES_DIAGNOSIS,6145
2778,CAUSED_BY,2785
2323,FIXES,2318
3430,CAUSED_BY,3435
4111,FIXES,4116
5572,FIXES,6699
4771,FIXES,4779
1653,CAUSED_BY,96
147,CAUSED_BY,148
2906,FIXES,2914
3146,REQUIRES_DIAGNOSIS,3149
2627,CAUSED_BY,2628
5466,CAUSED_BY,5467
2361,FIXES,2356
555,REQUIRES_DIAGNOSIS,571
6836,CAUSED_BY,6840
20,FIXES,2679
1655,FIXES,96
5402,FIXES,5401
49,EXHIBITS,4952
2827,FIXES,2826
6104,CAUSED_BY,6105
6410,FIXES,6411
5299,REQUIRES_DIAGNOSIS,5307
6075,FIXES,6076
1,EXHIBITS,6135
2276,FIXES,2272
3051,REQUIRES_DIAGNOSIS,3058
4814,FIXES,4812
105,EXHIBITS,3539
883,FIXES,880
128,REQUIRES_DIAGNOSIS,136
5440,FIXES,5439
2274,FIXES,2278
5961,FIXES,6769
409,FIXES,413
6304,REQUIRES_DIAGNOSIS,6310
353,FIXES,351
2128,FIXES,2137
5249,FIXES,5250
1,EXHIBITS,4270
5299,CAUSED_BY,5304
682,FIXES,435
1083,FIXES,1092
3438,REQUIRES_DIAGNOSIS,3447
987,FIXES,991
3818,CAUSED_BY,3831
5412,REQUIRES_DIAGNOSIS,5418
2201,FIXES,2212
19,FIXES,100
4716,REQUIRES_DIAGNOSIS,4724
3614,FIXES,3616
49,EXHIBITS,2979
4667,REQUIRES_DIAGNOSIS,4671
4984,FIXES,4989
5636,FIXES,5639
1938,REQUIRES_DIAGNOSIS,1942
6610,FIXES,6613
1624,FIXES,1635
3084,FIXES,3087
5205,FIXES,5203
6575,FIXES,6576
4710,FIXES,4711
3438,CAUSED_BY,3444
1,EXHIBITS,3115
1721,REQUIRES_DIAGNOSIS,1730
503,CAUSED_BY,504
3292,FIXES,3289
474,FIXES,475
863,FIXES,885
5440,FIXES,5452
3867,FIXES,3872
2204,FIXES,2213
3408,FIXES,3384
3965,FIXES,3964
2553,FIXES,3443
4667,CAUSED_BY,4668
5728,FIXES,90
5288,FIXES,5289
6057,FIXES,6065
2470,FIXES,2475
4492,FIXES,4498
561,FIXES,566
3232,FIXES,3235
84,REQUIRES_DIAGNOSIS,91
5729,FIXES,5712
2246,REQUIRES_DIAGNOSIS,2270
1596,FIXES,372
5947,REQUIRES_DIAGNOSIS,5955
2117,FIXES,2112
1117,FIXES,1115
1834,FIXES,5749
5823,REQUIRES_DIAGNOSIS,5833
5868,FIXES,5867
2516,CAUSED_BY,2517
2487,FIXES,2488
2885,CAUSED_BY,2889
3139,FIXES,3138
5326,FIXES,5327
5880,FIXES,5885
5202,REQUIRES_DIAGNOSIS,5208
2021,CAUSED_BY,2025
1761,FIXES,1775
6585,REQUIRES_DIAGNOSIS,6593
73,FIXES,124
2972,FIXES,1599
5758,REQUIRES_DIAGNOSIS,5757
2548,FIXES,2545
2200,FIXES,2198
3730,FIXES,3728
912,FIXES,914
1,EXHIBITS,3357
3640,FIXES,3649
5808,FIXES,5813
3751,FIXES,3753
1623,FIXES,311
6505,FIXES,6511
6637,FIXES,6677
4390,FIXES,4391
49,EXHIBITS,1127
2887,FIXES,2889
4966,CAUSED_BY,4313
4196,FIXES,4198
2908,FIXES,2914
20,FIXES,3994
1,EXHIBITS,95
1780,FIXES,1779
4553,REQUIRES_DIAGNOSIS,4559
147,REQUIRES_DIAGNOSIS,136
1890,FIXES,1889
20,FIXES,5391
2320,FIXES,2325
2273,FIXES,2277
6046,REQUIRES_DIAGNOSIS,6054
3978,REQUIRES_DIAGNOSIS,3982
3888,REQUIRES_DIAGNOSIS,3903
309,FIXES,319
40,CAUSED_BY,41
155,CAUSED_BY,112
3420,CAUSED_BY,3426
3821,FIXES,3833
5503,FIXES,5499
3818,REQUIRES_DIAGNOSIS,3836
6579,REQUIRES_DIAGNOSIS,6584
1595,FIXES,1609
6464,FIXES,6461
4008,FIXES,4010
2200,FIXES,2211
18,FIXES,99
20,FIXES,1082
2130,FIXES,2133
2732,REQUIRES_DIAGNOSIS,2758
5726,FIXES,5730
3642,FIXES,357
49,EXHIBITS,1369
2898,REQUIRES_DIAGNOSIS,2930
1941,FIXES,4443
5489,FIXES,5487
5650,CAUSED_BY,5651
5934,FIXES,5932
1686,REQUIRES_DIAGNOSIS,1682
20,FIXES,35
2485,FIXES,315
3841,CAUSED_BY,3852
5449,REQUIRES_DIAGNOSIS,5455
6621,FIXES,6623
3785,CAUSED_BY,3790
1228,FIXES,1234
405,REQUIRES_DIAGNOSIS,417
1,EXHIBITS,1505
20,FIXES,3189
5007,FIXES,5010
792,CAUSED_BY,790
2203,FIXES,2212
1827,CAUSED_BY,1828
6334,FIXES,6333
3516,FIXES,3519
1,EXHIBITS,4888
5624,FIXES,5623
3759,FIXES,3758
4219,FIXES,4213
6641,CAUSED_BY,6642
6135,REQUIRES_DIAGNOSIS,6138
4691,CAUSED_BY,698
3730,FIXES,1997
5517,CAUSED_BY,129
1163,FIXES,1162
3739,FIXES,3761
3507,FIXES,3509
2206,FIXES,2213
1760,FIXES,1774
1,EXHIBITS,2565
5149,CAUSED_BY,5150
1978,REQUIRES_DIAGNOSIS,1980
978,REQUIRES_DIAGNOSIS,983
1526,FIXES,5810
1483,REQUIRES_DIAGNOSIS,1488
3066,FIXES,3065
5807,FIXES,5812
2991,CAUSED_BY,2980
5135,CAUSED_BY,5138
2049,CAUSED_BY,261
3880,FIXES,3882
2119,FIXES,2112
3197,FIXES,3200
4926,FIXES,4790
2681,FIXES,2683
5622,REQUIRES_DIAGNOSIS,5633
6810,CAUSED_BY,2674
3642,FIXES,3645
4436,FIXES,5253
598,REQUIRES_DIAGNOSIS,596
1763,FIXES,1775
2284,FIXES,2283
2287,CAUSED_BY,2289
6595,REQUIRES_DIAGNOSIS,6606
5703,REQUIRES_DIAGNOSIS,5691
4259,FIXES,4258
2594,REQUIRES_DIAGNOSIS,2596
2202,FIXES,2198
6507,FIXES,6511
4280,FIXES,4283
4642,FIXES,4646
2447,REQUIRES_DIAGNOSIS,2451
2119,FIXES,2233
2902,FIXES,2920
5286,REQUIRES_DIAGNOSIS,5290
6438,FIXES,6457
6635,REQUIRES_DIAGNOSIS,6638
1,EXHIBITS,821
5198,FIXES,5195
4897,FIXES,4896
5744,FIXES,5676
3820,FIXES,3832
436,FIXES,2236
4871,FIXES,4873
2357,FIXES,2362
6070,REQUIRES_DIAGNOSIS,6079
1512,FIXES,34
6722,REQUIRES_DIAGNOSIS,6729
2308,FIXES,2346
3610,FIXES,3609
969,REQUIRES_DIAGNOSIS,975
1855,FIXES,134
2397,FIXES,2394
3914,FIXES,3912
5584,FIXES,5580
2447,CAUSED_BY,2448
2726,FIXES,2707
3824,FIXES,3833
1,EXHIBITS,5143
5606,FIXES,5609
1387,FIXES,1322
192,FIXES,195
1118,FIXES,3399
2739,FIXES,2779
1227,FIXES,1233
5727,FIXES,5676
6517,REQUIRES_DIAGNOSIS,6528
5098,REQUIRES_DIAGNOSIS,5102
157,FIXES,158
5035,CAUSED_BY,5038
5151,FIXES,107
6466,FIXES,6461
2885,REQUIRES_DIAGNOSIS,2890
2249,FIXES,2259
2202,FIXES,2211
6070,CAUSED_BY,6076
5740,FIXES,5748
2223,FIXES,2236
4971,FIXES,4972
262,FIXES,2838
20,FIXES,2747
5673,CAUSED_BY,5676
2457,FIXES,2461
3217,CAUSED_BY,3225
4463,REQUIRES_DIAGNOSIS,4465
2655,REQUIRES_DIAGNOSIS,2666
105,EXHIBITS,4883
3083,FIXES,3088
4830,CAUSED_BY,4837
20,FIXES,3915
53,FIXES,23
1230,FIXES,1234
882,FIXES,887
6009,FIXES,6007
1705,REQUIRES_DIAGNOSIS,1695
1,EXHIBITS,5156
1,EXHIBITS,955
270,FIXES,269
560,FIXES,556
5626,FIXES,5623
2623,REQUIRES_DIAGNOSIS,2626
332,FIXES,357
1556,FIXES,1559
1624,FIXES,1582
1231,FIXES,1416
1331,FIXES,4656
6016,REQUIRES_DIAGNOSIS,6027
84,CAUSED_BY,22
4673,REQUIRES_DIAGNOSIS,4637
1330,FIXES,1333
1452,CAUSED_BY,412
4001,FIXES,4002
1,EXHIBITS,6674
120,CAUSED_BY,124
49,EXHIBITS,6430
4279,FIXES,4282
5332,REQUIRES_DIAGNOSIS,5337
2901,FIXES,2919
5760,FIXES,5759
2408,CAUSED_BY,2409
1512,FIXES,3672
86,FIXES,22
881,FIXES,869
1669,FIXES,1670
381,FIXES,386
2704,FIXES,2708
2691,FIXES,2696
3691,FIXES,3693
5724,CAUSED_BY,5712
20,FIXES,4278
3296,FIXES,3298
4685,FIXES,4668
20,FIXES,4049
813,REQUIRES_DIAGNOSIS,816
879,REQUIRES_DIAGNOSIS,889
408,FIXES,406
1,EXHIBITS,6566
73,FIXES,71
2246,CAUSED_BY,2258
1526,FIXES,3395
28,REQUIRES_DIAGNOSIS,37
15,REQUIRES_DIAGNOSIS,25
332,FIXES,3753
6035,FIXES,6040
1034,FIXES,1033
20,FIXES,3231
6177,REQUIRES_DIAGNOSIS,6183
308,FIXES,320
1116,FIXES,1122
2904,FIXES,2920
191,FIXES,194
3122,REQUIRES_DIAGNOSIS,3126
6257,FIXES,6258
2631,FIXES,2642
5547,FIXES,5548
4537,FIXES,4533
1855,FIXES,6108
1226,FIXES,1232
1156,FIXES,1154
1,EXHIBITS,6687
1976,FIXES,1974
4749,REQUIRES_DIAGNOSIS,4754
1526,FIXES,1530
2248,FIXES,2258
4602,REQUIRES_DIAGNOSIS,4609
5725,FIXES,5731
4349,CAUSED_BY,4350
5608,FIXES,5605
332,FIXES,3645
3152,FIXES,3154
5970,FIXES,5968
334,FIXES,340
2075,FIXES,2214
15,CAUSED_BY,22
5760,FIXES,5772
5788,FIXES,1908
170,FIXES,253
1446,FIXES,1445
2399,FIXES,2394
4765,FIXES,4766
3769,FIXES,3767
5088,FIXES,226
5135,REQUIRES_DIAGNOSIS,5139
5350,CAUSED_BY,5344
5898,FIXES,5896
1,EXHIBITS,392
20,FIXES,90
3637,CAUSED_BY,3646
3739,FIXES,6728
1229,FIXES,1233
4403,FIXES,4407
5055,FIXES,5057
4527,CAUSED_BY,76
2965,CAUSED_BY,315
3459,FIXES,3458
5825,FIXES,5830
5838,FIXES,5842
3480,FIXES,3483
128,CAUSED_BY,133
545,FIXES,543
1086,FIXES,1089
1444,REQUIRES_DIAGNOSIS,1451
1526,FIXES,1543
2814,REQUIRES_DIAGNOSIS,2824
55,FIXES,23
5406,FIXES,5405
307,FIXES,306
2718,REQUIRES_DIAGNOSIS,2723
4510,CAUSED_BY,76
1,EXHIBITS,1452
103,CAUSED_BY,22
2734,FIXES,2742
1677,FIXES,1679
3542,FIXES,3544
980,FIXES,981
4183,CAUSED_BY,4184
6671,FIXES,6670
2379,CAUSED_BY,2383
4360,FIXES,4366
562,FIXES,556
3319,CAUSED_BY,3320
1594,FIXES,253
1949,FIXES,1468
472,FIXES,477
2955,FIXES,2956
2984,CAUSED_BY,2985
945,FIXES,944
4820,FIXES,4821
1077,FIXES,1079
1837,CAUSED_BY,1843
1512,FIXES,5095
3255,FIXES,3254
234,FIXES,240
2740,FIXES,2761
3580,FIXES,3582
4931,CAUSED_BY,4932
1625,FIXES,1638
3357,CAUSED_BY,3358
220,FIXES,228
2373,REQUIRES_DIAGNOSIS,2377
3690,FIXES,3692
6196,CAUSED_BY,6197
2903,FIXES,2915
5415,FIXES,6280
4924,FIXES,4790
6034,FIXES,6039
2169,FIXES,318
428,FIXES,430
5369,REQUIRES_DIAGNOSIS,5374
3505,REQUIRES_DIAGNOSIS,3513
4571,FIXES,4569
4933,FIXES,4932
5637,FIXES,5639
307,FIXES,319
861,FIXES,783
1,EXHIBITS,5895
4830,REQUIRES_DIAGNOSIS,4838
1288,FIXES,1282
6139,REQUIRES_DIAGNOSIS,6147
883,FIXES,869
1202,FIXES,1201
793,FIXES,790
1,EXHIBITS,5077
2373,CAUSED_BY,2374
3331,FIXES,3330
6072,FIXES,6077
6104,REQUIRES_DIAGNOSIS,6110
4771,FIXES,4781
6724,FIXES,6727
2906,FIXES,2916
410,FIXES,406
380,FIXES,387
333,FIXES,339
20,FIXES,5943
2491,CAUSED_BY,2497
5729,FIXES,90
5739,CAUSED_BY,5747
3922,FIXES,3920
617,CAUSED_BY,618
4428,FIXES,4429
5019,FIXES,5015
19,FIXES,89
2563,FIXES,2564
110,REQUIRES_DIAGNOSIS,101
1,EXHIBITS,768
6402,FIXES,6400
5054,FIXES,5056
5727,FIXES,5731
5546,FIXES,5549
20,FIXES,3849
86,FIXES,2976
282,REQUIRES_DIAGNOSIS,299
49,EXHIBITS,6122
468,FIXES,475
1944,REQUIRES_DIAGNOSIS,1927
1566,FIXES,1564
5790,FIXES,1908
260,CAUSED_BY,261
3146,CAUSED_BY,3148
6542,REQUIRES_DIAGNOSIS,6549
1778,REQUIRES_DIAGNOSIS,1785
723,FIXES,725
4272,FIXES,4274
5852,CAUSED_BY,5858
5961,FIXES,6771
436,FIXES,318
6462,FIXES,6467
5904,FIXES,5244
6304,REQUIRES_DIAGNOSIS,6312
4980,FIXES,4990
1723,FIXES,1726
1966,FIXES,1965
4805,FIXES,4804
6552,CAUSED_BY,6553
2795,FIXES,2792
2668,CAUSED_BY,2669
3517,FIXES,3520
3818,CAUSED_BY,3833
471,FIXES,476
1536,REQUIRES_DIAGNOSIS,4030
168,REQUIRES_DIAGNOSIS,174
4310,FIXES,4312
1,EXHIBITS,5211
5827,FIXES,5830
451,CAUSED_BY,452
1981,CAUSED_BY,1982
3614,FIXES,3618
2604,FIXES,2603
5984,FIXES,5988
6338,REQUIRES_DIAGNOSIS,6345
43,FIXES,44
368,FIXES,45
6813,FIXES,6815
184,FIXES,186
1624,FIXES,1637
6294,REQUIRES_DIAGNOSIS,6301
2631,FIXES,1516
4904,FIXES,4906
4134,CAUSED_BY,4140
5045,FIXES,5048
4742,REQUIRES_DIAGNOSIS,4746
3640,FIXES,3638
1,EXHIBITS,1131
20,FIXES,5030
1721,REQUIRES_DIAGNOSIS,1732
1596,FIXES,253
474,FIXES,477
863,FIXES,887
1413,FIXES,2232
1081,REQUIRES_DIAGNOSIS,1093
1133,FIXES,9
2797,FIXES,2799
4667,CAUSED_BY,4670
1,EXHIBITS,84
4582,FIXES,4579
3678,FIXES,3676
3232,FIXES,3237
84,REQUIRES_DIAGNOSIS,93
2542,FIXES,2528
1,EXHIBITS,3467
5077,CAUSED_BY,5078
1,EXHIBITS,1023
1424,CAUSED_BY,1415
2230,FIXES,2235
4700,FIXES,4702
5653,FIXES,5651
1834,FIXES,5751
5823,REQUIRES_DIAGNOSIS,5835
6437,CAUSED_BY,4960
17,FIXES,23
2797,FIXES,2920
5158,FIXES,5159
1369,CAUSED_BY,1377
1295,FIXES,1300
2103,FIXES,2102
2644,FIXES,2648
3452,FIXES,3450
1429,FIXES,90
1595,FIXES,1598
3368,FIXES,3367
6645,CAUSED_BY,6646
2630,FIXES,2636
3413,CAUSED_BY,107
84,CAUSED_BY,90
3267,REQUIRES_DIAGNOSIS,3271
4390,FIXES,4393
40,REQUIRES_DIAGNOSIS,46
1357,FIXES,1361
2525,FIXES,2528
692,REQUIRES_DIAGNOSIS,696
2908,FIXES,2916
3877,CAUSED_BY,3882
1,EXHIBITS,4527
20,FIXES,24
1512,FIXES,4787
49,EXHIBITS,2297
277,FIXES,279
4451,FIXES,4450
232,REQUIRES_DIAGNOSIS,245
130,FIXES,134
20,FIXES,3178
2320,FIXES,2327
4263,CAUSED_BY,4267
2126,FIXES,2134
309,FIXES,321
3841,REQUIRES_DIAGNOSIS,3857
4178,FIXES,4176
692,CAUSED_BY,693
3481,FIXES,3478
2825,REQUIRES_DIAGNOSIS,2857
4532,CAUSED_BY,4533
6522,FIXES,6523
1595,FIXES,1611
1568,FIXES,1564
5781,REQUIRES_DIAGNOSIS,5795
5726,FIXES,5732
1951,FIXES,1952
2130,FIXES,2135
6847,FIXES,6851
1893,FIXES,1892
2898,REQUIRES_DIAGNOSIS,2932
3973,FIXES,3975
4564,FIXES,4561
1353,REQUIRES_DIAGNOSIS,1366
20,FIXES,6453
3721,FIXES,3722
3841,CAUSED_BY,3854
5969,FIXES,5975
211,REQUIRES_DIAGNOSIS,196
332,FIXES,3942
252,REQUIRES_DIAGNOSIS,259
438,FIXES,435
2226,FIXES,2233
473,FIXES,476
2203,FIXES,2214
4985,FIXES,4987
5925,FIXES,5924
5986,FIXES,5988
97,FIXES,138
1,EXHIBITS,460
5127,REQUIRES_DIAGNOSIS,5130
5836,REQUIRES_DIAGNOSIS,5846
1852,CAUSED_BY,1796
103,REQUIRES_DIAGNOSIS,93
2229,FIXES,2234
2472,FIXES,2473
462,FIXES,461
4330,CAUSED_BY,4363
2119,FIXES,2222
2902,FIXES,2909
4494,FIXES,4496
1658,CAUSED_BY,1663
1760,FIXES,1776
170,FIXES,1610
2437,FIXES,2436
271,FIXES,272
978,REQUIRES_DIAGNOSIS,985
3029,REQUIRES_DIAGNOSIS,3023
4412,FIXES,4411
1594,FIXES,1597
1483,REQUIRES_DIAGNOSIS,1490
119,EXHIBITS,6595
5114,CAUSED_BY,5115
6085,FIXES,6083
33,FIXES,35
2629,FIXES,2635
2308,FIXES,2335
3680,FIXES,3676
108,FIXES,5319
6107,FIXES,6112
3880,FIXES,3884
2106,FIXES,2102
19,FIXES,23
610,FIXES,609
2284,FIXES,2285
2205,FIXES,90
978,CAUSED_BY,982
4123,FIXES,4127
20,FIXES,3554
2319,FIXES,2326
4259,FIXES,4260
6493,FIXES,6497
49,EXHIBITS,3841
5088,FIXES,5087
2119,FIXES,2235
5286,REQUIRES_DIAGNOSIS,5292
6635,REQUIRES_DIAGNOSIS,6640
6284,CAUSED_BY,6289
3820,FIXES,3834
436,FIXES,2238
332,FIXES,2211
2357,FIXES,2364
6070,REQUIRES_DIAGNOSIS,6081
2907,FIXES,2917
49,EXHIBITS,6177
1765,FIXES,1747
969,REQUIRES_DIAGNOSIS,977
5338,REQUIRES_DIAGNOSIS,5346
2069,FIXES,64
5724,CAUSED_BY,90
5983,CAUSED_BY,5987
2229,FIXES,1321
1000,FIXES,999
5939,CAUSED_BY,5943
1607,REQUIRES_DIAGNOSIS,1615
2797,FIXES,4598
1227,FIXES,1235
2035,FIXES,2037
20,FIXES,6011
1,EXHIBITS,6313
6517,REQUIRES_DIAGNOSIS,6530
4693,FIXES,4694
6223,FIXES,6224
5784,FIXES,5794
2885,REQUIRES_DIAGNOSIS,2892
2249,FIXES,2261
2202,FIXES,2213
6664,REQUIRES_DIAGNOSIS,6668
5767,FIXES,5710
2223,FIXES,2238
969,CAUSED_BY,974
262,FIXES,2840
1748,FIXES,1747
2457,FIXES,2463
1,EXHIBITS,3051
4566,FIXES,4561
5673,CAUSED_BY,5678
6033,FIXES,6059
6296,FIXES,6299
4463,REQUIRES_DIAGNOSIS,4467
4891,FIXES,4889
1148,FIXES,1147
4425,CAUSED_BY,4426
5438,REQUIRES_DIAGNOSIS,5445
6093,FIXES,6092
2518,FIXES,2520
4218,CAUSED_BY,4221
5766,FIXES,5770
6111,REQUIRES_DIAGNOSIS,6120
4493,FIXES,4495
1,EXHIBITS,5387
4764,FIXES,22
2428,CAUSED_BY,2429
5070,FIXES,5069
1313,FIXES,1322
3079,FIXES,8
5438,CAUSED_BY,5442
1500,FIXES,1499
3879,FIXES,3883
2968,FIXES,318
6111,CAUSED_BY,6117
2173,FIXES,2174
18,FIXES,22
3081,REQUIRES_DIAGNOSIS,3089
4844,FIXES,4843
960,FIXES,959
5496,FIXES,5493
6572,REQUIRES_DIAGNOSIS,6578
4546,CAUSED_BY,4550
1224,REQUIRES_DIAGNOSIS,1237
5961,FIXES,4745
1,EXHIBITS,260
1,EXHIBITS,2246
20,FIXES,3930
6492,FIXES,6496
2248,FIXES,2247
4659,REQUIRES_DIAGNOSIS,4664
4308,CAUSED_BY,4313
1538,FIXES,1537
768,CAUSED_BY,771
6074,FIXES,6071
4209,FIXES,4206
2113,FIXES,2120
2512,FIXES,2511
5458,FIXES,62
4230,FIXES,4231
20,FIXES,5327
2130,FIXES,2177
20,FIXES,3112
1,EXHIBITS,5400
4489,REQUIRES_DIAGNOSIS,4500
6234,CAUSED_BY,6235
4236,CAUSED_BY,4241
2979,REQUIRES_DIAGNOSIS,2982
756,FIXES,755
879,REQUIRES_DIAGNOSIS,891
4349,REQUIRES_DIAGNOSIS,4355
5036,FIXES,3702
49,EXHIBITS,137
49,EXHIBITS,2123
28,REQUIRES_DIAGNOSIS,39
15,REQUIRES_DIAGNOSIS,27
2246,CAUSED_BY,2260
4519,FIXES,4528
6495,FIXES,6497
2965,CAUSED_BY,75
6177,REQUIRES_DIAGNOSIS,6185
6272,CAUSED_BY,6273
1768,FIXES,1774
4727,FIXES,4730
3322,FIXES,3320
1226,FIXES,1234
3637,REQUIRES_DIAGNOSIS,3651
2197,CAUSED_BY,90
5783,FIXES,5793
2526,FIXES,2529
2248,FIXES,2260
4679,REQUIRES_DIAGNOSIS,4678
4299,FIXES,4298
3697,CAUSED_BY,3702
5017,FIXES,5021
2199,FIXES,2207
3152,FIXES,3156
5458,FIXES,75
334,FIXES,342
3993,FIXES,6482
15,CAUSED_BY,24
3963,REQUIRES_DIAGNOSIS,3804
521,FIXES,519
276,CAUSED_BY,172
6177,CAUSED_BY,6182
3360,FIXES,3358
2231,FIXES,1321
472,FIXES,466
1751,FIXES,1774
5135,REQUIRES_DIAGNOSIS,5141
20,FIXES,4522
1,EXHIBITS,4824
20,FIXES,4293
3637,CAUSED_BY,3648
1229,FIXES,1235
1315,FIXES,29
6522,FIXES,6470
20,FIXES,3475
2424,FIXES,2422
5769,FIXES,5710
1625,FIXES,1627
3092,CAUSED_BY,2211
2807,FIXES,2810
5838,FIXES,5844
4005,REQUIRES_DIAGNOSIS,4012
1837,REQUIRES_DIAGNOSIS,1848
1312,FIXES,1321
1,EXHIBITS,4716
1086,FIXES,1091
6394,FIXES,6393
6743,FIXES,6744
1200,CAUSED_BY,1201
354,FIXES,356
6,FIXES,9
20,FIXES,3367
2734,FIXES,2744
1315,FIXES,1318
844,REQUIRES_DIAGNOSIS,846
472,FIXES,479
1837,CAUSED_BY,1845
4771,FIXES,4770
3255,FIXES,3256
3881,FIXES,3883
6628,CAUSED_BY,6629
1063,FIXES,1069
3757,REQUIRES_DIAGNOSIS,3764
4291,FIXES,4318
2718,CAUSED_BY,2722
3373,REQUIRES_DIAGNOSIS,3376
150,FIXES,152
160,REQUIRES_DIAGNOSIS,167
20,FIXES,4656
5939,REQUIRES_DIAGNOSIS,2645
371,FIXES,366
6784,FIXES,6783
6268,FIXES,6266
617,REQUIRES_DIAGNOSIS,623
4954,FIXES,4959
5941,FIXES,5944
49,EXHIBITS,3667
6139,REQUIRES_DIAGNOSIS,6149
2671,FIXES,2669
2486,FIXES,2520
6207,FIXES,6206
4734,REQUIRES_DIAGNOSIS,4739
2373,CAUSED_BY,2376
1,EXHIBITS,649
160,CAUSED_BY,164
2906,FIXES,2918
333,FIXES,341
1,EXHIBITS,6247
5739,CAUSED_BY,5749
936,FIXES,938
5622,CAUSED_BY,5623
3406,FIXES,3405
20,FIXES,2683
4639,REQUIRES_DIAGNOSIS,4648
5054,FIXES,5058
2827,FIXES,2830
105,EXHIBITS,4819
4226,CAUSED_BY,4232
5727,FIXES,5733
1431,FIXES,1322
20,FIXES,3851
1,EXHIBITS,1938
1,EXHIBITS,4153
558,FIXES,556
1624,FIXES,1626
282,REQUIRES_DIAGNOSIS,301
2444,FIXES,2446
468,FIXES,477
4546,REQUIRES_DIAGNOSIS,4551
5660,CAUSED_BY,5661
1297,FIXES,1304
6542,REQUIRES_DIAGNOSIS,6551
20,FIXES,4790
5440,FIXES,5443
3259,REQUIRES_DIAGNOSIS,3264
6098,REQUIRES_DIAGNOSIS,6103
3904,CAUSED_BY,3905
6462,FIXES,6469
688,FIXES,690
1317,FIXES,29
6057,FIXES,6056
5,FIXES,8
1,EXHIBITS,6260
157,FIXES,107
1723,FIXES,1728
20,FIXES,3743
5805,FIXES,5803
3687,CAUSED_BY,3693
471,FIXES,478
4811,CAUSED_BY,22
2477,REQUIRES_DIAGNOSIS,2482
451,CAUSED_BY,454
87,FIXES,90
2256,FIXES,2258
4620,REQUIRES_DIAGNOSIS,4627
276,REQUIRES_DIAGNOSIS,281
1397,REQUIRES_DIAGNOSIS,1400
2714,FIXES,2715
20,FIXES,3864
20,FIXES,4093
1,EXHIBITS,4395
5308,CAUSED_BY,5244
1624,FIXES,1639
5205,FIXES,5207
1317,FIXES,1318
4742,REQUIRES_DIAGNOSIS,4748
1215,FIXES,9
2877,REQUIRES_DIAGNOSIS,2883
1576,REQUIRES_DIAGNOSIS,1587
4661,FIXES,4662
474,FIXES,479
1413,FIXES,2234
1081,REQUIRES_DIAGNOSIS,1095
3965,FIXES,3968
5665,CAUSED_BY,5669
1595,FIXES,311
6288,FIXES,6290
682,FIXES,681
2400,FIXES,2401
2065,FIXES,2066
6006,REQUIRES_DIAGNOSIS,6013
5891,FIXES,5890
6645,REQUIRES_DIAGNOSIS,6651
127,REQUIRES_DIAGNOSIS,126
2705,FIXES,2728
2230,FIXES,2237
2516,CAUSED_BY,2521
5703,CAUSED_BY,5707
3888,REQUIRES_DIAGNOSIS,3894
1369,CAUSED_BY,1379
2438,FIXES,2439
1295,FIXES,1302
935,FIXES,937
4811,CAUSED_BY,4815
5393,CAUSED_BY,29
1247,FIXES,1253
3730,FIXES,3732
5131,REQUIRES_DIAGNOSIS,5134
2732,REQUIRES_DIAGNOSIS,2749
2130,FIXES,2124
6503,REQUIRES_DIAGNOSIS,6512
127,CAUSED_BY,123
3206,REQUIRES_DIAGNOSIS,3209
2898,REQUIRES_DIAGNOSIS,2921
2493,FIXES,2511
1357,FIXES,1363
608,REQUIRES_DIAGNOSIS,585
2908,FIXES,2918
3877,CAUSED_BY,3884
1686,REQUIRES_DIAGNOSIS,1673
4189,CAUSED_BY,4190
20,FIXES,4227
5901,REQUIRES_DIAGNOSIS,5907
1229,FIXES,3384
1161,CAUSED_BY,22
4480,CAUSED_BY,4481
4451,FIXES,4452
4813,FIXES,4815
1375,FIXES,1370
232,REQUIRES_DIAGNOSIS,247
2948,FIXES,2950
5449,REQUIRES_DIAGNOSIS,5446
1228,FIXES,1225
6426,FIXES,6427
20,FIXES,3180
4774,REQUIRES_DIAGNOSIS,4777
1,EXHIBITS,1267
5841,FIXES,5244
6476,CAUSED_BY,6481
1526,FIXES,311
105,EXHIBITS,5316
2126,FIXES,2136
3253,CAUSED_BY,3254
2808,FIXES,2805
3921,FIXES,3923
2858,CAUSED_BY,2859
309,FIXES,323
40,CAUSED_BY,45
3841,REQUIRES_DIAGNOSIS,3859
692,CAUSED_BY,695
1,EXHIBITS,2435
663,FIXES,666
1471,FIXES,1468
2012,FIXES,2014
1413,FIXES,1321
1595,FIXES,1613
5164,FIXES,5163
1523,REQUIRES_DIAGNOSIS,1532
5781,REQUIRES_DIAGNOSIS,5797
5726,FIXES,5734
1175,REQUIRES_DIAGNOSIS,1185
1951,FIXES,1954
3336,CAUSED_BY,3340
2861,FIXES,2872
1495,FIXES,36
3941,CAUSED_BY,3942
5802,REQUIRES_DIAGNOSIS,5822
2807,FIXES,2636
2167,CAUSED_BY,318
1353,REQUIRES_DIAGNOSIS,1368
2129,FIXES,2137
1,EXHIBITS,2556
5969,FIXES,5977
2226,FIXES,2235
5807,FIXES,5803
6031,FIXES,6065
6749,REQUIRES_DIAGNOSIS,6754
3338,FIXES,3340
5052,REQUIRES_DIAGNOSIS,5059
473,FIXES,478
4359,FIXES,4362
1523,CAUSED_BY,1529
5781,CAUSED_BY,5794
1175,CAUSED_BY,1182
4985,FIXES,4989
5972,FIXES,5974
5925,FIXES,5926
2006,FIXES,2005
1888,CAUSED_BY,1889
6542,REQUIRES_DIAGNOSIS,874
2359,FIXES,2899
72,FIXES,29
2229,FIXES,2236
6392,REQUIRES_DIAGNOSIS,6397
2472,FIXES,2475
462,FIXES,463
4330,CAUSED_BY,4365
2902,FIXES,2911
2901,FIXES,90
3539,REQUIRES_DIAGNOSIS,3546
4494,FIXES,4498
2466,CAUSED_BY,2467
1674,REQUIRES_DIAGNOSIS,1681
5302,FIXES,5300
170,FIXES,1612
5660,REQUIRES_DIAGNOSIS,5662
3997,REQUIRES_DIAGNOSIS,4003
2762,FIXES,2766
1594,FIXES,1599
5114,CAUSED_BY,5117
131,FIXES,129
54,FIXES,62
862,FIXES,864
1330,FIXES,22
276,CAUSED_BY,253
1691,REQUIRES_DIAGNOSIS,1694
4287,REQUIRES_DIAGNOSIS,4294
6676,FIXES,6675
1479,FIXES,1477
3845,FIXES,3849
4207,FIXES,4212
6552,REQUIRES_DIAGNOSIS,6556
217,REQUIRES_DIAGNOSIS,230
3687,REQUIRES_DIAGNOSIS,3694
4144,CAUSED_BY,4145
2334,CAUSED_BY,2341
4123,FIXES,4129
2319,FIXES,2328
384,FIXES,385
4220,FIXES,3702
1331,FIXES,4634
434,CAUSED_BY,439
6091,CAUSED_BY,6092
2119,FIXES,2237
3013,REQUIRES_DIAGNOSIS,2850
1042,REQUIRES_DIAGNOSIS,1045
20,FIXES,4953
1,EXHIBITS,825
5198,FIXES,5199
1387,FIXES,1434
5568,FIXES,5575
503,REQUIRES_DIAGNOSIS,509
1,EXHIBITS,6423
1119,FIXES,1121
2907,FIXES,2919
422,FIXES,423
1230,FIXES,1225
3958,FIXES,3960
5665,REQUIRES_DIAGNOSIS,5670
5338,REQUIRES_DIAGNOSIS,5348
5933,FIXES,5935
931,CAUSED_BY,938
665,FIXES,666
1607,REQUIRES_DIAGNOSIS,1617
4491,FIXES,4490
5763,FIXES,5771
5646,FIXES,5645
2249,FIXES,2263
1369,REQUIRES_DIAGNOSIS,1380
5728,FIXES,5734
1075,FIXES,1074
20,FIXES,2980
30,FIXES,29
262,FIXES,2842
5673,CAUSED_BY,5680
6033,FIXES,6061
4811,REQUIRES_DIAGNOSIS,4816
2172,FIXES,2132
6588,FIXES,6586
282,CAUSED_BY,289
4375,FIXES,4374
2051,FIXES,35
5438,REQUIRES_DIAGNOSIS,5447
2228,FIXES,2235
394,FIXES,3068
49,EXHIBITS,6192
5766,FIXES,5772
3933,REQUIRES_DIAGNOSIS,3940
2901,FIXES,2910
5029,FIXES,5015
6009,FIXES,6011
4361,FIXES,4362
4493,FIXES,4497
20,FIXES,5087
6322,FIXES,6321
881,FIXES,860
270,FIXES,273
4806,FIXES,4807
108,FIXES,99
6600,FIXES,6601
5804,FIXES,5810
5438,CAUSED_BY,5444
6409,FIXES,6412
6049,FIXES,6047
4,FIXES,8
2503,CAUSED_BY,2504
1512,FIXES,5999
2173,FIXES,2176
18,FIXES,24
1,EXHIBITS,5510
308,FIXES,311
2904,FIXES,2911
3081,REQUIRES_DIAGNOSIS,3091
3844,FIXES,3848
5967,REQUIRES_DIAGNOSIS,5978
105,EXHIBITS,5358
1224,REQUIRES_DIAGNOSIS,1239
3336,REQUIRES_DIAGNOSIS,3341
1,EXHIBITS,4463
1596,FIXES,1599
6492,FIXES,6498
899,FIXES,901
53,FIXES,2484
4659,REQUIRES_DIAGNOSIS,4666
768,CAUSED_BY,773
1721,CAUSED_BY,1722
4769,CAUSED_BY,124
2512,FIXES,2513
3911,CAUSED_BY,3915
251,EXHIBITS,1944
4489,REQUIRES_DIAGNOSIS,4502
2735,FIXES,2744
3847,FIXES,3849
20,FIXES,4282
3624,CAUSED_BY,3625
879,REQUIRES_DIAGNOSIS,893
2780,FIXES,2748
73,FIXES,75
2246,CAUSED_BY,2262
4659,CAUSED_BY,4663
5599,CAUSED_BY,5600
2965,CAUSED_BY,306
5267,REQUIRES_DIAGNOSIS,5269
6029,CAUSED_BY,6036
20,FIXES,3235
4934,FIXES,4937
6177,REQUIRES_DIAGNOSIS,6187
394,FIXES,398
1999,FIXES,1997
4885,FIXES,4884
3978,REQUIRES_DIAGNOSIS,4041
3369,FIXES,3370
3637,REQUIRES_DIAGNOSIS,3653
20,FIXES,6618
2324,FIXES,2325
1,EXHIBITS,6691
19,FIXES,1582
3327,CAUSED_BY,3328
6406,REQUIRES_DIAGNOSIS,6414
1177,FIXES,1183
2248,FIXES,2262
1107,FIXES,1105
1814,REQUIRES_DIAGNOSIS,1818
712,FIXES,710
4349,CAUSED_BY,4354
2199,FIXES,2209
2763,FIXES,2748
3152,FIXES,3158
5017,FIXES,5023
5608,FIXES,5609
1,EXHIBITS,5873
1,EXHIBITS,5644
2734,FIXES,2733
5921,FIXES,5919
4633,FIXES,4635
5342,FIXES,5351
712,FIXES,4093
3769,FIXES,3771
3041,CAUSED_BY,3042
4410,CAUSED_BY,4411
4062,CAUSED_BY,4064
1032,REQUIRES_DIAGNOSIS,1036
1200,REQUIRES_DIAGNOSIS,1206
6113,FIXES,6118
49,EXHIBITS,6797
5765,FIXES,5771
2169,FIXES,2174
750,FIXES,748
1814,CAUSED_BY,1815
664,FIXES,667
255,FIXES,256
1625,FIXES,1629
5566,REQUIRES_DIAGNOSIS,5576
5994,FIXES,5998
5116,FIXES,5118
1837,REQUIRES_DIAGNOSIS,1850
3711,FIXES,3708
20,FIXES,4645
1131,REQUIRES_DIAGNOSIS,1138
6034,FIXES,6030
1526,FIXES,1547
1032,CAUSED_BY,1033
6628,REQUIRES_DIAGNOSIS,6634
2736,FIXES,3030
4238,FIXES,4242
5768,FIXES,5772
354,FIXES,358
307,FIXES,310
1,EXHIBITS,3671
2297,CAUSED_BY,2298
1315,FIXES,1320
4911,FIXES,4917
1788,FIXES,1787
883,FIXES,860
6477,FIXES,6481
1,EXHIBITS,5068
5510,CAUSED_BY,5511
945,FIXES,948
20,FIXES,336
4556,FIXES,4554
49,EXHIBITS,6810
5983,REQUIRES_DIAGNOSIS,5990
1512,FIXES,6496
2740,FIXES,2765
6697,FIXES,6694
49,EXHIBITS,5992
4622,FIXES,698
1553,REQUIRES_DIAGNOSIS,1561
1648,CAUSED_BY,1649
2981,FIXES,2980
4136,FIXES,4135
4018,CAUSED_BY,4019
5519,FIXES,5520
1,EXHIBITS,759
5762,FIXES,5759
436,FIXES,2174
6784,FIXES,6785
2655,CAUSED_BY,2696
5739,REQUIRES_DIAGNOSIS,5754
468,FIXES,466
1202,FIXES,1205
4734,REQUIRES_DIAGNOSIS,4741
1553,CAUSED_BY,1558
3661,CAUSED_BY,3662
3679,FIXES,3681
409,FIXES,406
2782,FIXES,2748
365,REQUIRES_DIAGNOSIS,376
32,FIXES,44
263,FIXES,265
1,EXHIBITS,4263
1512,FIXES,6509
6674,REQUIRES_DIAGNOSIS,6679
4632,FIXES,4634
5739,CAUSED_BY,5751
617,CAUSED_BY,622
4153,CAUSED_BY,4159
4427,FIXES,4429
1,EXHIBITS,5202
4639,REQUIRES_DIAGNOSIS,4650
3614,FIXES,3609
4734,CAUSED_BY,4738
2256,FIXES,2247
436,FIXES,201
1208,CAUSED_BY,1212
5382,CAUSED_BY,5383
1179,FIXES,1183
1498,CAUSED_BY,1499
43,FIXES,35
20,FIXES,3853
3134,FIXES,1258
365,CAUSED_BY,373
1624,FIXES,1628
282,REQUIRES_DIAGNOSIS,303
2276,FIXES,2278
608,CAUSED_BY,612
1579,FIXES,1580
49,EXHIBITS,3911
5492,CAUSED_BY,5493
211,CAUSED_BY,212
591,FIXES,594
768,REQUIRES_DIAGNOSIS,774
1544,FIXES,1543
4718,FIXES,4717
20,FIXES,5021
3259,REQUIRES_DIAGNOSIS,3266
2186,CAUSED_BY,2187
353,FIXES,357
6234,REQUIRES_DIAGNOSIS,6238
5,FIXES,10
4179,FIXES,4181
1314,FIXES,1319
547,FIXES,543
2077,FIXES,2073
1917,FIXES,1916
6220,REQUIRES_DIAGNOSIS,6226
3665,REQUIRES_DIAGNOSIS,3652
1,EXHIBITS,1014
4652,CAUSED_BY,4655
1514,FIXES,2992
2256,FIXES,2260
4620,REQUIRES_DIAGNOSIS,4629
5880,FIXES,5878
6598,FIXES,6601
1992,FIXES,1989
98,FIXES,22
2013,FIXES,2014
49,EXHIBITS,2167
3530,FIXES,3532
4483,FIXES,4481
1149,FIXES,1150
1317,FIXES,1320
6505,FIXES,6504
1,EXHIBITS,3350
1576,REQUIRES_DIAGNOSIS,1589
5526,FIXES,5532
6637,FIXES,6670
1413,FIXES,2236
5961,FIXES,5031
40,REQUIRES_DIAGNOSIS,37
2477,CAUSED_BY,2481
4343,CAUSED_BY,435
1081,REQUIRES_DIAGNOSIS,1097
3243,FIXES,3242
4620,CAUSED_BY,4626
20,FIXES,3987
2400,FIXES,2403
5870,FIXES,5867
6006,REQUIRES_DIAGNOSIS,6015
4173,FIXES,4172
1,EXHIBITS,3471
1512,FIXES,1516
2320,FIXES,2318
743,FIXES,740
5077,CAUSED_BY,5082
5653,FIXES,5655
350,REQUIRES_DIAGNOSIS,359
5764,FIXES,5759
807,CAUSED_BY,810
3612,FIXES,3772
5538,REQUIRES_DIAGNOSIS,5543
3888,REQUIRES_DIAGNOSIS,3896
309,FIXES,312
5703,CAUSED_BY,5709
3177,CAUSED_BY,3180
1,EXHIBITS,4410
3391,FIXES,3390
3452,FIXES,3454
6819,CAUSED_BY,4176
3821,FIXES,3826
4413,FIXES,4416
5760,FIXES,5710
1247,FIXES,1255
1,EXHIBITS,3592
3843,FIXES,3855
2732,REQUIRES_DIAGNOSIS,2751
5068,CAUSED_BY,5072
6503,REQUIRES_DIAGNOSIS,6514
4029,FIXES,4028
6645,CAUSED_BY,6650
4378,FIXES,4379
2898,REQUIRES_DIAGNOSIS,2923
2493,FIXES,2513
4333,FIXES,4331
1402,REQUIRES_DIAGNOSIS,1410
5352,FIXES,5353
2908,FIXES,2920
350,CAUSED_BY,356
3035,REQUIRES_DIAGNOSIS,3023
2,CAUSED_BY,9
1005,REQUIRES_DIAGNOSIS,1010
3490,FIXES,3492
6374,FIXES,6379
2442,CAUSED_BY,242
3029,REQUIRES_DIAGNOSIS,3001
49,EXHIBITS,2301
4451,FIXES,4454
207,FIXES,205
232,REQUIRES_DIAGNOSIS,249
1,EXHIBITS,1498
1928,CAUSED_BY,1931
20,FIXES,3182
2580,CAUSED_BY,2581
6476,CAUSED_BY,6483
5419,CAUSED_BY,5420
3253,CAUSED_BY,3256
1855,FIXES,1858
3206,CAUSED_BY,3208
309,FIXES,325
3841,REQUIRES_DIAGNOSIS,3861
5158,FIXES,1204
2360,FIXES,2363
1,EXHIBITS,451
5178,FIXES,5177
6205,REQUIRES_DIAGNOSIS,6209
1153,REQUIRES_DIAGNOSIS,1158
3736,REQUIRES_DIAGNOSIS,3746
628,FIXES,631
1523,REQUIRES_DIAGNOSIS,1534
4239,FIXES,4237
5781,REQUIRES_DIAGNOSIS,5799
20,FIXES,1088
1175,REQUIRES_DIAGNOSIS,1187
6125,FIXES,6127
6094,FIXES,6095
6742,FIXES,6740
1,EXHIBITS,572
20,FIXES,41
4529,FIXES,4528
1526,FIXES,5803
3303,FIXES,3301
332,FIXES,3946
3414,FIXES,3405
4833,FIXES,4831
438,FIXES,439
2226,FIXES,2237
2337,FIXES,2341
6142,FIXES,6140
6749,REQUIRES_DIAGNOSIS,6756
3736,CAUSED_BY,3743
1,EXHIBITS,1511
2308,FIXES,2326
4330,REQUIRES_DIAGNOSIS,4370
5052,REQUIRES_DIAGNOSIS,5061
54,FIXES,51
4359,FIXES,4364
1523,CAUSED_BY,1531
6829,FIXES,6831
1175,CAUSED_BY,1184
5396,CAUSED_BY,5087
5014,CAUSED_BY,5020
5972,FIXES,5976
97,FIXES,142
2804,REQUIRES_DIAGNOSIS,2812
2123,REQUIRES_DIAGNOSIS,2147
3449,CAUSED_BY,3453
3642,FIXES,3638
978,CAUSED_BY,973
3315,FIXES,3316
3059,REQUIRES_DIAGNOSIS,3062
20,FIXES,3545
2229,FIXES,2238
6507,FIXES,6504
1824,FIXES,1825
4330,CAUSED_BY,4367
2902,FIXES,2913
3539,REQUIRES_DIAGNOSIS,3548
5660,REQUIRES_DIAGNOSIS,5664
1312,FIXES,1391
1674,REQUIRES_DIAGNOSIS,1683
4144,REQUIRES_DIAGNOSIS,4150
2129,FIXES,2152
5957,CAUSED_BY,5958
3820,FIXES,3825
5114,CAUSED_BY,5119
6085,FIXES,6087
5332,CAUSED_BY,107
49,EXHIBITS,5939
6091,REQUIRES_DIAGNOSIS,6097
54,FIXES,64
862,FIXES,866
2989,CAUSED_BY,2894
1514,FIXES,1516
4287,REQUIRES_DIAGNOSIS,4296
6107,FIXES,6116
6595,CAUSED_BY,6596
1166,FIXES,1169
3824,FIXES,3826
251,EXHIBITS,5650
610,FIXES,613
6676,FIXES,6677
1746,CAUSED_BY,1775
3845,FIXES,3851
3394,CAUSED_BY,45
3539,CAUSED_BY,3545
3687,REQUIRES_DIAGNOSIS,3696
3802,FIXES,3801
2617,REQUIRES_DIAGNOSIS,2621
6820,FIXES,6823
451,REQUIRES_DIAGNOSIS,457
1981,REQUIRES_DIAGNOSIS,1987
2334,CAUSED_BY,2343
1,EXHIBITS,6304
5415,FIXES,5413
4415,FIXES,4416
5334,FIXES,107
1869,CAUSED_BY,1870
717,REQUIRES_DIAGNOSIS,719
384,FIXES,387
4210,FIXES,4211
2055,FIXES,2059
1805,FIXES,1804
262,FIXES,2831
2457,FIXES,2454
3217,CAUSED_BY,3218
5230,REQUIRES_DIAGNOSIS,5234
592,FIXES,589
1387,FIXES,1436
2525,FIXES,2211
105,EXHIBITS,4876
2617,CAUSED_BY,2618
1,EXHIBITS,6196
5665,REQUIRES_DIAGNOSIS,5672
882,FIXES,880
6294,CAUSED_BY,4237
3610,FIXES,3615
3561,FIXES,3562
1,EXHIBITS,5149
1834,FIXES,5676
4121,REQUIRES_DIAGNOSIS,4130
1000,FIXES,1003
5230,CAUSED_BY,5231
665,FIXES,668
1607,REQUIRES_DIAGNOSIS,1619
5077,REQUIRES_DIAGNOSIS,5083
2655,CAUSED_BY,2656
2739,FIXES,2785
3020,REQUIRES_DIAGNOSIS,3023
5763,FIXES,5773
1511,REQUIRES_DIAGNOSIS,1518
807,REQUIRES_DIAGNOSIS,811
1542,CAUSED_BY,1531
4358,FIXES,4363
4772,FIXES,124
1369,REQUIRES_DIAGNOSIS,1382
4519,FIXES,76
6351,REQUIRES_DIAGNOSIS,6355
1467,REQUIRES_DIAGNOSIS,1474
2075,FIXES,2073
5971,FIXES,5975
2431,FIXES,2433
1,EXHIBITS,3284
3613,FIXES,3616
262,FIXES,2844
1,EXHIBITS,5270
5673,CAUSED_BY,5682
6033,FIXES,6063
6313,CAUSED_BY,6314
4811,REQUIRES_DIAGNOSIS,4818
5574,FIXES,5575
282,CAUSED_BY,291
572,CAUSED_BY,578
4121,CAUSED_BY,4127
6609,FIXES,6613
557,FIXES,565
3776,REQUIRES_DIAGNOSIS,3784
20,FIXES,1706
2228,FIXES,2237
1563,REQUIRES_DIAGNOSIS,1572
2901,FIXES,2912
1901,FIXES,1915
4361,FIXES,4364
4604,FIXES,4603
20,FIXES,3103
6351,CAUSED_BY,6352
381,FIXES,379
221,FIXES,222
5070,FIXES,5073
235,FIXES,238
6084,FIXES,6086
1,EXHIBITS,6559
4419,REQUIRES_DIAGNOSIS,4424
2221,REQUIRES_DIAGNOSIS,2241
5804,FIXES,5812
4898,FIXES,6723
3776,CAUSED_BY,3781
1563,CAUSED_BY,1569
2231,FIXES,2238
4,FIXES,10
305,CAUSED_BY,323
308,FIXES,313
1116,FIXES,1115
2904,FIXES,2913
3844,FIXES,3850
4844,FIXES,4847
5967,REQUIRES_DIAGNOSIS,5980
2631,FIXES,2635
1224,REQUIRES_DIAGNOSIS,1241
1226,FIXES,1225
3336,REQUIRES_DIAGNOSIS,3343
3793,CAUSED_BY,3794
21,FIXES,23
383,FIXES,386
6029,REQUIRES_DIAGNOSIS,6041
2199,FIXES,2198
332,FIXES,3638
2075,FIXES,2207
3639,FIXES,3649
2107,FIXES,2102
1046,CAUSED_BY,1055
2735,FIXES,2746
3129,FIXES,3128
3847,FIXES,3851
2301,CAUSED_BY,2302
879,REQUIRES_DIAGNOSIS,895
4957,FIXES,4958
2246,CAUSED_BY,2264
1411,CAUSED_BY,1415
5599,CAUSED_BY,5602
6029,CAUSED_BY,6038
6438,FIXES,4745
20,FIXES,3237
2544,CAUSED_BY,2545
394,FIXES,400
4967,FIXES,44
1277,FIXES,1271
6535,FIXES,6533
5062,REQUIRES_DIAGNOSIS,5066
4062,REQUIRES_DIAGNOSIS,4069
3978,REQUIRES_DIAGNOSIS,4043
3727,REQUIRES_DIAGNOSIS,3734
4537,FIXES,4539
2672,FIXES,2674
1536,REQUIRES_DIAGNOSIS,1540
3637,REQUIRES_DIAGNOSIS,3655
839,REQUIRES_DIAGNOSIS,842
1767,FIXES,1747
1,EXHIBITS,4707
5556,FIXES,5561
1086,FIXES,1082
2510,REQUIRES_DIAGNOSIS,2514
4679,REQUIRES_DIAGNOSIS,4682
1814,REQUIRES_DIAGNOSIS,1820
5970,FIXES,5974
411,FIXES,413
2199,FIXES,2211
1,EXHIBITS,1674
4205,REQUIRES_DIAGNOSIS,4215
4968,FIXES,4972
5267,CAUSED_BY,5268
5225,FIXES,5227
1492,CAUSED_BY,201
3179,FIXES,3211
1,EXHIBITS,2613
3673,FIXES,3672
20,FIXES,96
1536,CAUSED_BY,1537
1507,FIXES,1508
5765,FIXES,5773
1750,FIXES,1747
4346,FIXES,4347
234,FIXES,233
664,FIXES,669
1715,FIXES,1710
5973,FIXES,5975
1625,FIXES,1631
49,EXHIBITS,3766
5566,REQUIRES_DIAGNOSIS,5578
5826,FIXES,5830
5994,FIXES,6000
5510,REQUIRES_DIAGNOSIS,5516
5415,FIXES,6273
1131,REQUIRES_DIAGNOSIS,1140
1526,FIXES,1549
2246,CAUSED_BY,412
1200,CAUSED_BY,1205
3549,CAUSED_BY,3550
2565,REQUIRES_DIAGNOSIS,2569
4931,REQUIRES_DIAGNOSIS,4941
6098,CAUSED_BY,6102
307,FIXES,312
156,REQUIRES_DIAGNOSIS,109
1315,FIXES,1322
2313,REQUIRES_DIAGNOSIS,2316
5593,FIXES,5588
1788,FIXES,1789
620,FIXES,622
4503,REQUIRES_DIAGNOSIS,4509
2553,FIXES,29
6477,FIXES,6483
20,FIXES,338
2655,REQUIRES_DIAGNOSIS,2701
2906,FIXES,2909
3300,REQUIRES_DIAGNOSIS,3305
70,CAUSED_BY,76
1501,FIXES,1499
1512,FIXES,6498
2740,FIXES,2767
2871,FIXES,2872
1,EXHIBITS,1808
1,EXHIBITS,4023
2351,REQUIRES_DIAGNOSIS,2354
4931,CAUSED_BY,4938
4832,FIXES,4831
3345,CAUSED_BY,3346
4793,FIXES,107
4846,FIXES,4847
2010,CAUSED_BY,2014
2653,FIXES,2636
2633,FIXES,2635
20,FIXES,2674
3641,FIXES,3645
1387,FIXES,1370
1808,REQUIRES_DIAGNOSIS,1813
49,EXHIBITS,2732
436,FIXES,2176
6075,FIXES,6071
5739,REQUIRES_DIAGNOSIS,5756
20,FIXES,3842
1,EXHIBITS,4144
1984,FIXES,1982
2471,FIXES,2484
3383,CAUSED_BY,3384
4536,FIXES,4538
3766,CAUSED_BY,3772
2671,FIXES,2673
881,FIXES,783
1,EXHIBITS,2868
1498,REQUIRES_DIAGNOSIS,1504
6489,EXHIBITS,6490
108,FIXES,22
3644,FIXES,3646
410,FIXES,412
2128,FIXES,2132
1431,FIXES,1434
5763,FIXES,5707
284,FIXES,292
151,FIXES,76
1281,REQUIRES_DIAGNOSIS,1292
3406,FIXES,3409
3818,CAUSED_BY,3826
20,FIXES,2916
1,EXHIBITS,2989
825,CAUSED_BY,826
1769,FIXES,1747
1,EXHIBITS,6372
761,FIXES,760
20,FIXES,3855
6610,FIXES,6608
1624,FIXES,1630
3084,FIXES,3082
4105,FIXES,4104
6168,REQUIRES_DIAGNOSIS,6174
3438,CAUSED_BY,3439
5788,FIXES,5794
20,FIXES,5023
3955,REQUIRES_DIAGNOSIS,3962
5080,FIXES,5082
863,FIXES,880
2321,FIXES,2247
2505,FIXES,2507
2186,CAUSED_BY,2189
672,REQUIRES_DIAGNOSIS,675
2204,FIXES,2208
2797,FIXES,2792
1752,FIXES,1747
6057,FIXES,6060
1,EXHIBITS,2292
6227,CAUSED_BY,6231
2647,REQUIRES_DIAGNOSIS,2650
1314,FIXES,1321
5895,REQUIRES_DIAGNOSIS,5900
2774,FIXES,2773
909,FIXES,908
2795,FIXES,2798
1917,FIXES,1918
446,REQUIRES_DIAGNOSIS,449
1,EXHIBITS,1245
3760,FIXES,3758
17,FIXES,16
2797,FIXES,2913
1369,CAUSED_BY,1370
4819,CAUSED_BY,4796
52,FIXES,57
1623,FIXES,1582
2013,FIXES,2016
3530,FIXES,3534
1317,FIXES,1322
1515,FIXES,22
3270,FIXES,3268
5518,FIXES,5521
6460,REQUIRES_DIAGNOSIS,6472
1576,REQUIRES_DIAGNOSIS,1591
3751,FIXES,3748
49,EXHIBITS,5323
1459,REQUIRES_DIAGNOSIS,1465
1413,FIXES,2238
1357,FIXES,1354
3177,REQUIRES_DIAGNOSIS,3185
3272,CAUSED_BY,3273
2908,FIXES,2909
4246,CAUSED_BY,4247
4803,REQUIRES_DIAGNOSIS,4809
6734,FIXES,6733
2442,CAUSED_BY,2446
6218,FIXES,6216
2400,FIXES,2405
3353,FIXES,3354
2900,FIXES,2919
4582,FIXES,4585
332,FIXES,3693
1285,FIXES,1282
3430,CAUSED_BY,76
4834,FIXES,4831
3678,FIXES,3682
1668,FIXES,1670
2273,FIXES,2272
5856,FIXES,5857
436,FIXES,687
350,REQUIRES_DIAGNOSIS,361
2975,CAUSED_BY,2976
3643,FIXES,3645
3978,REQUIRES_DIAGNOSIS,3977
5703,CAUSED_BY,5711
1459,CAUSED_BY,1462
309,FIXES,314
2417,FIXES,2418
3177,CAUSED_BY,3182
155,CAUSED_BY,107
3888,REQUIRES_DIAGNOSIS,3898
3420,CAUSED_BY,3421
1,EXHIBITS,211
2825,REQUIRES_DIAGNOSIS,2850
3391,FIXES,3392
2103,FIXES,2108
6016,CAUSED_BY,6021
3821,FIXES,3828
1939,FIXES,35
3413,REQUIRES_DIAGNOSIS,3418
1247,FIXES,1257
6503,REQUIRES_DIAGNOSIS,6516
2732,REQUIRES_DIAGNOSIS,2753
4058,CAUSED_BY,4059
2630,FIXES,2642
2861,FIXES,2863
2907,FIXES,90
2898,REQUIRES_DIAGNOSIS,2925
2095,FIXES,2091
350,CAUSED_BY,358
3171,REQUIRES_DIAGNOSIS,3176
1,EXHIBITS,4762
20,FIXES,4231
1005,REQUIRES_DIAGNOSIS,1012
5607,FIXES,5605
5765,FIXES,5707
6621,FIXES,6618
1878,FIXES,1879
590,FIXES,595
4764,FIXES,4766
1928,CAUSED_BY,1933
20,FIXES,3184
5007,FIXES,5005
2203,FIXES,2207
193,FIXES,195
680,CAUSED_BY,681
2360,FIXES,2365
1471,FIXES,1472
1648,REQUIRES_DIAGNOSIS,1652
2411,FIXES,2409
49,EXHIBITS,4639
3366,REQUIRES_DIAGNOSIS,3372
4018,REQUIRES_DIAGNOSIS,4022
1153,REQUIRES_DIAGNOSIS,1160
2739,FIXES,75
920,FIXES,918
5781,REQUIRES_DIAGNOSIS,5801
4967,FIXES,4313
5724,REQUIRES_DIAGNOSIS,5735
3891,FIXES,3892
5014,REQUIRES_DIAGNOSIS,5025
5790,FIXES,5794
3941,CAUSED_BY,3946
4330,CAUSED_BY,4356
6777,FIXES,6779
2323,FIXES,2247
689,FIXES,690
2206,FIXES,2208
3404,REQUIRES_DIAGNOSIS,3410
6687,CAUSED_BY,6688
4679,CAUSED_BY,2869
2797,FIXES,6443
6010,FIXES,6007
4034,FIXES,4038
2337,FIXES,2343
4084,CAUSED_BY,4092
4330,REQUIRES_DIAGNOSIS,4372
2308,FIXES,2328
4359,FIXES,4366
6107,FIXES,6105
48,HAS_EQUIPMENT,49
1948,FIXES,1468
4996,REQUIRES_DIAGNOSIS,5001
3131,REQUIRES_DIAGNOSIS,3136
5014,CAUSED_BY,5022
1076,FIXES,1079
2029,FIXES,2028
1276,FIXES,1268
2123,REQUIRES_DIAGNOSIS,2149
4037,FIXES,4039
5382,REQUIRES_DIAGNOSIS,5386
3689,FIXES,3692
4280,FIXES,4278
1444,CAUSED_BY,1445
5027,CAUSED_BY,5030
2902,FIXES,2915
4147,FIXES,4149
20,FIXES,2729
1312,FIXES,1393
1674,REQUIRES_DIAGNOSIS,1685
5302,FIXES,5304
2129,FIXES,2154
6276,FIXES,6278
3820,FIXES,3827
2334,REQUIRES_DIAGNOSIS,2348
4570,FIXES,4569
1014,CAUSED_BY,921
1287,FIXES,1282
103,CAUSED_BY,96
2308,FIXES,2341
882,FIXES,869
862,FIXES,868
3680,FIXES,3682
3904,REQUIRES_DIAGNOSIS,3910
49,EXHIBITS,3955
6050,FIXES,6052
6107,FIXES,6118
3824,FIXES,3828
4660,FIXES,4213
19,FIXES,29
2004,REQUIRES_DIAGNOSIS,2008
3845,FIXES,3853
192,FIXES,190
2965,REQUIRES_DIAGNOSIS,2970
575,FIXES,578
6456,REQUIRES_DIAGNOSIS,6459
451,REQUIRES_DIAGNOSIS,459
2188,FIXES,2190
4297,CAUSED_BY,4302
1231,FIXES,1398
1357,FIXES,107
6070,CAUSED_BY,6071
2501,FIXES,2500
4210,FIXES,4213
5806,FIXES,5816
262,FIXES,2833
20,FIXES,2742
2760,REQUIRES_DIAGNOSIS,2769
1,EXHIBITS,829
49,EXHIBITS,3029
1567,FIXES,1569
6519,FIXES,6523
53,FIXES,2462
467,FIXES,475
1155,FIXES,22
4254,FIXES,2985
3610,FIXES,3617
1073,CAUSED_BY,1078
49,EXHIBITS,3150
4121,REQUIRES_DIAGNOSIS,4132
5230,CAUSED_BY,5233
1607,REQUIRES_DIAGNOSIS,1621
3020,REQUIRES_DIAGNOSIS,3025
1,EXHIBITS,6319
1556,FIXES,1554
3665,CAUSED_BY,3666
1511,REQUIRES_DIAGNOSIS,1520
4358,FIXES,4365
4691,REQUIRES_DIAGNOSIS,4697
859,CAUSED_BY,783
470,FIXES,476
1075,FIXES,1078
2793,FIXES,2798
3296,FIXES,2233
3613,FIXES,3618
262,FIXES,2846
6033,FIXES,6065
1678,FIXES,1675
2125,FIXES,2175
282,CAUSED_BY,293
4103,REQUIRES_DIAGNOSIS,4108
572,CAUSED_BY,580
4121,CAUSED_BY,4129
6588,FIXES,6590
1,EXHIBITS,6669
1623,FIXES,1637
1956,FIXES,1955
20,FIXES,3923
6542,CAUSED_BY,6543
1563,REQUIRES_DIAGNOSIS,1574
1461,FIXES,1463
4691,CAUSED_BY,4694
2901,FIXES,2914
3813,CAUSED_BY,3814
4361,FIXES,4366
20,FIXES,5320
1,EXHIBITS,5622
1,EXHIBITS,5393
2049,REQUIRES_DIAGNOSIS,2045
3793,REQUIRES_DIAGNOSIS,3799
221,FIXES,224
1337,REQUIRES_DIAGNOSIS,1348
2704,FIXES,2703
3691,FIXES,3688
1,EXHIBITS,6790
235,FIXES,240
2221,REQUIRES_DIAGNOSIS,2243
5804,FIXES,5814
429,FIXES,426
1513,FIXES,1517
332,FIXES,3748
3677,FIXES,3676
4716,CAUSED_BY,4720
1563,CAUSED_BY,1571
6049,FIXES,6051
788,CAUSED_BY,75
2503,CAUSED_BY,2508
4519,FIXES,6736
305,CAUSED_BY,325
2904,FIXES,2915
539,FIXES,536
20,FIXES,2997
1944,REQUIRES_DIAGNOSIS,1533
3787,FIXES,3786
3844,FIXES,3852
5652,FIXES,5651
5967,REQUIRES_DIAGNOSIS,5982
1224,REQUIRES_DIAGNOSIS,1243
1332,FIXES,22
6827,REQUIRES_DIAGNOSIS,6834
1191,FIXES,1190
4419,CAUSED_BY,4423
105,EXHIBITS,114
1721,CAUSED_BY,1726
4209,FIXES,4212
6029,REQUIRES_DIAGNOSIS,6043
4610,REQUIRES_DIAGNOSIS,4617
6074,FIXES,6077
334,FIXES,335
3202,CAUSED_BY,3203
3173,FIXES,3174
20,FIXES,5333
1,EXHIBITS,3420
1356,FIXES,1361
2735,FIXES,2748
2658,FIXES,5842
3847,FIXES,3853
2602,CAUSED_BY,2603
1,EXHIBITS,2602
3624,CAUSED_BY,3629
3739,FIXES,6723
4403,FIXES,4402
4957,FIXES,4960
5675,FIXES,5683
3552,FIXES,3550
20,FIXES,3468
6029,CAUSED_BY,6040
3449,REQUIRES_DIAGNOSIS,3456
782,FIXES,435
3365,EXHIBITS,3675
4014,FIXES,242
5883,FIXES,5885
1999,FIXES,2001
4410,REQUIRES_DIAGNOSIS,4418
5838,FIXES,5837
3978,REQUIRES_DIAGNOSIS,4045
5556,FIXES,5563
3480,FIXES,3478
31,FIXES,76
5151,FIXES,5150
1189,REQUIRES_DIAGNOSIS,1219
1107,FIXES,1109
1469,FIXES,1472
469,FIXES,475
6029,REQUIRES_DIAGNOSIS,4070
5970,FIXES,5976
2199,FIXES,2213
1,EXHIBITS,5877
4205,REQUIRES_DIAGNOSIS,4217
1315,FIXES,1311
2399,FIXES,2402
4563,FIXES,4561
3179,FIXES,3213
3245,REQUIRES_DIAGNOSIS,3252
1,EXHIBITS,4830
6190,FIXES,6189
1837,CAUSED_BY,1838
3549,REQUIRES_DIAGNOSIS,3555
1127,CAUSED_BY,1128
436,FIXES,2044
437,FIXES,435
795,REQUIRES_DIAGNOSIS,797
4175,REQUIRES_DIAGNOSIS,4182
4679,CAUSED_BY,4681
1063,FIXES,1062
3488,REQUIRES_DIAGNOSIS,3495
5973,FIXES,5977
1625,FIXES,1633
1756,FIXES,1775
3386,FIXES,3384
220,FIXES,223
689,FIXES,866
1,EXHIBITS,2965
2127,FIXES,2175
3711,FIXES,3712
6579,CAUSED_BY,6580
1545,FIXES,1548
3245,CAUSED_BY,3249
4931,REQUIRES_DIAGNOSIS,4943
2450,FIXES,2448
5223,REQUIRES_DIAGNOSIS,5228
53,FIXES,2154
4888,REQUIRES_DIAGNOSIS,4893
2471,FIXES,2473
3488,CAUSED_BY,3492
3092,REQUIRES_DIAGNOSIS,3105
1515,FIXES,5943
2613,REQUIRES_DIAGNOSIS,2616
5449,CAUSED_BY,5451
252,CAUSED_BY,253
5510,CAUSED_BY,5515
20,FIXES,340
2906,FIXES,2911
3300,REQUIRES_DIAGNOSIS,3307
105,EXHIBITS,4691
1808,CAUSED_BY,1570
5037,FIXES,5038
32,FIXES,35
1,EXHIBITS,6240
844,CAUSED_BY,435
2491,CAUSED_BY,2492
1341,FIXES,1344
20,FIXES,1508
6697,FIXES,6698
1355,FIXES,1360
4669,FIXES,4635
4484,FIXES,4486
2010,CAUSED_BY,2016
2651,REQUIRES_DIAGNOSIS,2654
555,REQUIRES_DIAGNOSIS,568
2119,FIXES,2175
3013,REQUIRES_DIAGNOSIS,3017
4136,FIXES,4139
6807,FIXES,6808
3971,CAUSED_BY,3975
6836,CAUSED_BY,6837
20,FIXES,4662
1,EXHIBITS,763
3641,FIXES,3647
6124,FIXES,6126
6476,CAUSED_BY,3991
2204,FIXES,90
371,FIXES,372
465,REQUIRES_DIAGNOSIS,493
518,CAUSED_BY,524
640,FIXES,638
2737,FIXES,2748
1483,CAUSED_BY,1484
5852,CAUSED_BY,5853
803,REQUIRES_DIAGNOSIS,806
3644,FIXES,3648
410,FIXES,414
2128,FIXES,2134
1431,FIXES,1436
4967,FIXES,4973
2068,REQUIRES_DIAGNOSIS,2071
284,FIXES,294
3517,FIXES,3515
819,FIXES,818
3818,CAUSED_BY,3828
2705,FIXES,2708
20,FIXES,2918
1,EXHIBITS,1005
1841,FIXES,1844
6782,REQUIRES_DIAGNOSIS,6788
5863,FIXES,3435
332,FIXES,6823
4984,FIXES,4986
20,FIXES,4086
1,EXHIBITS,4388
6519,FIXES,6470
3432,FIXES,3431
1624,FIXES,1632
2647,CAUSED_BY,2636
5766,FIXES,5710
4134,CAUSED_BY,4135
1317,FIXES,1311
6575,FIXES,6573
6168,REQUIRES_DIAGNOSIS,6176
4710,FIXES,4708
924,REQUIRES_DIAGNOSIS,930
1544,FIXES,1547
4718,FIXES,4721
3867,FIXES,3869
4035,FIXES,4039
4163,REQUIRES_DIAGNOSIS,4166
6057,FIXES,6062
98,FIXES,134
652,FIXES,655
53,FIXES,315
2400,FIXES,2394
151,FIXES,6736
2774,FIXES,2775
4492,FIXES,4495
2791,CAUSED_BY,76
3795,FIXES,3797
122,FIXES,76
1161,CAUSED_BY,1170
6517,CAUSED_BY,6524
1495,FIXES,1881
924,CAUSED_BY,927
1907,REQUIRES_DIAGNOSIS,1927
2797,FIXES,2915
2885,CAUSED_BY,2886
263,FIXES,2847
5326,FIXES,5324
2021,CAUSED_BY,2022
1,EXHIBITS,4401
1992,FIXES,1993
1,EXHIBITS,2186
686,CAUSED_BY,690
4878,FIXES,4880
2013,FIXES,2018
4483,FIXES,4485
3150,REQUIRES_DIAGNOSIS,3167
1247,FIXES,1246
912,FIXES,911
4660,FIXES,4644
3640,FIXES,3646
6460,REQUIRES_DIAGNOSIS,6474
5498,CAUSED_BY,5499
84,CAUSED_BY,85
2887,FIXES,2886
515,FIXES,511
4605,FIXES,4606
4196,FIXES,4195
2908,FIXES,2911
1161,REQUIRES_DIAGNOSIS,1334
4246,CAUSED_BY,4249
2030,FIXES,2031
6734,FIXES,6735
5263,REQUIRES_DIAGNOSIS,5266
6386,FIXES,6388
4521,FIXES,4523
130,FIXES,129
20,FIXES,5388
86,FIXES,314
835,REQUIRES_DIAGNOSIS,837
743,FIXES,744
350,REQUIRES_DIAGNOSIS,363
3643,FIXES,3647
3888,REQUIRES_DIAGNOSIS,3900
309,FIXES,316
1430,FIXES,1435
3177,CAUSED_BY,3184
2483,REQUIRES_DIAGNOSIS,2490
3078,FIXES,3077
2825,REQUIRES_DIAGNOSIS,2852
6016,CAUSED_BY,6023
3821,FIXES,3830
6522,FIXES,6518
2553,FIXES,2985
6438,FIXES,5031
18,FIXES,96
2732,REQUIRES_DIAGNOSIS,2755
6847,FIXES,6846
4654,FIXES,4635
4023,CAUSED_BY,4024
3461,REQUIRES_DIAGNOSIS,3465
3841,CAUSED_BY,3849
49,EXHIBITS,2305
139,FIXES,99
6819,REQUIRES_DIAGNOSIS,6825
1181,FIXES,1183
1928,CAUSED_BY,1935
3359,FIXES,3358
1863,FIXES,1902
2203,FIXES,2209
6196,CAUSED_BY,6126
5802,CAUSED_BY,5812
1798,FIXES,1796
5334,FIXES,5333
1018,FIXES,921
5579,REQUIRES_DIAGNOSIS,5586
49,EXHIBITS,2655
6521,FIXES,6470
4084,REQUIRES_DIAGNOSIS,4097
6452,FIXES,6453
5768,FIXES,5710
4239,FIXES,4241
5769,FIXES,5771
3739,FIXES,3758
5724,REQUIRES_DIAGNOSIS,5737
4749,CAUSED_BY,4750
2533,FIXES,2532
4944,REQUIRES_DIAGNOSIS,4949
3507,FIXES,3506
795,CAUSED_BY,435
2206,FIXES,2210
6742,FIXES,6744
3404,REQUIRES_DIAGNOSIS,3412
2721,FIXES,4948
1624,FIXES,35
1888,REQUIRES_DIAGNOSIS,1898
4034,FIXES,4040
2337,FIXES,2345
5739,CAUSED_BY,5676
4359,FIXES,4368
5410,FIXES,5409
4996,REQUIRES_DIAGNOSIS,5003
2076,FIXES,2078
3066,FIXES,29
1,EXHIBITS,5127
20,FIXES,6811
1,EXHIBITS,697
3845,FIXES,3842
1276,FIXES,1270
49,EXHIBITS,2668
6647,FIXES,6653
2386,REQUIRES_DIAGNOSIS,2391
4123,FIXES,4122
103,REQUIRES_DIAGNOSIS,101
5841,FIXES,5842
1,EXHIBITS,1865
4005,CAUSED_BY,4006
5427,REQUIRES_DIAGNOSIS,5436
6595,REQUIRES_DIAGNOSIS,6603
3628,FIXES,3630
5375,CAUSED_BY,5379
4642,FIXES,4643
2797,FIXES,3533
2902,FIXES,2917
2814,CAUSED_BY,2820
2466,CAUSED_BY,2473
2772,REQUIRES_DIAGNOSIS,2776
5151,FIXES,5231
5783,FIXES,1908
49,EXHIBITS,5004
6276,FIXES,6280
3820,FIXES,3829
436,FIXES,2233
4871,FIXES,4870
204,CAUSED_BY,208
3747,REQUIRES_DIAGNOSIS,3754
1431,FIXES,1370
132,FIXES,129
2907,FIXES,2912
4680,FIXES,4681
5427,CAUSED_BY,5433
140,FIXES,142
2499,REQUIRES_DIAGNOSIS,2502
80,REQUIRES_DIAGNOSIS,79
1,EXHIBITS,5369
3935,FIXES,3934
3845,FIXES,3855
575,FIXES,580
2560,REQUIRES_DIAGNOSIS,2559
6517,REQUIRES_DIAGNOSIS,6525
5415,FIXES,5417
2188,FIXES,2192
4297,CAUSED_BY,4304
2202,FIXES,2208
5785,FIXES,5793
1353,CAUSED_BY,1320
4819,REQUIRES_DIAGNOSIS,4799
1005,CAUSED_BY,973
2223,FIXES,2233
2153,FIXES,2155
5301,FIXES,2956
20,FIXES,2973
20,FIXES,4959
262,FIXES,2835
20,FIXES,2744
2760,REQUIRES_DIAGNOSIS,2771
1,EXHIBITS,3046
3217,CAUSED_BY,3222
119,EXHIBITS,4859
2965,CAUSED_BY,2969
557,FIXES,556
20,FIXES,3912
53,FIXES,2464
467,FIXES,477
3396,FIXES,3395
6114,FIXES,6112
6456,CAUSED_BY,6458
882,FIXES,884
4246,REQUIRES_DIAGNOSIS,4250
4493,FIXES,4490
1,EXHIBITS,5382
4578,CAUSED_BY,4585
6536,FIXES,6538
3020,REQUIRES_DIAGNOSIS,3027
5804,FIXES,5803
1511,REQUIRES_DIAGNOSIS,1522
4358,FIXES,4367
2971,REQUIRES_DIAGNOSIS,2974
1771,FIXES,1774
3879,FIXES,3878
470,FIXES,478
6016,REQUIRES_DIAGNOSIS,6024
1,EXHIBITS,1073
262,FIXES,2848
1579,FIXES,3157
5103,REQUIRES_DIAGNOSIS,5107
2125,FIXES,2177
282,CAUSED_BY,295
1283,FIXES,1282
1297,FIXES,439
3291,FIXES,3289
5441,FIXES,5450
3051,CAUSED_BY,3056
1623,FIXES,1639
6492,FIXES,6491
4824,CAUSED_BY,4825
4036,FIXES,4040
5997,FIXES,5999
2901,FIXES,2916
2553,FIXES,2798
2075,FIXES,2198
4361,FIXES,4368
1754,FIXES,1774
6032,FIXES,6040
2049,REQUIRES_DIAGNOSIS,2047
6304,CAUSED_BY,6308
5265,FIXES,5264
1669,FIXES,1667
4265,FIXES,4267
87,FIXES,272
200,FIXES,201
4851,REQUIRES_DIAGNOSIS,4858
5094,REQUIRES_DIAGNOSIS,5097
332,FIXES,4797
3847,FIXES,3842
221,FIXES,226
1337,REQUIRES_DIAGNOSIS,1350
1928,REQUIRES_DIAGNOSIS,1936
1595,FIXES,372
6287,FIXES,6290
235,FIXES,242
4103,CAUSED_BY,4107
1,EXHIBITS,147
1623,FIXES,1531
2221,REQUIRES_DIAGNOSIS,2245
6035,FIXES,6037
1542,CAUSED_BY,1548
4519,FIXES,4523
2904,FIXES,2917
3844,FIXES,3854
998,CAUSED_BY,1003
6257,FIXES,6255
1855,FIXES,6105
3822,FIXES,3829
31,FIXES,65
2324,FIXES,2318
1,EXHIBITS,4698
1177,FIXES,1176
177,FIXES,179
2526,FIXES,2524
1576,CAUSED_BY,1581
1721,CAUSED_BY,1728
3500,FIXES,3498
6029,REQUIRES_DIAGNOSIS,6045
4610,REQUIRES_DIAGNOSIS,4619
3152,FIXES,3151
334,FIXES,337
1,EXHIBITS,5866
20,FIXES,5335
2398,FIXES,869
4652,REQUIRES_DIAGNOSIS,2757
5342,FIXES,5344
1356,FIXES,1363
712,FIXES,4086
831,FIXES,678
5180,REQUIRES_DIAGNOSIS,5184
2658,FIXES,5844
3675,REQUIRES_DIAGNOSIS,3684
3847,FIXES,3855
20,FIXES,4288
6100,FIXES,6099
5675,FIXES,5685
5947,CAUSED_BY,5953
5513,FIXES,5511
1,EXHIBITS,5758
6260,CAUSED_BY,6263
2807,FIXES,2805
6535,FIXES,6537
6585,CAUSED_BY,6591
2052,REQUIRES_DIAGNOSIS,2061
3978,REQUIRES_DIAGNOSIS,4047
2903,FIXES,2899
3657,REQUIRES_DIAGNOSIS,3660
5180,CAUSED_BY,5181
1,EXHIBITS,2725
5375,REQUIRES_DIAGNOSIS,5380
1,EXHIBITS,510
20,FIXES,6624
5027,REQUIRES_DIAGNOSIS,5033
1189,REQUIRES_DIAGNOSIS,1221
469,FIXES,477
1811,FIXES,1570
354,FIXES,351
3639,FIXES,3666
4612,FIXES,4616
4911,FIXES,4910
2119,FIXES,2272
2379,CAUSED_BY,2380
1312,FIXES,1437
2955,FIXES,2953
20,FIXES,100
3549,REQUIRES_DIAGNOSIS,3557
147,CAUSED_BY,134
2315,FIXES,2314
1492,REQUIRES_DIAGNOSIS,1497
2225,FIXES,2235
2797,FIXES,4514
6046,CAUSED_BY,6052
2468,FIXES,2474
2386,CAUSED_BY,215
3881,FIXES,3878
3580,FIXES,3579
5959,FIXES,5963
4291,FIXES,4313
1625,FIXES,1635
3085,FIXES,3087
5206,FIXES,5203
5555,FIXES,5554
220,FIXES,225
6286,FIXES,6289
689,FIXES,868
2127,FIXES,2177
5429,FIXES,5434
823,FIXES,822
3245,CAUSED_BY,3251
6034,FIXES,6036
4201,REQUIRES_DIAGNOSIS,4204
3505,REQUIRES_DIAGNOSIS,3510
6628,CAUSED_BY,6745
1,EXHIBITS,1691
2471,FIXES,2475
649,CAUSED_BY,655
2900,FIXES,90
4794,FIXES,4797
3092,REQUIRES_DIAGNOSIS,3107
2778,CAUSED_BY,2784
4111,FIXES,4115
20,FIXES,342
4970,FIXES,4313
1758,FIXES,1747
2906,FIXES,2913
1907,REQUIRES_DIAGNOSIS,1324
333,FIXES,336
3219,FIXES,3223
20,FIXES,5940
1341,FIXES,1346
4578,REQUIRES_DIAGNOSIS,4586
1355,FIXES,1362
4435,CAUSED_BY,4426
5223,CAUSED_BY,5227
2010,CAUSED_BY,2018
3013,REQUIRES_DIAGNOSIS,3019
4428,FIXES,4426
2201,FIXES,2198
2563,FIXES,2561
913,FIXES,914
3731,FIXES,3728
3641,FIXES,3649
5054,FIXES,5053
1179,FIXES,1176
2888,FIXES,2889
4226,CAUSED_BY,4227
5299,REQUIRES_DIAGNOSIS,5306
4197,FIXES,4198
1,EXHIBITS,6363
365,CAUSED_BY,366
4219,FIXES,3702
2471,FIXES,2488
4277,REQUIRES_DIAGNOSIS,4284
5217,REQUIRES_DIAGNOSIS,5221
49,EXHIBITS,3904
6201,CAUSED_BY,6202
3051,REQUIRES_DIAGNOSIS,3057
1358,FIXES,1363
5197,FIXES,5199
6137,FIXES,6136
20,FIXES,2799
4272,FIXES,4271
2274,FIXES,2277
1106,FIXES,1110
409,FIXES,412
2128,FIXES,2136
20,FIXES,6182
5,FIXES,3
4980,FIXES,4987
284,FIXES,296
5214,FIXES,5212
3438,REQUIRES_DIAGNOSIS,3446
848,CAUSED_BY,849
987,FIXES,990
3592,REQUIRES_DIAGNOSIS,3600
3687,CAUSED_BY,3688
3818,CAUSED_BY,3830
5217,CAUSED_BY,5218
3719,FIXES,3723
20,FIXES,2920
4310,FIXES,4309
1854,FIXES,1858
19,FIXES,99
1841,FIXES,1846
189,REQUIRES_DIAGNOSIS,196
87,FIXES,85
4683,CAUSED_BY,89
436,FIXES,2422
6338,REQUIRES_DIAGNOSIS,6342
20,FIXES,4088
1,EXHIBITS,189
184,FIXES,183
3461,CAUSED_BY,3462
1624,FIXES,1634
3084,FIXES,3086
3438,CAUSED_BY,3443
1544,FIXES,1549
5526,FIXES,5525
863,FIXES,884
6046,REQUIRES_DIAGNOSIS,5690
3867,FIXES,3871
155,REQUIRES_DIAGNOSIS,101
2034,REQUIRES_DIAGNOSIS,2039
1595,FIXES,306
4997,FIXES,1445
2818,FIXES,2821
6288,FIXES,6285
2470,FIXES,2474
6338,CAUSED_BY,6339
49,EXHIBITS,2052
4793,FIXES,4796
1513,FIXES,1453
4492,FIXES,4497
5961,FIXES,5963
5498,REQUIRES_DIAGNOSIS,5504
2200,FIXES,90
3731,FIXES,1997
1607,CAUSED_BY,1611
3137,CAUSED_BY,3141
2230,FIXES,2232
1495,FIXES,1883
3760,FIXES,3762
4700,FIXES,4699
1834,FIXES,5748
5823,REQUIRES_DIAGNOSIS,5832
6776,REQUIRES_DIAGNOSIS,6781
2797,FIXES,2917
5384,FIXES,5244
1459,CAUSED_BY,1453
6260,REQUIRES_DIAGNOSIS,6264
263,FIXES,2849
3508,FIXES,3509
1340,FIXES,1345
2299,FIXES,3101
935,FIXES,932
73,FIXES,123
3821,FIXES,3819
6585,REQUIRES_DIAGNOSIS,6592
5483,FIXES,5484
3473,FIXES,3472
3150,REQUIRES_DIAGNOSIS,3169
6505,FIXES,6510
2960,CAUSED_BY,2961
422,FIXES,29
3640,FIXES,3648
3751,FIXES,3752
1053,FIXES,1055
3272,CAUSED_BY,3277
3288,REQUIRES_DIAGNOSIS,3293
1760,FIXES,1747
1161,REQUIRES_DIAGNOSIS,1336
2908,FIXES,2913
1052,FIXES,4148
20,FIXES,4222
1526,FIXES,1582
3398,REQUIRES_DIAGNOSIS,3403
4553,REQUIRES_DIAGNOSIS,4558
1343,FIXES,1346
55,FIXES,62
2224,FIXES,1321
6046,REQUIRES_DIAGNOSIS,6053
2203,FIXES,2198
2126,FIXES,2131
3643,FIXES,3649
3888,REQUIRES_DIAGNOSIS,3902
309,FIXES,318
1430,FIXES,1437
2360,FIXES,2356
3741,FIXES,3828
2825,REQUIRES_DIAGNOSIS,2854
2630,FIXES,3693
49,EXHIBITS,4630
3821,FIXES,3832
2732,REQUIRES_DIAGNOSIS,2757
3078,FIXES,4247
1827,REQUIRES_DIAGNOSIS,1830
5802,REQUIRES_DIAGNOSIS,5817
3350,CAUSED_BY,3351
3959,FIXES,3956
6750,FIXES,6723
3973,FIXES,3972
775,CAUSED_BY,776
5761,FIXES,5770
6384,REQUIRES_DIAGNOSIS,6389
1108,FIXES,1110
5282,FIXES,5281
6812,FIXES,6811
4971,FIXES,44
5332,CAUSED_BY,5335
2129,FIXES,2132
2116,FIXES,2120
2727,FIXES,2707
20,FIXES,34
2721,FIXES,2722
3841,CAUSED_BY,3851
711,FIXES,710
5607,FIXES,5609
5449,REQUIRES_DIAGNOSIS,5454
4489,CAUSED_BY,4496
6212,FIXES,6211
286,FIXES,296
6031,FIXES,6060
1944,REQUIRES_DIAGNOSIS,1953
4052,REQUIRES_DIAGNOSIS,4057
1523,CAUSED_BY,1524
2334,REQUIRES_DIAGNOSIS,1279
813,CAUSED_BY,814
5802,CAUSED_BY,5814
6732,CAUSED_BY,6733
28,CAUSED_BY,35
5334,FIXES,5335
1,EXHIBITS,686
651,FIXES,656
2123,REQUIRES_DIAGNOSIS,2140
4084,REQUIRES_DIAGNOSIS,4099
254,FIXES,256
4442,FIXES,4443
6628,CAUSED_BY,6744
4239,FIXES,4243
1938,CAUSED_BY,35
4749,CAUSED_BY,4752
697,CAUSED_BY,698
4944,REQUIRES_DIAGNOSIS,4951
5372,FIXES,5373
721,REQUIRES_DIAGNOSIS,727
1,EXHIBITS,807
2206,FIXES,2212
1387,FIXES,1416
271,FIXES,269
49,EXHIBITS,2778
436,FIXES,2222
2762,FIXES,2761
3717,REQUIRES_DIAGNOSIS,3724
6010,FIXES,6011
1,EXHIBITS,1746
2471,FIXES,315
882,FIXES,860
54,FIXES,57
2202,FIXES,90
49,EXHIBITS,3717
1166,FIXES,1162
1008,FIXES,973
3095,FIXES,3102
3824,FIXES,3819
4944,CAUSED_BY,4948
2127,FIXES,2124
1389,FIXES,1393
1342,FIXES,1345
6297,FIXES,4237
1763,FIXES,1774
2829,FIXES,2844
6055,CAUSED_BY,6022
20,FIXES,3780
5841,FIXES,5844
6595,REQUIRES_DIAGNOSIS,6605
5325,FIXES,5327
3628,FIXES,3632
5785,FIXES,5782
6507,FIXES,6510
4280,FIXES,4282
1131,CAUSED_BY,1132
4642,FIXES,4645
2223,FIXES,2222
2119,FIXES,2232
2902,FIXES,2919
20,FIXES,4948
20,FIXES,2733
2466,CAUSED_BY,2475
4836,FIXES,4831
5151,FIXES,5233
49,EXHIBITS,2791
3820,FIXES,3831
436,FIXES,2235
3750,FIXES,3753
6349,FIXES,90
6568,FIXES,6567
6691,REQUIRES_DIAGNOSIS,6703
1,EXHIBITS,2
467,FIXES,466
1,EXHIBITS,1988
4376,FIXES,4380
2907,FIXES,2914
6070,REQUIRES_DIAGNOSIS,6078
1888,REQUIRES_DIAGNOSIS,1324
6595,CAUSED_BY,6602
5427,CAUSED_BY,5435
3565,REQUIRES_DIAGNOSIS,3574
3217,REQUIRES_DIAGNOSIS,3227
1512,FIXES,3645
5571,FIXES,5567
2893,REQUIRES_DIAGNOSIS,14
665,FIXES,661
3440,FIXES,3444
505,FIXES,504
6517,REQUIRES_DIAGNOSIS,6527
1157,FIXES,1154
1925,FIXES,1954
6223,FIXES,6221
4358,FIXES,4356
2223,FIXES,2235
4373,REQUIRES_DIAGNOSIS,4268
5971,FIXES,5968
1,EXHIBITS,5492
2096,FIXES,2091
3613,FIXES,3609
262,FIXES,2837
20,FIXES,2746
1,EXHIBITS,5263
6033,FIXES,6056
3217,CAUSED_BY,3224
4463,REQUIRES_DIAGNOSIS,4464
2118,FIXES,2120
1693,FIXES,1706
5441,FIXES,5439
4106,FIXES,4107
1,EXHIBITS,15
467,FIXES,479
2275,FIXES,2278
5143,CAUSED_BY,5146
2518,FIXES,2517
49,EXHIBITS,4201
1230,FIXES,1233
1,EXHIBITS,3398
2540,REQUIRES_DIAGNOSIS,2543
1512,FIXES,3658
6741,FIXES,6745
2090,REQUIRES_DIAGNOSIS,2099
988,FIXES,991
5176,CAUSED_BY,2422
653,FIXES,656
120,REQUIRES_DIAGNOSIS,126
6600,FIXES,6596
1,EXHIBITS,6552
1313,FIXES,1319
1,EXHIBITS,4337
151,FIXES,148
1771,FIXES,1776
4639,CAUSED_BY,4644
4,FIXES,3
2075,FIXES,2079
6016,REQUIRES_DIAGNOSIS,6026
305,CAUSED_BY,316
4192,FIXES,4190
1,EXHIBITS,5505
308,FIXES,306
1374,FIXES,1376
3637,CAUSED_BY,357
6249,FIXES,656
1579,FIXES,3159
1388,FIXES,1392
2271,CAUSED_BY,2247
1678,FIXES,1679
2631,FIXES,2628
2828,FIXES,2843
4546,CAUSED_BY,4547
4674,FIXES,2869
5256,CAUSED_BY,5257
282,CAUSED_BY,297
1904,FIXES,306
5441,FIXES,5452
5840,FIXES,5843
3608,REQUIRES_DIAGNOSIS,3620
4824,CAUSED_BY,4827
4482,FIXES,4481
21,FIXES,16
383,FIXES,379
3966,FIXES,3964
5332,REQUIRES_DIAGNOSIS,5336
2901,FIXES,2918
2971,CAUSED_BY,2973
20,FIXES,5324
1754,FIXES,1776
2130,FIXES,2174
49,EXHIBITS,5611
381,FIXES,385
3749,FIXES,3752
221,FIXES,228
1337,REQUIRES_DIAGNOSIS,1352
2704,FIXES,2707
235,FIXES,244
4684,FIXES,89
20,FIXES,76
5362,FIXES,5364
879,REQUIRES_DIAGNOSIS,888
5745,FIXES,5752
168,CAUSED_BY,172
1357,FIXES,4796
139,FIXES,143
332,FIXES,3981
429,FIXES,430
6035,FIXES,6039
332,FIXES,3752
1116,FIXES,1121
2904,FIXES,2919
5652,FIXES,5655
6243,FIXES,6241
3787,FIXES,3790
3122,REQUIRES_DIAGNOSIS,3125
49,EXHIBITS,3288
331,FIXES,342
712,FIXES,6182
6658,REQUIRES_DIAGNOSIS,6662
2382,FIXES,2380
5556,FIXES,5554
3822,FIXES,3831
20,FIXES,6613
4749,REQUIRES_DIAGNOSIS,4753
1511,REQUIRES_DIAGNOSIS,1887
1526,FIXES,1529
1829,FIXES,1828
4602,REQUIRES_DIAGNOSIS,4608
1576,CAUSED_BY,1583
6415,CAUSED_BY,6416
411,FIXES,406
3152,FIXES,3153
334,FIXES,339
1081,CAUSED_BY,1091
1312,FIXES,29
1794,FIXES,1791
5573,FIXES,5567
3117,FIXES,3116
2452,REQUIRES_DIAGNOSIS,2451
712,FIXES,4088
6658,CAUSED_BY,6659
3442,FIXES,3444
394,FIXES,1453
3637,CAUSED_BY,3645
507,FIXES,504
1229,FIXES,1232
4403,FIXES,4406
3739,FIXES,6727
5055,FIXES,5056
5675,FIXES,5687
3552,FIXES,3554
6726,FIXES,6728
2740,FIXES,2747
4257,REQUIRES_DIAGNOSIS,4262
2308,FIXES,2374
5769,FIXES,5707
5726,FIXES,5676
2379,REQUIRES_DIAGNOSIS,2385
4641,FIXES,5030
5973,FIXES,5968
5994,FIXES,5993
2660,FIXES,2662
2993,FIXES,2980
3480,FIXES,3482
1312,FIXES,1318
20,FIXES,4640
4719,FIXES,4750
1189,REQUIRES_DIAGNOSIS,1223
49,EXHIBITS,2483
49,EXHIBITS,268
469,FIXES,479
5293,REQUIRES_DIAGNOSIS,5297
4238,FIXES,4237
5062,CAUSED_BY,4884
1025,FIXES,1028
4966,REQUIRES_DIAGNOSIS,4975
278,FIXES,253
2395,FIXES,2401
5393,CAUSED_BY,1502
472,FIXES,476
232,CAUSED_BY,243
437,FIXES,439
2225,FIXES,2237
1773,FIXES,1776
1512,FIXES,6491
53,FIXES,51
5293,CAUSED_BY,5294
2781,FIXES,2786
1625,FIXES,1637
2718,CAUSED_BY,2719
2483,CAUSED_BY,315
2651,REQUIRES_DIAGNOSIS,2645
220,FIXES,227
4966,CAUSED_BY,4972
163,FIXES,161
2633,FIXES,2628
20,FIXES,4653
1,EXHIBITS,754
3641,FIXES,3638
5415,FIXES,6279
1538,FIXES,45
6034,FIXES,6038
3505,REQUIRES_DIAGNOSIS,3512
5299,CAUSED_BY,2956
2516,REQUIRES_DIAGNOSIS,2522
1316,FIXES,1322
3424,FIXES,3426
371,FIXES,1531
3092,REQUIRES_DIAGNOSIS,3109
2486,FIXES,2517
3679,FIXES,3676
252,CAUSED_BY,257
6072,FIXES,6076
6104,REQUIRES_DIAGNOSIS,6109
5654,FIXES,5651
380,FIXES,386
333,FIXES,338
3219,FIXES,3225
1512,FIXES,6504
2491,CAUSED_BY,2496
1,EXHIBITS,1814
4832,FIXES,4837
4805,FIXES,4790
4153,CAUSED_BY,4154
3818,CAUSED_BY,3819
3789,FIXES,3790
4776,FIXES,4775
5127,CAUSED_BY,5128
6836,CAUSED_BY,6841
20,FIXES,2909
4527,REQUIRES_DIAGNOSIS,4251
5852,REQUIRES_DIAGNOSIS,5860
4281,FIXES,4283
4791,FIXES,4815
796,FIXES,790
6410,FIXES,6412
6075,FIXES,6077
5546,FIXES,5548
20,FIXES,3848
419,FIXES,75
4277,REQUIRES_DIAGNOSIS,4286
1297,FIXES,1301
2659,FIXES,2661
6542,REQUIRES_DIAGNOSIS,6548
591,FIXES,589
6506,FIXES,6510
4924,FIXES,4923
5852,CAUSED_BY,5857
5961,FIXES,6770
4510,REQUIRES_DIAGNOSIS,4251
3990,REQUIRES_DIAGNOSIS,3996
5675,FIXES,4198
688,FIXES,687
4179,FIXES,4176
4980,FIXES,4989
1723,FIXES,1725
4134,REQUIRES_DIAGNOSIS,4142
329,REQUIRES_DIAGNOSIS,343
3438,REQUIRES_DIAGNOSIS,3448
5728,FIXES,5676
987,FIXES,992
217,CAUSED_BY,226
3592,REQUIRES_DIAGNOSIS,3602
3818,CAUSED_BY,3832
471,FIXES,475
1249,FIXES,1258
4165,FIXES,4164
168,REQUIRES_DIAGNOSIS,173
3140,FIXES,2211
4725,REQUIRES_DIAGNOSIS,4732
4623,FIXES,4621
2224,FIXES,2236
1027,FIXES,1024
4667,REQUIRES_DIAGNOSIS,4672
3275,FIXES,3277
4565,FIXES,4561
6338,REQUIRES_DIAGNOSIS,6344
5283,FIXES,5284
1,EXHIBITS,6607
20,FIXES,4090
6598,FIXES,6596
2714,FIXES,2712
2780,FIXES,2785
6814,FIXES,2674
3432,FIXES,3435
1624,FIXES,1636
3084,FIXES,3088
497,FIXES,495
4134,CAUSED_BY,4139
149,FIXES,148
5045,FIXES,5047
4710,FIXES,4712
4463,CAUSED_BY,22
1,EXHIBITS,3345
2352,FIXES,2353
127,CAUSED_BY,107
474,FIXES,476
863,FIXES,886
2797,FIXES,2798
20,FIXES,4211
5338,CAUSED_BY,5344
637,REQUIRES_DIAGNOSIS,644
2900,FIXES,2912
2065,FIXES,2063
1557,FIXES,1559
84,REQUIRES_DIAGNOSIS,92
1607,CAUSED_BY,1613
1578,FIXES,1584
2230,FIXES,2234
5823,REQUIRES_DIAGNOSIS,5834
3643,FIXES,3638
17,FIXES,22
2797,FIXES,2919
3612,FIXES,3767
5703,CAUSED_BY,5704
5326,FIXES,5328
1023,REQUIRES_DIAGNOSIS,1029
1369,CAUSED_BY,1376
1340,FIXES,1347
2299,FIXES,3103
1,EXHIBITS,204
2438,FIXES,2436
2630,FIXES,3682
5211,REQUIRES_DIAGNOSIS,5216
4876,REQUIRES_DIAGNOSIS,4881
4413,FIXES,4411
4811,CAUSED_BY,4812
1595,FIXES,1597
3843,FIXES,3850
2960,CAUSED_BY,2963
552,FIXES,550
2630,FIXES,2635
4378,FIXES,4374
2908,FIXES,2915
350,CAUSED_BY,351
1,EXHIBITS,4755
20,FIXES,23
3221,FIXES,3225
6284,REQUIRES_DIAGNOSIS,6292
4813,FIXES,4812
55,FIXES,64
2948,FIXES,2947
130,FIXES,133
4686,FIXES,4668
4834,FIXES,4837
1,EXHIBITS,5923
2288,FIXES,2078
1440,REQUIRES_DIAGNOSIS,1443
2126,FIXES,2133
3921,FIXES,3920
309,FIXES,320
3841,REQUIRES_DIAGNOSIS,3856
1,EXHIBITS,446
3741,FIXES,3830
2825,REQUIRES_DIAGNOSIS,2856
3081,CAUSED_BY,3087
3821,FIXES,3834
628,FIXES,626
1248,FIXES,1257
6572,CAUSED_BY,6576
2299,FIXES,2298
6240,REQUIRES_DIAGNOSIS,6245
5939,REQUIRES_DIAGNOSIS,5946
2732,REQUIRES_DIAGNOSIS,2759
3336,CAUSED_BY,3337
3078,FIXES,4249
4669,FIXES,4668
2861,FIXES,2869
49,EXHIBITS,3585
5726,FIXES,5731
5802,REQUIRES_DIAGNOSIS,5819
6732,REQUIRES_DIAGNOSIS,6738
6847,FIXES,6850
5761,FIXES,5772
775,CAUSED_BY,778
6384,REQUIRES_DIAGNOSIS,6391
4947,FIXES,4948
1353,REQUIRES_DIAGNOSIS,1365
2129,FIXES,2134
2230,FIXES,1321
2623,CAUSED_BY,2609
5969,FIXES,5974
6621,FIXES,6624
4489,CAUSED_BY,4498
252,REQUIRES_DIAGNOSIS,258
2226,FIXES,2232
4084,CAUSED_BY,4085
6031,FIXES,6062
6058,FIXES,6022
3338,FIXES,3337
473,FIXES,475
1842,FIXES,1844
5014,CAUSED_BY,5015
5802,CAUSED_BY,5816
4985,FIXES,4986
6732,CAUSED_BY,6735
119,EXHIBITS,1104
3516,FIXES,3520
4944,CAUSED_BY,2722
5986,FIXES,5987
6384,CAUSED_BY,6388
1749,FIXES,1747
2123,REQUIRES_DIAGNOSIS,2142
4084,REQUIRES_DIAGNOSIS,4101
3434,FIXES,3435
2653,FIXES,1516
20,FIXES,3540
3727,CAUSED_BY,3728
2229,FIXES,2233
3739,FIXES,3762
5430,FIXES,5435
6417,FIXES,6420
1312,FIXES,1386
170,FIXES,1609
5862,REQUIRES_DIAGNOSIS,5865
1709,REQUIRES_DIAGNOSIS,1719
2516,CAUSED_BY,90
2791,CAUSED_BY,2792
3717,REQUIRES_DIAGNOSIS,3726
1483,REQUIRES_DIAGNOSIS,1489
1,EXHIBITS,3963
1512,FIXES,22
2629,FIXES,2634
6135,CAUSED_BY,6136
4885,FIXES,1109
3095,FIXES,3104
1,EXHIBITS,5131
19,FIXES,22
20,FIXES,6815
1,EXHIBITS,701
3539,CAUSED_BY,3540
137,CAUSED_BY,99
1342,FIXES,1347
2829,FIXES,2846
1,EXHIBITS,1869
1117,FIXES,2192
2319,FIXES,2325
1622,REQUIRES_DIAGNOSIS,1641
4005,CAUSED_BY,4010
2249,FIXES,2247
4415,FIXES,4411
49,EXHIBITS,6055
6493,FIXES,6496
1331,FIXES,4631
2632,FIXES,2635
4210,FIXES,4206
4572,FIXES,4569
6759,FIXES,6758
5286,REQUIRES_DIAGNOSIS,5291
6438,FIXES,6458
6635,REQUIRES_DIAGNOSIS,6639
1,EXHIBITS,5252
262,FIXES,2826
2125,FIXES,2155
3820,FIXES,3833
436,FIXES,2237
6691,REQUIRES_DIAGNOSIS,6705
6171,FIXES,6169
132,FIXES,133
2907,FIXES,2916
5488,FIXES,5487
3565,REQUIRES_DIAGNOSIS,3576
80,REQUIRES_DIAGNOSIS,83
3217,REQUIRES_DIAGNOSIS,3229
1512,FIXES,3647
5338,REQUIRES_DIAGNOSIS,5345
5933,FIXES,5932
1,EXHIBITS,943
19,FIXES,35
6635,CAUSED_BY,6636
712,FIXES,3593
4549,FIXES,4547
1607,REQUIRES_DIAGNOSIS,1614
20,FIXES,4024
3373,CAUSED_BY,3374
1,EXHIBITS,2111
3727,CAUSED_BY,1997
5784,FIXES,5793
1607,CAUSED_BY,29
2480,FIXES,2481
5728,FIXES,5731
1910,FIXES,1920
4971,FIXES,4973
1,EXHIBITS,3279
262,FIXES,2839
1768,FIXES,1747
2565,CAUSED_BY,2576
20,FIXES,2748
3217,CAUSED_BY,3226
5961,FIXES,4960
49,EXHIBITS,3035
3118,FIXES,3119
572,CAUSED_BY,573
4121,CAUSED_BY,4122
6609,FIXES,6608
3375,FIXES,3374
20,FIXES,4145
1623,FIXES,1630
958,REQUIRES_DIAGNOSIS,965
2228,FIXES,2232
6114,FIXES,6116
1230,FIXES,1235
1420,CAUSED_BY,1407
20,FIXES,3098
5256,REQUIRES_DIAGNOSIS,5262
2320,FIXES,2247
6696,REQUIRES_DIAGNOSIS,6713
4806,FIXES,4804
189,REQUIRES_DIAGNOSIS,145
1751,FIXES,1747
235,FIXES,233
3300,CAUSED_BY,2265
3415,FIXES,107
1313,FIXES,1321
4239,FIXES,2985
1,EXHIBITS,4568
3319,REQUIRES_DIAGNOSIS,3325
5785,FIXES,1838
4639,CAUSED_BY,4646
1563,CAUSED_BY,1564
1595,FIXES,1531
1622,CAUSED_BY,311
2231,FIXES,2233
6016,REQUIRES_DIAGNOSIS,6028
305,CAUSED_BY,318
1374,FIXES,1378
6617,REQUIRES_DIAGNOSIS,6625
1507,FIXES,201
2445,FIXES,242
5256,CAUSED_BY,5259
6572,REQUIRES_DIAGNOSIS,6577
2828,FIXES,2845
1224,REQUIRES_DIAGNOSIS,1236
925,FIXES,921
2337,FIXES,860
3608,REQUIRES_DIAGNOSIS,3622
899,FIXES,898
1189,REQUIRES_DIAGNOSIS,1199
2966,FIXES,2969
3955,CAUSED_BY,3956
1514,FIXES,22
2151,CAUSED_BY,2155
3911,CAUSED_BY,3912
1,EXHIBITS,1427
2130,FIXES,2176
6478,FIXES,6483
1356,FIXES,1354
2735,FIXES,2741
4489,REQUIRES_DIAGNOSIS,4499
4820,FIXES,4796
4673,CAUSED_BY,4635
5923,REQUIRES_DIAGNOSIS,5928
2254,FIXES,2265
3352,FIXES,3354
879,REQUIRES_DIAGNOSIS,890
4957,FIXES,4953
3957,FIXES,3956
49,EXHIBITS,2351
6415,REQUIRES_DIAGNOSIS,6421
2246,CAUSED_BY,2259
5675,FIXES,5676
28,REQUIRES_DIAGNOSIS,38
15,REQUIRES_DIAGNOSIS,26
6495,FIXES,6496
3677,FIXES,3682
6177,REQUIRES_DIAGNOSIS,6184
5883,FIXES,5878
4595,FIXES,4594
1397,CAUSED_BY,1398
4727,FIXES,4729
3369,FIXES,3367
3822,FIXES,3833
6208,FIXES,6206
6456,CAUSED_BY,4960
1985,FIXES,1982
2526,FIXES,2528
1526,FIXES,1531
2877,CAUSED_BY,2881
4679,REQUIRES_DIAGNOSIS,4677
1576,CAUSED_BY,1585
5017,FIXES,5020
3152,FIXES,3155
334,FIXES,341
3993,FIXES,6481
6177,CAUSED_BY,6181
3407,FIXES,3405
712,FIXES,4090
1608,FIXES,1613
20,FIXES,320
1,EXHIBITS,2608
1229,FIXES,1234
49,EXHIBITS,378
1877,FIXES,1879
5241,REQUIRES_DIAGNOSIS,5245
5786,FIXES,5793
255,FIXES,253
5513,FIXES,5515
1512,FIXES,6251
2308,FIXES,2376
1625,FIXES,1626
5116,FIXES,5115
1837,REQUIRES_DIAGNOSIS,1847
1312,FIXES,1320
6848,FIXES,6851
31,FIXES,82
128,CAUSED_BY,134
1538,FIXES,34
6503,CAUSED_BY,6510
2732,CAUSED_BY,2747
5739,REQUIRES_DIAGNOSIS,5738
1373,FIXES,1377
2718,REQUIRES_DIAGNOSIS,2724
3890,FIXES,3892
5241,CAUSED_BY,5242
3542,FIXES,3545
4911,FIXES,4914
4966,REQUIRES_DIAGNOSIS,4977
844,REQUIRES_DIAGNOSIS,845
2395,FIXES,2403
3667,CAUSED_BY,3668
5901,CAUSED_BY,5905
1837,CAUSED_BY,1844
70,CAUSED_BY,71
3928,FIXES,3930
4290,FIXES,4293
3881,FIXES,3882
1063,FIXES,1068
2034,CAUSED_BY,190
2351,REQUIRES_DIAGNOSIS,2349
4311,FIXES,4318
5280,CAUSED_BY,5284
121,FIXES,76
5293,CAUSED_BY,5296
3078,FIXES,8
5903,FIXES,5905
105,EXHIBITS,3637
2373,REQUIRES_DIAGNOSIS,2378
1,EXHIBITS,5186
20,FIXES,2669
1153,CAUSED_BY,1154
1,EXHIBITS,2971
4351,FIXES,4350
20,FIXES,4655
4684,FIXES,4668
4791,FIXES,4804
5171,FIXES,5170
6034,FIXES,6040
436,FIXES,6601
5637,FIXES,5640
465,REQUIRES_DIAGNOSIS,486
986,REQUIRES_DIAGNOSIS,994
4954,FIXES,4958
1066,FIXES,1069
4536,FIXES,4533
3766,CAUSED_BY,3767
2737,FIXES,2741
20,FIXES,5005
4604,FIXES,89
2996,REQUIRES_DIAGNOSIS,3010
6749,CAUSED_BY,6752
156,CAUSED_BY,158
333,FIXES,340
32,FIXES,41
20,FIXES,5944
4632,FIXES,4631
5739,CAUSED_BY,5748
936,FIXES,937
4137,FIXES,4139
4124,FIXES,4127
4427,FIXES,4426
20,FIXES,2911
1,EXHIBITS,998
19,FIXES,90
1214,FIXES,1217
4639,REQUIRES_DIAGNOSIS,4647
2400,FIXES,869
1576,CAUSED_BY,96
1208,CAUSED_BY,1209
4984,FIXES,4979
6104,CAUSED_BY,6108
4673,CAUSED_BY,4206
20,FIXES,3850
1674,CAUSED_BY,1679
4814,FIXES,4815
1297,FIXES,1303
2659,FIXES,2663
544,FIXES,543
4317,REQUIRES_DIAGNOSIS,4320
3262,FIXES,3260
397,FIXES,398
4035,FIXES,4032
6101,FIXES,6099
1691,CAUSED_BY,1692
4287,CAUSED_BY,4292
5258,FIXES,5260
2647,REQUIRES_DIAGNOSIS,2645
1723,FIXES,1727
329,REQUIRES_DIAGNOSIS,345
217,CAUSED_BY,228
3592,REQUIRES_DIAGNOSIS,3604
3687,CAUSED_BY,3692
3818,CAUSED_BY,3834
87,FIXES,89
2224,FIXES,2238
276,REQUIRES_DIAGNOSIS,280
20,FIXES,4092
2644,FIXES,2636
6619,FIXES,6623
1042,CAUSED_BY,1043
1624,FIXES,1638
2013,FIXES,2011
2375,FIXES,2374
2535,CAUSED_BY,2211
3150,REQUIRES_DIAGNOSIS,3160
1149,FIXES,1147
4913,FIXES,4914
1512,FIXES,6051
4742,REQUIRES_DIAGNOSIS,4747
2877,REQUIRES_DIAGNOSIS,2882
5387,CAUSED_BY,5388
1576,REQUIRES_DIAGNOSIS,1586
4052,CAUSED_BY,4056
474,FIXES,478
1413,FIXES,2233
2493,FIXES,2497
2477,CAUSED_BY,2478
1081,REQUIRES_DIAGNOSIS,1094
20,FIXES,4213
3147,FIXES,435
1512,FIXES,4775
6288,FIXES,6289
1460,FIXES,1463
2537,FIXES,2211
637,REQUIRES_DIAGNOSIS,646
1413,FIXES,1415
2900,FIXES,2914
49,EXHIBITS,70
5601,FIXES,5602
332,FIXES,3688
1608,FIXES,29
2560,CAUSED_BY,2564
2230,FIXES,2236
4700,FIXES,4703
17,FIXES,24
5703,CAUSED_BY,5706
3888,REQUIRES_DIAGNOSIS,3893
1023,REQUIRES_DIAGNOSIS,1031
20,FIXES,133
1369,CAUSED_BY,1378
1385,REQUIRES_DIAGNOSIS,1394
1579,FIXES,75
6048,FIXES,6051
4471,FIXES,4473
4762,CAUSED_BY,22
1595,FIXES,1599
2355,CAUSED_BY,2363
538,FIXES,536
3843,FIXES,3852
49,EXHIBITS,5560
40,REQUIRES_DIAGNOSIS,47
3094,FIXES,2211
4947,FIXES,2722
6387,FIXES,6388
5901,REQUIRES_DIAGNOSIS,5906
49,EXHIBITS,4742
3841,CAUSED_BY,3842
55,FIXES,66
232,REQUIRES_DIAGNOSIS,246
1181,FIXES,1176
193,FIXES,190
2126,FIXES,2135
6760,FIXES,6761
20,FIXES,6791
309,FIXES,322
5456,CAUSED_BY,62
3741,FIXES,3832
5569,FIXES,5575
6522,FIXES,6524
2694,FIXES,2695
3286,FIXES,3285
5781,REQUIRES_DIAGNOSIS,5796
2229,FIXES,2222
4698,CAUSED_BY,4699
5293,CAUSED_BY,2894
4669,FIXES,4670
5726,FIXES,5733
5802,REQUIRES_DIAGNOSIS,5821
3959,FIXES,3960
2443,FIXES,2446
6812,FIXES,6815
5934,FIXES,5935
1353,REQUIRES_DIAGNOSIS,1367
2129,FIXES,2136
2334,REQUIRES_DIAGNOSIS,2330
1888,REQUIRES_DIAGNOSIS,1891
49,EXHIBITS,2540
5969,FIXES,5976
2271,REQUIRES_DIAGNOSIS,2279
2226,FIXES,2234
4971,FIXES,1445
4084,CAUSED_BY,4087
6031,FIXES,6064
156,REQUIRES_DIAGNOSIS,159
1944,REQUIRES_DIAGNOSIS,1957
473,FIXES,477
1842,FIXES,1846
192,FIXES,5420
5781,CAUSED_BY,5793
1076,FIXES,1074
4985,FIXES,4988
6334,FIXES,6336
3567,FIXES,3566
2123,REQUIRES_DIAGNOSIS,2144
3449,CAUSED_BY,3450
6647,FIXES,6646
6456,REQUIRES_DIAGNOSIS,6441
2229,FIXES,2235
989,FIXES,973
2902,FIXES,2910
3710,FIXES,3712
1674,REQUIRES_DIAGNOSIS,1680
6210,REQUIRES_DIAGNOSIS,6214
170,FIXES,1611
5572,FIXES,6636
6276,FIXES,6273
271,FIXES,273
4205,CAUSED_BY,4211
2975,CAUSED_BY,314
1594,FIXES,1598
3206,CAUSED_BY,306
2629,FIXES,2636
434,REQUIRES_DIAGNOSIS,441
108,FIXES,5320
2797,FIXES,3647
6050,FIXES,6047
1064,FIXES,1069
20,FIXES,2845
19,FIXES,24
3845,FIXES,3848
4207,FIXES,4211
217,REQUIRES_DIAGNOSIS,229
2829,FIXES,2848
5724,CAUSED_BY,5676
575,FIXES,573
5862,CAUSED_BY,5864
20,FIXES,5999
1925,FIXES,1945
6649,FIXES,6650
5784,FIXES,5782
1622,REQUIRES_DIAGNOSIS,1643
1762,FIXES,1747
1131,CAUSED_BY,1136
6806,FIXES,6808
5806,FIXES,5811
4955,FIXES,4959
5599,REQUIRES_DIAGNOSIS,5603
370,FIXES,372
2647,CAUSED_BY,1516
3096,FIXES,2211
6691,REQUIRES_DIAGNOSIS,6707
6519,FIXES,6518
1,EXHIBITS,2221
50,CAUSED_BY,23
1119,FIXES,1120
2907,FIXES,2918
1,EXHIBITS,3389
1512,FIXES,3649
3561,FIXES,3559
1,EXHIBITS,5375
1854,FIXES,1796
5983,CAUSED_BY,5988
4596,FIXES,4597
4425,REQUIRES_DIAGNOSIS,4430
1607,REQUIRES_DIAGNOSIS,1616
2035,FIXES,2038
5763,FIXES,5770
20,FIXES,6012
1925,FIXES,1958
3041,REQUIRES_DIAGNOSIS,3045
49,EXHIBITS,4084
5667,FIXES,5669
5728,FIXES,5733
527,REQUIRES_DIAGNOSIS,534
122,FIXES,124
1910,FIXES,1922
4869,REQUIRES_DIAGNOSIS,4875
2445,FIXES,2446
2565,CAUSED_BY,2578
262,FIXES,2841
6632,FIXES,6629
601,FIXES,606
5239,FIXES,5237
282,CAUSED_BY,288
5441,FIXES,5443
1,EXHIBITS,6664
1623,FIXES,1632
958,REQUIRES_DIAGNOSIS,967
2228,FIXES,2234
6114,FIXES,6118
809,FIXES,808
49,EXHIBITS,4205
4218,CAUSED_BY,4222
5766,FIXES,5771
3933,REQUIRES_DIAGNOSIS,3939
2901,FIXES,2909
3952,FIXES,3950
1,EXHIBITS,5617
20,FIXES,3100
1512,FIXES,3662
6696,REQUIRES_DIAGNOSIS,6715
270,FIXES,272
332,FIXES,4790
3422,FIXES,3421
2151,REQUIRES_DIAGNOSIS,2160
6035,FIXES,6030
2231,FIXES,2235
305,CAUSED_BY,320
2252,FIXES,2260
18,FIXES,23
2904,FIXES,2910
3081,REQUIRES_DIAGNOSIS,3090
6617,REQUIRES_DIAGNOSIS,6627
1834,FIXES,1835
49,EXHIBITS,1293
2828,FIXES,2847
1224,REQUIRES_DIAGNOSIS,1238
1973,CAUSED_BY,1974
1596,FIXES,1598
4482,FIXES,4485
4659,REQUIRES_DIAGNOSIS,4665
3966,FIXES,3968
768,CAUSED_BY,772
1420,CAUSED_BY,1422
334,FIXES,330
3639,FIXES,3646
4230,FIXES,4232
20,FIXES,5328
4489,REQUIRES_DIAGNOSIS,4501
2735,FIXES,2743
2658,FIXES,5837
2125,FIXES,318
6617,CAUSED_BY,6624
3847,FIXES,3848
4503,REQUIRES_DIAGNOSIS,4251
5923,REQUIRES_DIAGNOSIS,5930
3700,FIXES,3703
1,EXHIBITS,2597
6220,CAUSED_BY,6224
879,REQUIRES_DIAGNOSIS,892
1899,REQUIRES_DIAGNOSIS,1574
2246,CAUSED_BY,2261
5675,FIXES,5678
1764,FIXES,1747
4659,CAUSED_BY,4662
6495,FIXES,6498
742,FIXES,744
6177,REQUIRES_DIAGNOSIS,6186
1277,FIXES,1268
5904,FIXES,5905
1429,FIXES,1435
5556,FIXES,5558
31,FIXES,71
1,EXHIBITS,2718
1,EXHIBITS,503
20,FIXES,201
5889,CAUSED_BY,5890
5783,FIXES,5794
6406,REQUIRES_DIAGNOSIS,6413
1177,FIXES,1182
6415,CAUSED_BY,6420
5017,FIXES,5022
2199,FIXES,2208
2430,FIXES,2429
2783,FIXES,2748
3152,FIXES,3157
1,EXHIBITS,3657
1025,FIXES,1019
156,REQUIRES_DIAGNOSIS,93
1446,FIXES,1448
4633,FIXES,4634
4885,FIXES,5233
712,FIXES,4092
859,REQUIRES_DIAGNOSIS,874
3179,FIXES,3208
20,FIXES,4523
20,FIXES,322
6131,REQUIRES_DIAGNOSIS,6134
1032,REQUIRES_DIAGNOSIS,1035
6113,FIXES,6117
5765,FIXES,5770
2797,FIXES,4507
1114,REQUIRES_DIAGNOSIS,1124
2468,FIXES,2467
1512,FIXES,6482
664,FIXES,666
1,EXHIBITS,1563
4763,FIXES,22
1625,FIXES,1628
1724,FIXES,1256
220,FIXES,218
5116,FIXES,5117
5997,FIXES,1120
1017,FIXES,921
1837,REQUIRES_DIAGNOSIS,1849
1,EXHIBITS,2960
1312,FIXES,1322
20,FIXES,4644
1545,FIXES,1543
1131,REQUIRES_DIAGNOSIS,1137
49,EXHIBITS,4931
4783,CAUSED_BY,4787
6628,REQUIRES_DIAGNOSIS,6633
4568,CAUSED_BY,4569
6098,CAUSED_BY,6099
4238,FIXES,4241
5768,FIXES,5771
1402,CAUSED_BY,1408
6359,FIXES,6357
1373,FIXES,1379
5241,CAUSED_BY,5244
4911,FIXES,4916
844,REQUIRES_DIAGNOSIS,847
4794,FIXES,4790
2395,FIXES,2405
2119,FIXES,2278
1,EXHIBITS,3081
1623,FIXES,35
20,FIXES,335
1,EXHIBITS,637
1837,CAUSED_BY,1846
2655,REQUIRES_DIAGNOSIS,2698
5531,CAUSED_BY,5535
3255,FIXES,3257
2456,FIXES,2462
2797,FIXES,90
1,EXHIBITS,2034
3881,FIXES,3884
2871,FIXES,2869
49,EXHIBITS,3776
5579,CAUSED_BY,5580
4484,FIXES,4481
1553,REQUIRES_DIAGNOSIS,1560
2010,CAUSED_BY,2011
163,FIXES,165
4401,CAUSED_BY,4406
2167,CAUSED_BY,2132
49,EXHIBITS,4944
2655,CAUSED_BY,2695
2565,REQUIRES_DIAGNOSIS,2579
5739,REQUIRES_DIAGNOSIS,5753
465,REQUIRES_DIAGNOSIS,488
617,REQUIRES_DIAGNOSIS,624
4580,FIXES,4579
986,REQUIRES_DIAGNOSIS,996
6177,REQUIRES_DIAGNOSIS,146
2068,CAUSED_BY,64
5950,FIXES,5952
518,CAUSED_BY,519
6595,CAUSED_BY,124
2119,FIXES,2520
2486,FIXES,2521
2737,FIXES,2743
251,EXHIBITS,1622
2127,FIXES,318
20,FIXES,2792
1420,REQUIRES_DIAGNOSIS,1410
2996,REQUIRES_DIAGNOSIS,3012
4395,REQUIRES_DIAGNOSIS,4400
4791,FIXES,4927
3945,FIXES,3942
1944,CAUSED_BY,1958
333,FIXES,342
365,REQUIRES_DIAGNOSIS,375
3131,CAUSED_BY,3132
6674,REQUIRES_DIAGNOSIS,6678
5619,FIXES,5618
5739,CAUSED_BY,5750
284,FIXES,289
49,EXHIBITS,4018
617,CAUSED_BY,621
2804,CAUSED_BY,2810
4153,CAUSED_BY,4158
4124,FIXES,4129
2705,FIXES,2703
471,FIXES,466
20,FIXES,2913
4842,REQUIRES_DIAGNOSIS,4849
2734,FIXES,75
4639,REQUIRES_DIAGNOSIS,4649
1527,FIXES,1529
4395,CAUSED_BY,4397
1179,FIXES,1182
1,EXHIBITS,182
3140,FIXES,3141
20,FIXES,3852
365,CAUSED_BY,372
1624,FIXES,1627
2432,FIXES,2429
2276,FIXES,2277
6674,CAUSED_BY,6675
1,EXHIBITS,3336
4652,REQUIRES_DIAGNOSIS,4657
20,FIXES,5020
2352,FIXES,2344
6236,FIXES,5999
1536,CAUSED_BY,45
383,FIXES,3458
1413,FIXES,2222
49,EXHIBITS,3092
397,FIXES,400
2505,FIXES,2504
3312,CAUSED_BY,3316
3867,FIXES,3864
19,FIXES,1610
2879,FIXES,2878
98,FIXES,129
652,FIXES,650
2470,FIXES,2467
1723,FIXES,1729
6227,CAUSED_BY,6228
329,REQUIRES_DIAGNOSIS,347
4895,REQUIRES_DIAGNOSIS,4900
4492,FIXES,4490
3592,REQUIRES_DIAGNOSIS,3606
4683,REQUIRES_DIAGNOSIS,4649
6220,REQUIRES_DIAGNOSIS,6225
1,EXHIBITS,3457
6442,CAUSED_BY,357
451,CAUSED_BY,455
4623,FIXES,4625
105,EXHIBITS,5062
2797,FIXES,2910
263,FIXES,2842
1340,FIXES,1338
1397,REQUIRES_DIAGNOSIS,1401
3115,REQUIRES_DIAGNOSIS,3121
4240,FIXES,4241
49,EXHIBITS,6367
2375,FIXES,2376
3150,REQUIRES_DIAGNOSIS,3162
1317,FIXES,1319
149,FIXES,152
4913,FIXES,4916
5836,CAUSED_BY,5686
4996,CAUSED_BY,4313
2877,REQUIRES_DIAGNOSIS,2884
4661,FIXES,4663
1413,FIXES,2235
1081,REQUIRES_DIAGNOSIS,1096
1,EXHIBITS,6732
1,EXHIBITS,2531
3626,FIXES,3629
1,EXHIBITS,4517
5459,FIXES,62
637,REQUIRES_DIAGNOSIS,648
49,EXHIBITS,2287
2400,FIXES,2402
2900,FIXES,2916
3353,FIXES,3351
6006,REQUIRES_DIAGNOSIS,6014
6274,FIXES,6279
1668,FIXES,1667
5077,CAUSED_BY,5081
2230,FIXES,2238
3020,CAUSED_BY,3021
2126,FIXES,2124
6830,FIXES,6828
3612,FIXES,3771
3888,REQUIRES_DIAGNOSIS,3895
309,FIXES,311
1385,REQUIRES_DIAGNOSIS,1396
2393,REQUIRES_DIAGNOSIS,2406
935,FIXES,938
49,EXHIBITS,2408
3452,FIXES,3453
3821,FIXES,3825
4471,FIXES,4475
5785,FIXES,1908
2355,CAUSED_BY,2365
900,FIXES,901
3843,FIXES,3854
6503,REQUIRES_DIAGNOSIS,6513
2732,REQUIRES_DIAGNOSIS,2750
3253,REQUIRES_DIAGNOSIS,3258
4783,REQUIRES_DIAGNOSIS,4788
1816,FIXES,1815
1402,REQUIRES_DIAGNOSIS,1409
1129,FIXES,1128
2,CAUSED_BY,8
1,EXHIBITS,329
5459,FIXES,75
5538,CAUSED_BY,5539
6374,FIXES,6378
510,REQUIRES_DIAGNOSIS,517
232,REQUIRES_DIAGNOSIS,248
286,FIXES,289
5112,FIXES,5110
4698,REQUIRES_DIAGNOSIS,4704
1878,FIXES,1876
3806,CAUSED_BY,3807
1337,CAUSED_BY,1344
170,FIXES,311
473,FIXES,466
5781,CAUSED_BY,5782
2126,FIXES,2137
1778,REQUIRES_DIAGNOSIS,1575
5592,FIXES,5596
3741,FIXES,3834
49,EXHIBITS,2421
5512,FIXES,5511
3736,REQUIRES_DIAGNOSIS,3745
2694,FIXES,2697
4512,FIXES,4514
1512,FIXES,6537
1178,FIXES,1183
1523,REQUIRES_DIAGNOSIS,1533
5781,REQUIRES_DIAGNOSIS,5798
1175,REQUIRES_DIAGNOSIS,1186
49,EXHIBITS,3818
6125,FIXES,6126
3321,FIXES,3328
2902,FIXES,2899
80,CAUSED_BY,82
689,FIXES,687
105,EXHIBITS,4620
2062,CAUSED_BY,2066
654,FIXES,650
4912,FIXES,4915
2271,REQUIRES_DIAGNOSIS,2281
2226,FIXES,2236
4084,CAUSED_BY,4089
5705,FIXES,5707
6192,CAUSED_BY,6193
6749,REQUIRES_DIAGNOSIS,6755
3736,CAUSED_BY,3742
1944,REQUIRES_DIAGNOSIS,1959
751,FIXES,748
473,FIXES,479
2308,FIXES,2325
3999,FIXES,3998
1523,CAUSED_BY,1530
4359,FIXES,4363
2076,FIXES,2073
1,EXHIBITS,5122
1,EXHIBITS,692
2804,REQUIRES_DIAGNOSIS,2811
1389,FIXES,1386
2123,REQUIRES_DIAGNOSIS,2146
1342,FIXES,1338
2829,FIXES,2837
6845,REQUIRES_DIAGNOSIS,6853
20,FIXES,5988
5062,CAUSED_BY,5064
5841,FIXES,5837
20,FIXES,3544
3727,CAUSED_BY,3732
49,EXHIBITS,6046
839,CAUSED_BY,840
2229,FIXES,2237
219,FIXES,225
3628,FIXES,3625
2797,FIXES,3528
2902,FIXES,2912
2814,CAUSED_BY,2815
3539,REQUIRES_DIAGNOSIS,3547
1312,FIXES,1390
1,EXHIBITS,813
1674,REQUIRES_DIAGNOSIS,1682
2437,FIXES,2439
6033,FIXES,6036
4155,FIXES,4159
3997,REQUIRES_DIAGNOSIS,4004
110,CAUSED_BY,22
4205,CAUSED_BY,4213
3054,FIXES,3052
1427,REQUIRES_DIAGNOSIS,1394
1210,FIXES,1212
42,FIXES,45
6091,REQUIRES_DIAGNOSIS,6096
4440,CAUSED_BY,4443
862,FIXES,865
5427,CAUSED_BY,5428
2797,FIXES,3649
4287,REQUIRES_DIAGNOSIS,4295
1512,FIXES,3638
367,FIXES,373
20,FIXES,2847
2115,FIXES,2112
1,EXHIBITS,5135
1746,CAUSED_BY,1774
2690,FIXES,2695
3845,FIXES,3850
4207,FIXES,4213
217,REQUIRES_DIAGNOSIS,231
1224,CAUSED_BY,1235
332,FIXES,107
5763,FIXES,5759
1622,REQUIRES_DIAGNOSIS,1645
49,EXHIBITS,4073
5088,FIXES,5090
1331,FIXES,4635
2804,CAUSED_BY,2636
5908,CAUSED_BY,5244
5806,FIXES,5813
6759,FIXES,6762
1,EXHIBITS,5256
262,FIXES,2830
1,EXHIBITS,3041
49,EXHIBITS,5241
3430,REQUIRES_DIAGNOSIS,707
1962,FIXES,1961
156,CAUSED_BY,107
2313,CAUSED_BY,2314
2693,FIXES,2696
2680,FIXES,2684
6265,REQUIRES_DIAGNOSIS,6271
6666,FIXES,6665
20,FIXES,1692
1119,FIXES,1122
2907,FIXES,2920
49,EXHIBITS,4194
2058,FIXES,2059
4469,REQUIRES_DIAGNOSIS,4476
4968,FIXES,44
105,EXHIBITS,4996
6536,FIXES,6533
1576,CAUSED_BY,45
1607,REQUIRES_DIAGNOSIS,1618
1661,FIXES,1659
3076,CAUSED_BY,8
1,EXHIBITS,4330
5514,FIXES,5511
5501,FIXES,5499
4358,FIXES,4362
2591,FIXES,2589
4323,FIXES,4325
1,EXHIBITS,5498
1141,REQUIRES_DIAGNOSIS,1145
2904,FIXES,2899
262,FIXES,2843
3613,FIXES,3615
4373,CAUSED_BY,4379
2828,FIXES,2836
4469,CAUSED_BY,4473
282,CAUSED_BY,290
6609,FIXES,6612
20,FIXES,4149
1623,FIXES,1634
2630,FIXES,3728
3776,REQUIRES_DIAGNOSIS,3783
6093,FIXES,6095
2228,FIXES,2236
809,FIXES,810
5766,FIXES,5773
2901,FIXES,2911
1901,FIXES,1914
3709,FIXES,3713
4361,FIXES,4363
5301,FIXES,5300
20,FIXES,5317
20,FIXES,3102
1,EXHIBITS,1189
1406,FIXES,1422
1716,FIXES,1710
1476,CAUSED_BY,1477
4859,REQUIRES_DIAGNOSIS,4866
6287,FIXES,6285
2691,FIXES,2688
2469,FIXES,2474
235,FIXES,237
5792,FIXES,5793
2221,REQUIRES_DIAGNOSIS,2240
5784,FIXES,1838
2151,REQUIRES_DIAGNOSIS,2162
3776,CAUSED_BY,3780
5397,FIXES,5398
4716,CAUSED_BY,4717
4519,FIXES,6733
4519,FIXES,4518
2199,FIXES,90
2231,FIXES,2237
6418,FIXES,6420
4,FIXES,9
6438,FIXES,4960
305,CAUSED_BY,322
2252,FIXES,2262
1,EXHIBITS,1310
2904,FIXES,2912
3844,FIXES,3849
5967,REQUIRES_DIAGNOSIS,5979
2519,FIXES,3254
105,EXHIBITS,3373
2828,FIXES,2849
1224,REQUIRES_DIAGNOSIS,1240
4157,FIXES,4159
2339,FIXES,2342
1339,FIXES,1345
4505,FIXES,76
2554,FIXES,29
4859,CAUSED_BY,4863
6480,FIXES,6481
1511,REQUIRES_DIAGNOSIS,1880
5482,FIXES,5484
49,EXHIBITS,4449
3955,CAUSED_BY,3960
3639,FIXES,3648
2062,REQUIRES_DIAGNOSIS,2067
5342,FIXES,5339
369,FIXES,373
2735,FIXES,2745
4794,FIXES,107
2692,FIXES,2695
3847,FIXES,3850
20,FIXES,4283
3637,CAUSED_BY,3638
879,REQUIRES_DIAGNOSIS,894
1229,FIXES,1225
446,CAUSED_BY,447
49,EXHIBITS,2355
3957,FIXES,3960
5675,FIXES,5680
5765,FIXES,5759
2599,FIXES,2598
6029,CAUSED_BY,6037
20,FIXES,3236
394,FIXES,399
1290,FIXES,1282
1277,FIXES,1270
4595,FIXES,4598
4997,FIXES,4313
6585,CAUSED_BY,6586
1429,FIXES,1437
5761,FIXES,5710
3322,FIXES,3323
549,REQUIRES_DIAGNOSIS,554
1312,FIXES,1311
839,REQUIRES_DIAGNOSIS,841
1536,REQUIRES_DIAGNOSIS,1539
2682,FIXES,2684
1177,FIXES,1184
6460,CAUSED_BY,6470
1592,REQUIRES_DIAGNOSIS,1605
1839,FIXES,1845
1,EXHIBITS,3888
4612,FIXES,4611
4205,REQUIRES_DIAGNOSIS,4214
6681,CAUSED_BY,6684
3497,REQUIRES_DIAGNOSIS,3502
980,FIXES,973
4803,CAUSED_BY,4807
2171,FIXES,2132
2395,FIXES,2394
3769,FIXES,3772
1331,FIXES,4206
859,REQUIRES_DIAGNOSIS,876
1203,FIXES,1204
20,FIXES,324
2720,FIXES,2722
1200,REQUIRES_DIAGNOSIS,1207
4674,FIXES,4635
5765,FIXES,5772
1114,REQUIRES_DIAGNOSIS,1126
6046,CAUSED_BY,6047
664,FIXES,668
2781,FIXES,2779
4311,FIXES,4309
1625,FIXES,1630
5566,REQUIRES_DIAGNOSIS,5577
3085,FIXES,3082
5272,FIXES,5271
5826,FIXES,5829
2825,CAUSED_BY,2848
3644,FIXES,357
5994,FIXES,5999
1837,REQUIRES_DIAGNOSIS,1851
80,CAUSED_BY,29
1,EXHIBITS,747
979,FIXES,1006
20,FIXES,4646
1131,REQUIRES_DIAGNOSIS,1139
185,FIXES,183
3245,CAUSED_BY,3246
3913,FIXES,3915
4931,REQUIRES_DIAGNOSIS,4940
20,FIXES,3828
4238,FIXES,4243
5768,FIXES,5773
6628,CAUSED_BY,6740
649,CAUSED_BY,650
620,FIXES,621
3488,CAUSED_BY,3489
2338,FIXES,2341
4156,FIXES,4158
4111,FIXES,4110
20,FIXES,337
2655,REQUIRES_DIAGNOSIS,2700
2456,FIXES,2464
380,FIXES,379
5786,FIXES,1838
3219,FIXES,3218
1512,FIXES,6497
2740,FIXES,2766
53,FIXES,57
3766,REQUIRES_DIAGNOSIS,3774
1996,CAUSED_BY,1997
1553,REQUIRES_DIAGNOSIS,1562
3366,CAUSED_BY,3370
2633,FIXES,2634
6807,FIXES,6805
20,FIXES,687
20,FIXES,2673
1,EXHIBITS,2975
110,REQUIRES_DIAGNOSIS,93
3971,CAUSED_BY,3972
4351,FIXES,4354
5519,FIXES,5521
1808,REQUIRES_DIAGNOSIS,1812
6296,FIXES,4237
5724,CAUSED_BY,5733
5742,FIXES,5752
2655,CAUSED_BY,2697
5739,REQUIRES_DIAGNOSIS,5755
6445,FIXES,6446
465,REQUIRES_DIAGNOSIS,490
1,EXHIBITS,1928
782,FIXES,808
1297,FIXES,1294
3766,CAUSED_BY,3771
2737,FIXES,2745
20,FIXES,5009
1553,CAUSED_BY,1559
1544,FIXES,1531
863,FIXES,866
1106,FIXES,1105
1061,REQUIRES_DIAGNOSIS,1071
3644,FIXES,3645
365,REQUIRES_DIAGNOSIS,377
2128,FIXES,2131
4996,CAUSED_BY,4999
1,EXHIBITS,2049
6674,REQUIRES_DIAGNOSIS,6680
4632,FIXES,4635
284,FIXES,291
4587,REQUIRES_DIAGNOSIS,4601
3592,REQUIRES_DIAGNOSIS,3595
3818,CAUSED_BY,3825
3067,FIXES,3068
355,FIXES,194
20,FIXES,2915
3719,FIXES,3718
3740,FIXES,3743
49,EXHIBITS,3202
1514,FIXES,2980
1527,FIXES,1531
1179,FIXES,1184
111,FIXES,22
1624,FIXES,1629
2526,FIXES,2211
49,EXHIBITS,6356
5766,FIXES,5707
6168,REQUIRES_DIAGNOSIS,6173
1,EXHIBITS,5553
20,FIXES,3036
20,FIXES,5022
591,FIXES,595
3955,REQUIRES_DIAGNOSIS,3961
5109,CAUSED_BY,5110
5080,FIXES,5081
3904,CAUSED_BY,3908
733,REQUIRES_DIAGNOSIS,738
1767,FIXES,1775
119,EXHIBITS,4922
1772,FIXES,1747
19,FIXES,1612
1,EXHIBITS,305
2540,CAUSED_BY,2524
151,FIXES,6733
329,REQUIRES_DIAGNOSIS,349
49,EXHIBITS,61
5961,FIXES,5958
5828,FIXES,5829
2359,FIXES,2742
1578,FIXES,1577
4652,CAUSED_BY,4656
105,EXHIBITS,5293
2797,FIXES,2912
2324,FIXES,2247
263,FIXES,2844
6598,FIXES,6602
52,FIXES,56
1,EXHIBITS,197
3739,FIXES,6762
686,CAUSED_BY,687
1750,FIXES,1775
4240,FIXES,4243
4878,FIXES,4877
1755,FIXES,1747
2013,FIXES,2015
2760,CAUSED_BY,2767
3530,FIXES,3533
4674,FIXES,4206
2396,FIXES,2403
3150,REQUIRES_DIAGNOSIS,3164
4895,CAUSED_BY,4899
5518,FIXES,5520
1,EXHIBITS,5566
6460,REQUIRES_DIAGNOSIS,6471
2630,FIXES,2628
5469,FIXES,5467
1459,REQUIRES_DIAGNOSIS,1464
4210,FIXES,3702
155,REQUIRES_DIAGNOSIS,109
6839,FIXES,6840
4605,FIXES,4603
3626,FIXES,3631
20,FIXES,16
4803,REQUIRES_DIAGNOSIS,4808
3221,FIXES,3218
2400,FIXES,2404
5949,FIXES,5953
2900,FIXES,2918
2355,REQUIRES_DIAGNOSIS,2370
5673,REQUIRES_DIAGNOSIS,5698
55,FIXES,57
4736,FIXES,4738
4058,REQUIRES_DIAGNOSIS,4061
788,REQUIRES_DIAGNOSIS,786
4339,FIXES,4338
4353,FIXES,4354
350,REQUIRES_DIAGNOSIS,360
5361,FIXES,5364
3888,REQUIRES_DIAGNOSIS,3897
309,FIXES,313
40,CAUSED_BY,35
660,CAUSED_BY,666
3177,CAUSED_BY,3181
1,EXHIBITS,4869
6016,CAUSED_BY,6020
2630,FIXES,3688
213,FIXES,212
3821,FIXES,3827
1494,FIXES,201
1988,REQUIRES_DIAGNOSIS,1995
3806,REQUIRES_DIAGNOSIS,3812
2355,CAUSED_BY,2367
2231,FIXES,90
2732,REQUIRES_DIAGNOSIS,2752
1143,FIXES,1142
3739,FIXES,3742
3963,REQUIRES_DIAGNOSIS,3970
49,EXHIBITS,3578
4378,FIXES,4380
1527,FIXES,2136
680,REQUIRES_DIAGNOSIS,683
1108,FIXES,1105
701,REQUIRES_DIAGNOSIS,708
350,CAUSED_BY,357
3171,REQUIRES_DIAGNOSIS,3175
20,FIXES,29
1005,REQUIRES_DIAGNOSIS,1011
3133,FIXES,1258
6374,FIXES,6380
286,FIXES,291
4503,CAUSED_BY,4507
4112,FIXES,4115
4698,REQUIRES_DIAGNOSIS,4706
590,FIXES,594
1312,FIXES,90
1337,CAUSED_BY,1346
1928,CAUSED_BY,1932
2308,FIXES,2314
5572,FIXES,5567
4622,FIXES,4821
193,FIXES,194
1766,FIXES,1774
150,FIXES,76
1778,REQUIRES_DIAGNOSIS,1806
4985,FIXES,4979
5634,CAUSED_BY,5639
3171,CAUSED_BY,3172
3366,REQUIRES_DIAGNOSIS,3371
6725,FIXES,6728
4084,REQUIRES_DIAGNOSIS,4094
6452,FIXES,6450
5768,FIXES,5707
5164,FIXES,5166
1523,REQUIRES_DIAGNOSIS,1535
5781,REQUIRES_DIAGNOSIS,5800
4698,CAUSED_BY,4703
5790,FIXES,5793
2898,CAUSED_BY,90
2519,FIXES,2517
4883,REQUIRES_DIAGNOSIS,4886
332,FIXES,4176
4912,FIXES,4917
2024,FIXES,2025
2337,FIXES,2342
4084,CAUSED_BY,4091
5705,FIXES,5709
2308,FIXES,2327
49,EXHIBITS,3941
1076,FIXES,1078
3095,FIXES,3097
5995,FIXES,6000
3800,REQUIRES_DIAGNOSIS,3805
2123,REQUIRES_DIAGNOSIS,2148
3449,CAUSED_BY,3454
6647,FIXES,6650
2829,FIXES,2839
4228,FIXES,4227
1,EXHIBITS,1862
4440,REQUIRES_DIAGNOSIS,4448
2319,FIXES,2318
6203,FIXES,6202
3150,CAUSED_BY,90
4037,FIXES,4038
49,EXHIBITS,4062
4388,CAUSED_BY,4391
219,FIXES,227
5375,CAUSED_BY,5376
4642,FIXES,4640
2632,FIXES,2628
5360,FIXES,5363
4147,FIXES,4148
20,FIXES,2728
6033,FIXES,6038
3820,FIXES,3826
3750,FIXES,3748
204,CAUSED_BY,205
3423,FIXES,3426
2255,FIXES,2259
2907,FIXES,2909
1427,REQUIRES_DIAGNOSIS,1396
5746,FIXES,5748
5758,REQUIRES_DIAGNOSIS,5780
862,FIXES,867
5781,CAUSED_BY,1838
3565,REQUIRES_DIAGNOSIS,3569
6050,FIXES,6051
3993,FIXES,3991
20,FIXES,2849
1746,CAUSED_BY,1776
1479,FIXES,1480
2690,FIXES,2697
3527,CAUSED_BY,3528
3788,FIXES,3786
108,FIXES,76
332,FIXES,338
955,REQUIRES_DIAGNOSIS,957
3440,FIXES,3439
575,FIXES,577
2739,FIXES,2773
1607,CAUSED_BY,22
1622,REQUIRES_DIAGNOSIS,1647
6244,FIXES,6241
717,REQUIRES_DIAGNOSIS,720
1192,FIXES,1190
2435,REQUIRES_DIAGNOSIS,2440
5806,FIXES,5815
6091,CAUSED_BY,6095
6804,REQUIRES_DIAGNOSIS,6809
2153,FIXES,2152
1,EXHIBITS,3272
262,FIXES,2832
20,FIXES,2741
2760,REQUIRES_DIAGNOSIS,2768
3565,CAUSED_BY,3566
5230,REQUIRES_DIAGNOSIS,5235
6666,FIXES,6667
1,EXHIBITS,4440
3092,CAUSED_BY,3103
53,FIXES,2461
5016,FIXES,5020
49,EXHIBITS,1981
4218,CAUSED_BY,4213
6313,REQUIRES_DIAGNOSIS,6318
6741,FIXES,6740
1216,FIXES,4222
4469,REQUIRES_DIAGNOSIS,4478
5913,CAUSED_BY,5914
4121,REQUIRES_DIAGNOSIS,4131
5884,FIXES,5885
2052,CAUSED_BY,2053
5086,REQUIRES_DIAGNOSIS,5091
3020,REQUIRES_DIAGNOSIS,3024
3365,EXHIBITS,6681
879,REQUIRES_DIAGNOSIS,870
4691,REQUIRES_DIAGNOSIS,4696
1511,REQUIRES_DIAGNOSIS,1519
3274,FIXES,3273
49,EXHIBITS,4317
6406,CAUSED_BY,6412
879,CAUSED_BY,783
1452,CAUSED_BY,1453
106,REQUIRES_DIAGNOSIS,109
470,FIXES,475
2410,FIXES,2409
305,CAUSED_BY,311
1476,REQUIRES_DIAGNOSIS,1482
20,FIXES,3212
1,EXHIBITS,3514
1026,FIXES,1024
1579,FIXES,3154
2828,FIXES,2838
2090,CAUSED_BY,2091
282,CAUSED_BY,292
4469,CAUSED_BY,4475
2895,FIXES,90
4121,CAUSED_BY,4128
6813,FIXES,2674
3413,CAUSED_BY,3416
1623,FIXES,1636
73,FIXES,4603
2506,FIXES,2507
2228,FIXES,2238
854,REQUIRES_DIAGNOSIS,857
1563,REQUIRES_DIAGNOSIS,1573
5725,FIXES,5712
1461,FIXES,1462
4997,FIXES,4999
2901,FIXES,2913
3541,FIXES,3545
4361,FIXES,4365
803,CAUSED_BY,804
20,FIXES,3333
20,FIXES,5319
20,FIXES,3104
6032,FIXES,6037
4613,FIXES,4611
6716,REQUIRES_DIAGNOSIS,6720
4265,FIXES,4264
4851,REQUIRES_DIAGNOSIS,4855
87,FIXES,269
200,FIXES,198
2796,FIXES,2798
5614,FIXES,5612
4859,REQUIRES_DIAGNOSIS,4868
221,FIXES,223
3770,FIXES,3772
1,EXHIBITS,4803
235,FIXES,239
1,EXHIBITS,2588
3422,FIXES,3425
4103,CAUSED_BY,4104
5362,FIXES,5359
5412,CAUSED_BY,5413
6122,CAUSED_BY,6123
2221,REQUIRES_DIAGNOSIS,2242
5745,FIXES,5747
2151,REQUIRES_DIAGNOSIS,2164
139,FIXES,138
6782,CAUSED_BY,6786
4519,FIXES,6735
3202,REQUIRES_DIAGNOSIS,3205
1512,FIXES,6231
305,CAUSED_BY,324
2252,FIXES,2264
1,EXHIBITS,3527
2904,FIXES,2914
5967,REQUIRES_DIAGNOSIS,5981
3196,FIXES,3199
2519,FIXES,3256
331,FIXES,337
1909,FIXES,1908
2339,FIXES,2344
1339,FIXES,1347
3822,FIXES,3826
20,FIXES,6608
31,FIXES,62
1,EXHIBITS,494
6480,FIXES,6483
177,FIXES,176
763,REQUIRES_DIAGNOSIS,767
1526,FIXES,1524
6029,REQUIRES_DIAGNOSIS,6042
15,CAUSED_BY,16
20,FIXES,1360
6408,FIXES,6411
3585,CAUSED_BY,3590
1356,FIXES,1360
2735,FIXES,2747
49,EXHIBITS,3404
6073,FIXES,6076
2692,FIXES,2697
3847,FIXES,3852
20,FIXES,313
3442,FIXES,3439
6215,REQUIRES_DIAGNOSIS,6219
5505,REQUIRES_DIAGNOSIS,5509
4337,REQUIRES_DIAGNOSIS,4342
2538,FIXES,2536
5675,FIXES,5682
6726,FIXES,6723
2740,FIXES,2742
3560,FIXES,3562
6029,CAUSED_BY,6039
2104,FIXES,2108
1940,FIXES,35
5904,FIXES,5909
6490,REQUIRES_DIAGNOSIS,6500
1536,REQUIRES_DIAGNOSIS,1541
20,FIXES,4635
31,FIXES,75
6479,FIXES,3991
2510,REQUIRES_DIAGNOSIS,2515
5505,CAUSED_BY,5506
6055,CAUSED_BY,6059
2430,FIXES,2433
1373,FIXES,1370
2252,FIXES,412
4205,REQUIRES_DIAGNOSIS,4216
4968,FIXES,4973
3497,REQUIRES_DIAGNOSIS,3504
3863,CAUSED_BY,3872
5400,CAUSED_BY,2038
4925,FIXES,4923
3398,CAUSED_BY,3399
4532,REQUIRES_DIAGNOSIS,4542
119,EXHIBITS,1273
1312,FIXES,1434
859,REQUIRES_DIAGNOSIS,878
232,CAUSED_BY,238
3179,FIXES,3212
2225,FIXES,2232
2797,FIXES,4511
1595,FIXES,35
3276,FIXES,3273
861,FIXES,3100
881,FIXES,3912
861,FIXES,885
3488,REQUIRES_DIAGNOSIS,3494
3433,FIXES,3431
1625,FIXES,1632
3406,FIXES,3384
5272,FIXES,5273
5826,FIXES,5831
220,FIXES,222
3497,CAUSED_BY,3501
2971,CAUSED_BY,311
689,FIXES,865
2127,FIXES,2174
5791,FIXES,5794
4791,FIXES,4797
5727,FIXES,5712
20,FIXES,3830
3210,CAUSED_BY,3211
5046,FIXES,5047
1578,FIXES,35
3424,FIXES,3421
1066,FIXES,1062
2338,FIXES,2343
5449,CAUSED_BY,5450
2996,REQUIRES_DIAGNOSIS,3003
6819,CAUSED_BY,6823
2546,FIXES,2545
1546,FIXES,1548
3300,REQUIRES_DIAGNOSIS,3306
32,FIXES,34
1051,FIXES,1056
4890,FIXES,4892
2774,FIXES,2748
5223,CAUSED_BY,5224
1310,REQUIRES_DIAGNOSIS,1325
2966,FIXES,318
2010,CAUSED_BY,2015
3013,REQUIRES_DIAGNOSIS,3016
2246,REQUIRES_DIAGNOSIS,2240
3396,FIXES,172
4281,FIXES,4278
1526,FIXES,35
6410,FIXES,6407
3907,FIXES,3908
6277,FIXES,6278
6595,REQUIRES_DIAGNOSIS,481
465,REQUIRES_DIAGNOSIS,492
782,FIXES,810
728,REQUIRES_DIAGNOSIS,732
2659,FIXES,2656
1358,FIXES,1360
2737,FIXES,2747
5788,FIXES,5782
863,FIXES,868
2172,FIXES,2177
3992,FIXES,3994
803,REQUIRES_DIAGNOSIS,805
3945,FIXES,3946
3644,FIXES,3647
2128,FIXES,2133
3640,FIXES,357
4967,FIXES,4972
49,EXHIBITS,50
284,FIXES,293
576,FIXES,578
3592,REQUIRES_DIAGNOSIS,3597
3818,CAUSED_BY,3827
2705,FIXES,2707
3067,FIXES,3070
1249,FIXES,1253
4513,FIXES,76
20,FIXES,2917
3364,HAS_EQUIPMENT,3365
20,FIXES,702
1841,FIXES,1843
2273,FIXES,2247
6782,REQUIRES_DIAGNOSIS,6787
1506,FIXES,1508
1907,REQUIRES_DIAGNOSIS,1913
1027,FIXES,1019
332,FIXES,6822
20,FIXES,4085
1714,FIXES,1710
73,FIXES,107
1624,FIXES,1631
2432,FIXES,2433
5318,FIXES,5320
6168,REQUIRES_DIAGNOSIS,6175
1156,FIXES,22
20,FIXES,5253
924,REQUIRES_DIAGNOSIS,929
3592,CAUSED_BY,3594
4718,FIXES,4720
6827,CAUSED_BY,6832
5617,REQUIRES_DIAGNOSIS,5621
2227,FIXES,2232
20,FIXES,4206
2499,CAUSED_BY,2500
98,FIXES,133
5338,CAUSED_BY,5339
151,FIXES,6735
250,HAS_EQUIPMENT,251
1608,FIXES,22
1557,FIXES,1554
5828,FIXES,5831
2359,FIXES,2744
446,REQUIRES_DIAGNOSIS,450
3137,CAUSED_BY,3138
1161,CAUSED_BY,1169
1,EXHIBITS,3461
3364,HAS_EQUIPMENT,3607
4758,FIXES,4756
6517,CAUSED_BY,6523
49,EXHIBITS,3217
3414,FIXES,107
2797,FIXES,2914
4252,CAUSED_BY,2985
263,FIXES,2846
2870,FIXES,2872
2299,FIXES,3098
2013,FIXES,2017
4471,FIXES,4237
542,REQUIRES_DIAGNOSIS,548
2075,FIXES,385
2396,FIXES,2405
2355,CAUSED_BY,2356
3150,REQUIRES_DIAGNOSIS,3166
6460,REQUIRES_DIAGNOSIS,6473
5526,FIXES,5535
4330,CAUSED_BY,4331
4301,FIXES,4302
1402,REQUIRES_DIAGNOSIS,1400
660,REQUIRES_DIAGNOSIS,671
6792,FIXES,6794
2908,FIXES,2910
1018,FIXES,1015
1,EXHIBITS,549
1052,FIXES,4145
4803,REQUIRES_DIAGNOSIS,4810
2900,FIXES,2920
2355,REQUIRES_DIAGNOSIS,2372
5673,REQUIRES_DIAGNOSIS,5700
5196,FIXES,5195
1,EXHIBITS,5918
4789,REQUIRES_DIAGNOSIS,4798
20,FIXES,3172
5036,FIXES,5038
197,REQUIRES_DIAGNOSIS,202
4701,FIXES,4703
5856,FIXES,5858
4023,REQUIRES_DIAGNOSIS,4026
350,REQUIRES_DIAGNOSIS,362
3643,FIXES,3646
6830,FIXES,6832
3888,REQUIRES_DIAGNOSIS,3899
309,FIXES,315
2905,FIXES,2915
660,CAUSED_BY,668
3177,CAUSED_BY,3183
3741,FIXES,3825
2483,REQUIRES_DIAGNOSIS,2489
6016,CAUSED_BY,6022
2825,REQUIRES_DIAGNOSIS,2851
5784,FIXES,1908
3081,CAUSED_BY,3082
3821,FIXES,3829
6244,FIXES,148
2694,FIXES,2688
1248,FIXES,1252
3241,REQUIRES_DIAGNOSIS,3244
2893,REQUIRES_DIAGNOSIS,2897
5790,FIXES,5782
3608,CAUSED_BY,3616
680,REQUIRES_DIAGNOSIS,685
4171,REQUIRES_DIAGNOSIS,4174
961,FIXES,962
1005,REQUIRES_DIAGNOSIS,1013
3785,CAUSED_BY,3786
286,FIXES,293
5094,CAUSED_BY,5095
1928,CAUSED_BY,1934
5332,REQUIRES_DIAGNOSIS,4823
1766,FIXES,1776
2893,CAUSED_BY,2894
3919,REQUIRES_DIAGNOSIS,3925
5802,CAUSED_BY,5811
3516,FIXES,3515
3171,CAUSED_BY,3174
4084,REQUIRES_DIAGNOSIS,4096
254,FIXES,253
5512,FIXES,5515
555,CAUSED_BY,566
20,FIXES,1320
5724,REQUIRES_DIAGNOSIS,5736
371,FIXES,5661
4573,FIXES,4575
5918,REQUIRES_DIAGNOSIS,5922
1674,REQUIRES_DIAGNOSIS,1673
1104,REQUIRES_DIAGNOSIS,1112
4034,FIXES,4039
4084,CAUSED_BY,4093
5705,FIXES,5711
1511,CAUSED_BY,1516
3999,FIXES,4002
4590,FIXES,4588
6838,FIXES,6841
20,FIXES,2838
3095,FIXES,3099
6372,CAUSED_BY,6378
1389,FIXES,1390
2123,REQUIRES_DIAGNOSIS,2150
4257,CAUSED_BY,4258
2829,FIXES,2841
20,FIXES,3777
1117,FIXES,2187
74,FIXES,4606
5325,FIXES,5324
3657,CAUSED_BY,3658
4037,FIXES,4040
3628,FIXES,3629
4388,CAUSED_BY,4393
6493,FIXES,6491
3689,FIXES,3693
5027,CAUSED_BY,5031
2797,FIXES,3532
4527,REQUIRES_DIAGNOSIS,4530
20,FIXES,4945
1,EXHIBITS,1046
1,EXHIBITS,817
6033,FIXES,6040
5916,FIXES,5914
5725,FIXES,90
3820,FIXES,3828
436,FIXES,2232
5568,FIXES,5567
1,EXHIBITS,6415
2255,FIXES,2261
2907,FIXES,2911
5746,FIXES,5750
3565,REQUIRES_DIAGNOSIS,3571
80,REQUIRES_DIAGNOSIS,78
2201,FIXES,385
3054,FIXES,23
2004,REQUIRES_DIAGNOSIS,2009
5606,FIXES,5605
332,FIXES,340
4778,CAUSED_BY,4779
575,FIXES,579
2739,FIXES,2775
5786,FIXES,1908
4763,FIXES,4766
917,CAUSED_BY,918
1406,FIXES,124
4297,CAUSED_BY,4303
2512,FIXES,385
4728,FIXES,4729
2153,FIXES,2154
20,FIXES,4958
262,FIXES,2834
3373,CAUSED_BY,107
2760,REQUIRES_DIAGNOSIS,2770
2644,FIXES,1516
601,FIXES,599
2172,FIXES,2124
4194,REQUIRES_DIAGNOSIS,4199
2678,REQUIRES_DIAGNOSIS,2685
955,CAUSED_BY,956
4106,FIXES,4104
6519,FIXES,6524
53,FIXES,2463
467,FIXES,476
718,FIXES,698
5016,FIXES,5022
1296,FIXES,1303
1073,CAUSED_BY,1079
2435,CAUSED_BY,2439
20,FIXES,3093
4121,REQUIRES_DIAGNOSIS,4133
2111,REQUIRES_DIAGNOSIS,2121
1622,CAUSED_BY,1582
1661,FIXES,1663
5086,REQUIRES_DIAGNOSIS,5093
5514,FIXES,5515
1511,REQUIRES_DIAGNOSIS,1521
2797,FIXES,4016
470,FIXES,477
2075,FIXES,90
305,CAUSED_BY,313
20,FIXES,3214
18,FIXES,16
2793,FIXES,2799
1579,FIXES,3156
105,EXHIBITS,5350
2828,FIXES,2840
282,CAUSED_BY,294
6122,REQUIRES_DIAGNOSIS,6128
3438,CAUSED_BY,2798
4001,FIXES,3998
4719,FIXES,4721
6249,FIXES,6251
1623,FIXES,1638
2630,FIXES,3732
4036,FIXES,4039
5997,FIXES,5998
5230,CAUSED_BY,107
4361,FIXES,4367
4592,FIXES,4588
1,EXHIBITS,5852
20,FIXES,1120
6032,FIXES,6039
2049,REQUIRES_DIAGNOSIS,2046
5724,REQUIRES_DIAGNOSIS,5536
4851,REQUIRES_DIAGNOSIS,4857
831,FIXES,435
332,FIXES,4796
221,FIXES,225
1337,REQUIRES_DIAGNOSIS,1349
4757,FIXES,4759
6287,FIXES,6289
235,FIXES,241
2254,FIXES,2260
49,EXHIBITS,6776
1526,FIXES,1634
2221,REQUIRES_DIAGNOSIS,2244
5745,FIXES,5749
168,CAUSED_BY,169
2151,REQUIRES_DIAGNOSIS,2166
6495,FIXES,6491
189,CAUSED_BY,194
4519,FIXES,4522
6049,FIXES,6052
2904,FIXES,2916
998,CAUSED_BY,1002
5931,CAUSED_BY,5031
108,FIXES,4884
1757,FIXES,1774
331,FIXES,339
2339,FIXES,2346
5727,FIXES,90
3822,FIXES,3828
31,FIXES,64
1,EXHIBITS,2711
1874,FIXES,1873
1511,REQUIRES_DIAGNOSIS,1884
1576,CAUSED_BY,1580
5017,FIXES,5015
6029,REQUIRES_DIAGNOSIS,6044
4610,REQUIRES_DIAGNOSIS,4618
334,FIXES,336
6242,FIXES,148
1081,CAUSED_BY,1088
20,FIXES,1362
2034,CAUSED_BY,2037
2203,FIXES,385
1356,FIXES,1362
49,EXHIBITS,1420
712,FIXES,4085
3847,FIXES,3854
20,FIXES,315
1,EXHIBITS,617
1210,FIXES,4278
4751,FIXES,4750
5358,REQUIRES_DIAGNOSIS,5366
5675,FIXES,5684
2740,FIXES,2744
6776,CAUSED_BY,6779
6490,REQUIRES_DIAGNOSIS,6502
4876,CAUSED_BY,4877
2052,REQUIRES_DIAGNOSIS,2060
1660,FIXES,1662
2795,FIXES,76
6585,CAUSED_BY,6590
6848,FIXES,6846
20,FIXES,6623
1165,FIXES,1170
6034,FIXES,6022
6521,FIXES,6524
2732,CAUSED_BY,2742
1469,FIXES,1473
469,FIXES,476
4337,CAUSED_BY,4341
6055,CAUSED_BY,6061
420,FIXES,423
3127,REQUIRES_DIAGNOSIS,3130
1592,CAUSED_BY,253
72,FIXES,76
3542,FIXES,3540
1677,FIXES,1675
530,FIXES,533
3398,CAUSED_BY,3401
4532,REQUIRES_DIAGNOSIS,4544
1312,FIXES,1436
1,EXHIBITS,859
232,CAUSED_BY,240
3179,FIXES,3214
1565,FIXES,1571
2906,FIXES,2899
1492,REQUIRES_DIAGNOSIS,1496
2225,FIXES,2234
3210,REQUIRES_DIAGNOSIS,3216
6628,REQUIRES_DIAGNOSIS,6747
392,REQUIRES_DIAGNOSIS,402
6046,CAUSED_BY,6051
1,EXHIBITS,2027
861,FIXES,3102
4290,FIXES,4288
861,FIXES,887
4311,FIXES,4313
4291,FIXES,4312
3488,REQUIRES_DIAGNOSIS,3496
3085,FIXES,3086
220,FIXES,224
4421,FIXES,4423
689,FIXES,867
1273,REQUIRES_DIAGNOSIS,1279
5429,FIXES,5433
6237,FIXES,6235
436,FIXES,6596
3245,CAUSED_BY,3250
2655,CAUSED_BY,2688
2565,REQUIRES_DIAGNOSIS,2572
4568,CAUSED_BY,4575
20,FIXES,3832
3210,CAUSED_BY,3213
119,EXHIBITS,120
392,CAUSED_BY,399
465,REQUIRES_DIAGNOSIS,481
53,FIXES,2155
1316,FIXES,1319
2471,FIXES,2474
72,FIXES,318
4888,REQUIRES_DIAGNOSIS,4894
5223,REQUIRES_DIAGNOSIS,5229
1353,CAUSED_BY,1361
4659,CAUSED_BY,4213
4794,FIXES,4796
2338,FIXES,2345
2991,REQUIRES_DIAGNOSIS,14
3092,REQUIRES_DIAGNOSIS,3106
6465,FIXES,6468
20,FIXES,2785
2201,FIXES,90
5449,CAUSED_BY,5452
6637,FIXES,6636
2996,REQUIRES_DIAGNOSIS,3005
5432,FIXES,5434
333,FIXES,335
5037,FIXES,5039
3219,FIXES,3222
5992,REQUIRES_DIAGNOSIS,6002
1,EXHIBITS,2040
1341,FIXES,1345
1355,FIXES,1361
936,FIXES,932
5223,CAUSED_BY,5226
1310,REQUIRES_DIAGNOSIS,1327
4124,FIXES,4122
6247,REQUIRES_DIAGNOSIS,6252
2010,CAUSED_BY,2017
3013,REQUIRES_DIAGNOSIS,3018
971,FIXES,973
1759,FIXES,1774
5145,FIXES,5144
1,EXHIBITS,5194
1,EXHIBITS,5423
19,FIXES,85
4791,FIXES,4812
20,FIXES,4074
1761,FIXES,1747
5625,FIXES,5630
6277,FIXES,6280
5841,FIXES,5909
4580,FIXES,4585
721,CAUSED_BY,725
4872,FIXES,4870
2225,FIXES,1321
1358,FIXES,1362
1,EXHIBITS,3329
20,FIXES,2798
4317,REQUIRES_DIAGNOSIS,4315
789,REQUIRES_DIAGNOSIS,791
6520,FIXES,6523
1964,CAUSED_BY,1965
20,FIXES,6181
4980,FIXES,4986
1723,FIXES,1722
284,FIXES,295
4562,FIXES,4561
576,FIXES,580
217,CAUSED_BY,223
3592,REQUIRES_DIAGNOSIS,3599
6254,REQUIRES_DIAGNOSIS,3427
1249,FIXES,1255
3719,FIXES,3722
20,FIXES,2919
20,FIXES,704
1841,FIXES,1845
1854,FIXES,1857
5028,FIXES,5031
49,EXHIBITS,3206
6782,REQUIRES_DIAGNOSIS,6789
6751,FIXES,6723
436,FIXES,435
2224,FIXES,2233
263,FIXES,2835
6338,REQUIRES_DIAGNOSIS,6341
5283,FIXES,5281
6813,FIXES,6811
20,FIXES,4087
5666,FIXES,5669
6619,FIXES,6618
4105,FIXES,4107
3137,REQUIRES_DIAGNOSIS,3143
1512,FIXES,1845
3823,FIXES,3833
532,FIXES,533
49,EXHIBITS,3327
2493,FIXES,2492
4073,CAUSED_BY,4076
2554,FIXES,75
2908,FIXES,2899
2227,FIXES,2234
2818,FIXES,2820
1406,FIXES,4743
5258,FIXES,5268
2470,FIXES,2473
652,FIXES,656
3230,CAUSED_BY,3237
2540,CAUSED_BY,2528
5288,FIXES,5287
2900,FIXES,2909
4742,CAUSED_BY,124
4492,FIXES,4496
3675,CAUSED_BY,3682
4330,REQUIRES_DIAGNOSIS,4336
2359,FIXES,2746
1607,CAUSED_BY,1610
1578,FIXES,1581
1536,CAUSED_BY,172
3760,FIXES,3761
1495,FIXES,1882
5098,CAUSED_BY,5099
759,REQUIRES_DIAGNOSIS,762
5431,FIXES,5433
2797,FIXES,2916
263,FIXES,2848
5918,CAUSED_BY,5919
1340,FIXES,1344
2299,FIXES,3100
3518,FIXES,3519
1298,FIXES,439
637,CAUSED_BY,638
3150,REQUIRES_DIAGNOSIS,3168
170,FIXES,412
5788,FIXES,1838
2340,FIXES,2345
6460,REQUIRES_DIAGNOSIS,6475
1053,FIXES,1054
2203,FIXES,90
4301,FIXES,4304
155,REQUIRES_DIAGNOSIS,113
2421,CAUSED_BY,172
3221,FIXES,3222
3398,REQUIRES_DIAGNOSIS,3402
1343,FIXES,1345
5673,REQUIRES_DIAGNOSIS,5702
5182,FIXES,5181
4789,REQUIRES_DIAGNOSIS,4800
835,REQUIRES_DIAGNOSIS,838
350,REQUIRES_DIAGNOSIS,364
2586,FIXES,2585
6346,REQUIRES_DIAGNOSIS,6350
309,FIXES,317
1,EXHIBITS,672
2905,FIXES,2917
3741,FIXES,3827
2825,REQUIRES_DIAGNOSIS,2853
1763,FIXES,1747
49,EXHIBITS,2414
3821,FIXES,3831
6569,FIXES,6567
5263,CAUSED_BY,5264
6572,CAUSED_BY,6573
1248,FIXES,1254
1178,FIXES,1176
2227,FIXES,1321
5769,FIXES,5759
3669,FIXES,3668
6777,FIXES,6769
3608,CAUSED_BY,3618
1108,FIXES,1109
80,CAUSED_BY,75
1312,FIXES,1370
2206,FIXES,2198
2793,FIXES,76
2129,FIXES,2131
4023,CAUSED_BY,4025
4947,FIXES,4945
6346,CAUSED_BY,6347
49,EXHIBITS,2535
1493,FIXES,36
1666,REQUIRES_DIAGNOSIS,1672
4489,CAUSED_BY,4495
286,FIXES,295
6031,FIXES,6059
4055,FIXES,4053
3055,FIXES,3056
20,FIXES,3416
2308,FIXES,2318
4359,FIXES,4356
5802,CAUSED_BY,5813
28,CAUSED_BY,34
4535,FIXES,4539
6384,CAUSED_BY,6385
651,FIXES,655
49,EXHIBITS,2885
2123,REQUIRES_DIAGNOSIS,2139
2829,FIXES,2830
4084,REQUIRES_DIAGNOSIS,4098
920,FIXES,921
5724,REQUIRES_DIAGNOSIS,5738
219,FIXES,218
6532,REQUIRES_DIAGNOSIS,6540
6372,REQUIRES_DIAGNOSIS,6383
4602,CAUSED_BY,4606
1,EXHIBITS,5236
721,REQUIRES_DIAGNOSIS,726
4270,REQUIRES_DIAGNOSIS,4275
6742,FIXES,6745
1387,FIXES,1415
4205,CAUSED_BY,4206
588,REQUIRES_DIAGNOSIS,597
2519,FIXES,2521
654,FIXES,656
4433,FIXES,4432
157,FIXES,22
4449,REQUIRES_DIAGNOSIS,4462
2311,CAUSED_BY,351
367,FIXES,366
20,FIXES,2840
3095,FIXES,3101
6372,CAUSED_BY,6380
2690,FIXES,2688
4207,FIXES,4206
49,EXHIBITS,2898
1389,FIXES,1392
1342,FIXES,1344
4257,CAUSED_BY,4260
2829,FIXES,2843
4228,FIXES,4231
182,REQUIRES_DIAGNOSIS,187
1556,FIXES,1531
5427,REQUIRES_DIAGNOSIS,5437
1117,FIXES,2189
5841,FIXES,5843
5667,FIXES,5651
384,FIXES,379
5790,FIXES,1838
4289,FIXES,4288
2797,FIXES,3534
5043,REQUIRES_DIAGNOSIS,5049
3527,REQUIRES_DIAGNOSIS,3535
1512,FIXES,1537
20,FIXES,2961
1359,FIXES,1320
2125,FIXES,2152
3820,FIXES,3830
3750,FIXES,3752
6691,REQUIRES_DIAGNOSIS,6702
917,REQUIRES_DIAGNOSIS,923
1693,FIXES,1692
1,EXHIBITS,4431
6589,FIXES,6591
2255,FIXES,2263
4376,FIXES,4379
4685,FIXES,89
1119,FIXES,1115
2907,FIXES,2913
5746,FIXES,5752
5427,CAUSED_BY,5434
140,FIXES,143
3565,REQUIRES_DIAGNOSIS,3573
6766,REQUIRES_DIAGNOSIS,6775
1216,FIXES,4213
3846,FIXES,3850
3527,CAUSED_BY,3532
4345,FIXES,435
4786,FIXES,4787
3788,FIXES,3790
2083,CAUSED_BY,864
332,FIXES,342
5156,REQUIRES_DIAGNOSIS,5160
5143,REQUIRES_DIAGNOSIS,5148
6691,CAUSED_BY,6699
49,EXHIBITS,4308
1250,FIXES,1254
49,EXHIBITS,6294
151,FIXES,134
470,FIXES,466
393,FIXES,399
4610,CAUSED_BY,4615
1,EXHIBITS,3505
1,EXHIBITS,1061
2565,CAUSED_BY,2573
262,FIXES,2836
3217,CAUSED_BY,3223
6520,FIXES,6470
3118,FIXES,3116
282,CAUSED_BY,283
6654,FIXES,6653
61,REQUIRES_DIAGNOSIS,25
4469,CAUSED_BY,4237
905,FIXES,904
2678,REQUIRES_DIAGNOSIS,2687
1623,FIXES,1627
2275,FIXES,2277
1461,FIXES,1453
4361,FIXES,4356
4981,FIXES,4987
6741,FIXES,6744
394,FIXES,29
2090,REQUIRES_DIAGNOSIS,2098
1001,FIXES,1002
988,FIXES,990
653,FIXES,655
3064,REQUIRES_DIAGNOSIS,3072
2469,FIXES,2467
1313,FIXES,1318
2311,REQUIRES_DIAGNOSIS,2312
4013,CAUSED_BY,4016
88,FIXES,85
879,REQUIRES_DIAGNOSIS,874
6598,FIXES,124
2678,CAUSED_BY,2684
3274,FIXES,3277
49,EXHIBITS,4321
1771,FIXES,1775
4659,CAUSED_BY,4644
4639,CAUSED_BY,4643
470,FIXES,479
305,CAUSED_BY,315
3844,FIXES,3842
4622,FIXES,4625
1026,FIXES,1028
1388,FIXES,1391
1579,FIXES,3158
2828,FIXES,2842
5404,REQUIRES_DIAGNOSIS,5407
5103,REQUIRES_DIAGNOSIS,5108
4879,FIXES,4880
2339,FIXES,2335
6122,REQUIRES_DIAGNOSIS,6130
4966,CAUSED_BY,44
5840,FIXES,5842
3608,REQUIRES_DIAGNOSIS,3619
1189,REQUIRES_DIAGNOSIS,1196
3314,FIXES,3313
5997,FIXES,6000
2151,CAUSED_BY,2152
2553,FIXES,2799
4230,FIXES,4227
3990,CAUSED_BY,3994
20,FIXES,1122
1754,FIXES,1775
1686,CAUSED_BY,1679
2049,REQUIRES_DIAGNOSIS,2048
49,EXHIBITS,3624
4613,FIXES,4615
369,FIXES,366
676,CAUSED_BY,435
3543,FIXES,3540
87,FIXES,273
712,FIXES,4074
2692,FIXES,2688
367,FIXES,45
3700,FIXES,3698
2254,FIXES,2262
20,FIXES,75
1007,FIXES,973
3352,FIXES,3351
3741,FIXES,3761
1526,FIXES,1636
5412,CAUSED_BY,5417
5745,FIXES,5751
6122,CAUSED_BY,6127
139,FIXES,142
2395,FIXES,869
1512,FIXES,6235
6029,CAUSED_BY,6030
712,FIXES,6181
1757,FIXES,1776
331,FIXES,341
6658,REQUIRES_DIAGNOSIS,6661
4776,FIXES,76
2127,FIXES,2152
3822,FIXES,3830
31,FIXES,66
20,FIXES,6612
934,FIXES,938
4742,CAUSED_BY,4743
2877,CAUSED_BY,2878
4602,REQUIRES_DIAGNOSIS,4607
2257,FIXES,2263
1576,CAUSED_BY,1582
1839,FIXES,1838
334,FIXES,338
1081,CAUSED_BY,1090
1,EXHIBITS,1666
899,FIXES,90
712,FIXES,4087
5180,REQUIRES_DIAGNOSIS,5185
1608,FIXES,1610
3471,CAUSED_BY,3472
20,FIXES,4518
20,FIXES,317
3442,FIXES,3443
4751,FIXES,4752
6113,FIXES,6112
6055,REQUIRES_DIAGNOSIS,6066
5358,REQUIRES_DIAGNOSIS,5368
5675,FIXES,5686
1877,FIXES,1876
6726,FIXES,6727
2740,FIXES,2746
664,FIXES,661
20,FIXES,5686
4257,REQUIRES_DIAGNOSIS,4261
382,FIXES,387
5323,REQUIRES_DIAGNOSIS,5331
4826,FIXES,4825
2660,FIXES,2661
979,FIXES,999
5151,FIXES,5153
105,EXHIBITS,4789
2732,CAUSED_BY,2744
469,FIXES,478
6055,CAUSED_BY,6063
3267,CAUSED_BY,3268
1402,CAUSED_BY,1403
3890,FIXES,3889
4966,REQUIRES_DIAGNOSIS,4974
4925,FIXES,4927
5901,CAUSED_BY,5902
2613,REQUIRES_DIAGNOSIS,2606
1,EXHIBITS,3076
510,CAUSED_BY,511
232,CAUSED_BY,242
175,CAUSED_BY,176
20,FIXES,330
2225,FIXES,2236
3986,FIXES,3987
392,REQUIRES_DIAGNOSIS,404
3276,FIXES,3277
1440,CAUSED_BY,1441
1773,FIXES,1775
861,FIXES,3104
2781,FIXES,2785
5280,CAUSED_BY,5281
936,FIXES,921
3433,FIXES,3435
3386,FIXES,3387
6286,FIXES,6290
150,FIXES,148
5394,FIXES,29
689,FIXES,869
2398,FIXES,2401
2588,REQUIRES_DIAGNOSIS,2593
5429,FIXES,5435
5312,FIXES,5309
6082,REQUIRES_DIAGNOSIS,6089
3558,CAUSED_BY,3562
1,EXHIBITS,6351
3529,FIXES,3533
20,FIXES,3834
465,REQUIRES_DIAGNOSIS,483
4163,CAUSED_BY,4164
1316,FIXES,1321
49,EXHIBITS,4121
1353,CAUSED_BY,1363
3092,REQUIRES_DIAGNOSIS,3108
919,FIXES,921
6465,FIXES,6470
933,FIXES,937
252,CAUSED_BY,256
2996,REQUIRES_DIAGNOSIS,3007
3644,FIXES,3638
380,FIXES,385
333,FIXES,337
2128,FIXES,2124
1,EXHIBITS,2271
3219,FIXES,3224
4201,CAUSED_BY,4202
1,EXHIBITS,4257
1341,FIXES,1347
5992,REQUIRES_DIAGNOSIS,6004
1355,FIXES,1363
3514,CAUSED_BY,3515
49,EXHIBITS,4013
2804,CAUSED_BY,2805
4013,REQUIRES_DIAGNOSIS,4017
5145,FIXES,5146
1759,FIXES,1776
1911,FIXES,1912
2689,FIXES,2695
5852,REQUIRES_DIAGNOSIS,5859
2649,FIXES,2636
553,FIXES,550
4281,FIXES,4282
2224,FIXES,2222
1527,FIXES,1524
1899,CAUSED_BY,306
5308,REQUIRES_DIAGNOSIS,5314
61,CAUSED_BY,64
20,FIXES,4076
49,EXHIBITS,4134
4277,REQUIRES_DIAGNOSIS,4285
5217,REQUIRES_DIAGNOSIS,5222
149,FIXES,134
1297,FIXES,1300
3997,CAUSED_BY,3998
4377,FIXES,4380
20,FIXES,5015
6506,FIXES,6509
1483,CAUSED_BY,1487
2388,FIXES,215
4673,REQUIRES_DIAGNOSIS,4677
5101,FIXES,5099
3990,REQUIRES_DIAGNOSIS,3995
5994,FIXES,1120
5258,FIXES,5257
4980,FIXES,4988
4134,REQUIRES_DIAGNOSIS,4141
284,FIXES,297
217,CAUSED_BY,225
2168,FIXES,2132
127,REQUIRES_DIAGNOSIS,109
3592,REQUIRES_DIAGNOSIS,3601
1249,FIXES,1257
1,EXHIBITS,5438
4073,REQUIRES_DIAGNOSIS,4081
4725,REQUIRES_DIAGNOSIS,4731
2670,FIXES,2674
2224,FIXES,2235
1622,CAUSED_BY,1639
3612,FIXES,3753
263,FIXES,2837
20,FIXES,4318
6338,REQUIRES_DIAGNOSIS,6343
20,FIXES,4089
2780,FIXES,2784
3137,REQUIRES_DIAGNOSIS,3145
1979,FIXES,399
170,FIXES,172
49,EXHIBITS,5544
4052,CAUSED_BY,4053
49,EXHIBITS,1114
4073,CAUSED_BY,4078
1135,FIXES,1132
1622,CAUSED_BY,1531
2227,FIXES,2236
1406,FIXES,4745
5338,CAUSED_BY,5343
637,REQUIRES_DIAGNOSIS,643
1413,FIXES,1412
49,EXHIBITS,2282
2900,FIXES,2911
5673,REQUIRES_DIAGNOSIS,5691
4793,FIXES,4797
2783,FIXES,2785
1557,FIXES,1558
2359,FIXES,2748
500,FIXES,495
1607,CAUSED_BY,1612
2560,CAUSED_BY,2561
1578,FIXES,1583
4969,FIXES,4313
2230,FIXES,2233
5431,FIXES,5435
2797,FIXES,2918
309,FIXES,306
1,EXHIBITS,2647
155,CAUSED_BY,99
1340,FIXES,1346
2299,FIXES,3102
2630,FIXES,3681
5211,REQUIRES_DIAGNOSIS,5215
6349,FIXES,6347
4471,FIXES,4470
3150,REQUIRES_DIAGNOSIS,3170
3308,CAUSED_BY,3309
3843,FIXES,3849
170,FIXES,414
2630,FIXES,2634
1053,FIXES,1056
1018,FIXES,1019
170,FIXES,1582
1052,FIXES,4149
5611,REQUIRES_DIAGNOSIS,5616
2,CAUSED_BY,3
20,FIXES,22
6374,FIXES,6373
6387,FIXES,6385
3221,FIXES,3224
49,EXHIBITS,4510
6284,REQUIRES_DIAGNOSIS,6291
1343,FIXES,1347
5211,CAUSED_BY,5212
2967,FIXES,318
5196,FIXES,5199
1,EXHIBITS,1721
20,FIXES,3405
1,EXHIBITS,3707
1,EXHIBITS,1492
170,FIXES,306
4789,REQUIRES_DIAGNOSIS,4802
2868,REQUIRES_DIAGNOSIS,2875
2221,CAUSED_BY,2234
2126,FIXES,2132
6760,FIXES,6758
2905,FIXES,2919
5579,REQUIRES_DIAGNOSIS,5576
3741,FIXES,3829
2825,REQUIRES_DIAGNOSIS,2855
3081,CAUSED_BY,3086
1248,FIXES,1256
5939,REQUIRES_DIAGNOSIS,5945
1951,FIXES,1950
5534,FIXES,5535
5802,REQUIRES_DIAGNOSIS,5818
6732,REQUIRES_DIAGNOSIS,6737
3321,FIXES,3323
6508,FIXES,6509
5761,FIXES,5771
6384,REQUIRES_DIAGNOSIS,6390
5295,FIXES,5294
677,FIXES,435
1,EXHIBITS,795
2772,REQUIRES_DIAGNOSIS,2753
1353,REQUIRES_DIAGNOSIS,1364
1778,CAUSED_BY,1796
2129,FIXES,2133
4529,FIXES,4522
4912,FIXES,4910
4489,CAUSED_BY,4497
564,FIXES,566
286,FIXES,297
2337,FIXES,2335
251,EXHIBITS,2477
6031,FIXES,6061
3736,CAUSED_BY,3737
4404,FIXES,4406
2170,FIXES,2132
118,HAS_EQUIPMENT,119
1842,FIXES,1843
3359,FIXES,3361
2553,FIXES,76
5802,CAUSED_BY,5815
28,CAUSED_BY,36
4535,FIXES,4541
5995,FIXES,5993
5792,FIXES,1908
2123,REQUIRES_DIAGNOSIS,2141
1299,FIXES,1302
2829,FIXES,2832
2782,FIXES,2784
4084,REQUIRES_DIAGNOSIS,4100
254,FIXES,257
2229,FIXES,2232
5430,FIXES,5434
1,EXHIBITS,1037
137,REQUIRES_DIAGNOSIS,101
4155,FIXES,4154
1899,REQUIRES_DIAGNOSIS,14
6437,CAUSED_BY,4745
3820,FIXES,3819
2086,FIXES,864
1709,REQUIRES_DIAGNOSIS,1718
2221,CAUSED_BY,1321
3717,REQUIRES_DIAGNOSIS,3725
6010,FIXES,6012
1,EXHIBITS,6406
2423,FIXES,2422
421,FIXES,29
619,FIXES,621
1964,REQUIRES_DIAGNOSIS,1968
862,FIXES,860
108,FIXES,5317
63,FIXES,65
6768,FIXES,6767
20,FIXES,2842
1114,CAUSED_BY,1120
3095,FIXES,3103
1085,FIXES,1091
931,CAUSED_BY,921
6647,FIXES,6656
1342,FIXES,1346
2829,FIXES,2845
20,FIXES,3781
777,FIXES,776
2307,FIXES,2306
1117,FIXES,2191
1622,REQUIRES_DIAGNOSIS,1640
2550,FIXES,2545
5325,FIXES,5328
434,CAUSED_BY,435
2055,FIXES,2053
2632,FIXES,2634
799,REQUIRES_DIAGNOSIS,802
5043,REQUIRES_DIAGNOSIS,5051
3527,REQUIRES_DIAGNOSIS,3537
20,FIXES,2963
1,EXHIBITS,5480
5758,CAUSED_BY,5770
6806,FIXES,6805
2125,FIXES,2154
6691,REQUIRES_DIAGNOSIS,6704
2680,FIXES,2679
5589,FIXES,5596
53,FIXES,2454
2255,FIXES,2265
5408,REQUIRES_DIAGNOSIS,5411
2907,FIXES,2915
49,EXHIBITS,4189
879,CAUSED_BY,884
850,FIXES,855
3958,FIXES,3956
3220,FIXES,3225
3565,REQUIRES_DIAGNOSIS,3575
3217,REQUIRES_DIAGNOSIS,3228
1512,FIXES,3646
2115,FIXES,2120
3846,FIXES,3852
4806,FIXES,4790
3527,CAUSED_BY,3534
5884,FIXES,5878
4596,FIXES,4594
4248,FIXES,4247
563,FIXES,565
6267,FIXES,6266
236,FIXES,243
1250,FIXES,1256
1511,CAUSED_BY,1883
106,REQUIRES_DIAGNOSIS,102
5728,FIXES,5730
625,CAUSED_BY,85
4373,CAUSED_BY,4374
1298,FIXES,1301
2828,FIXES,2831
601,FIXES,603
2487,FIXES,315
1623,FIXES,1629
2630,FIXES,3723
958,REQUIRES_DIAGNOSIS,964
2898,CAUSED_BY,2916
2797,FIXES,4128
3709,FIXES,3708
4981,FIXES,4989
5079,FIXES,5081
20,FIXES,3097
5256,REQUIRES_DIAGNOSIS,5261
6032,FIXES,6030
49,EXHIBITS,5599
6696,REQUIRES_DIAGNOSIS,6712
2090,REQUIRES_DIAGNOSIS,2100
5566,CAUSED_BY,5567
988,FIXES,992
2052,CAUSED_BY,2059
1313,FIXES,1320
3319,REQUIRES_DIAGNOSIS,3324
2151,REQUIRES_DIAGNOSIS,2157
4639,CAUSED_BY,4645
2231,FIXES,2232
3978,CAUSED_BY,3981
3587,FIXES,3589
5004,REQUIRES_DIAGNOSIS,5012
305,CAUSED_BY,317
20,FIXES,1232
1084,FIXES,1090
3284,REQUIRES_DIAGNOSIS,3287
1374,FIXES,1377
5604,CAUSED_BY,5605
1834,FIXES,1832
1388,FIXES,1393
331,FIXES,330
2126,FIXES,2174
2828,FIXES,2844
3394,REQUIRES_DIAGNOSIS,3397
4157,FIXES,4154
4109,CAUSED_BY,4116
6696,CAUSED_BY,6709
3046,REQUIRES_DIAGNOSIS,3050
3822,FIXES,3819
1,EXHIBITS,2702
20,FIXES,6601
6597,FIXES,6602
5840,FIXES,5844
3608,REQUIRES_DIAGNOSIS,3621
1511,REQUIRES_DIAGNOSIS,1875
1189,REQUIRES_DIAGNOSIS,1198
49,EXHIBITS,4673
768,CAUSED_BY,769
105,EXHIBITS,106
4317,CAUSED_BY,4318
2151,CAUSED_BY,2154
4357,FIXES,4366
2130,FIXES,2175
5004,CAUSED_BY,5009
6478,FIXES,6482
49,EXHIBITS,1411
712,FIXES,4076
2778,CAUSED_BY,2748
3749,FIXES,3753
4755,REQUIRES_DIAGNOSIS,4760
20,FIXES,306
1,EXHIBITS,608
2129,FIXES,2175
2254,FIXES,2264
1,EXHIBITS,2594
4352,FIXES,4350
6220,CAUSED_BY,6221
1526,FIXES,1638
3677,FIXES,3681
1907,CAUSED_BY,1918
2620,FIXES,2618
49,EXHIBITS,3747
436,FIXES,5177
5904,FIXES,5902
6658,REQUIRES_DIAGNOSIS,6663
2127,FIXES,2154
3822,FIXES,3832
3150,CAUSED_BY,3158
2682,FIXES,2679
1493,FIXES,201
625,REQUIRES_DIAGNOSIS,585
2732,CAUSED_BY,2733
4742,CAUSED_BY,4745
2257,FIXES,2265
1576,CAUSED_BY,1584
1592,REQUIRES_DIAGNOSIS,1600
3500,FIXES,3501
5178,FIXES,2422
1,EXHIBITS,6098
1081,CAUSED_BY,1092
1525,FIXES,1530
4633,FIXES,4631
1783,FIXES,1569
49,EXHIBITS,1424
712,FIXES,4089
4835,FIXES,4837
1608,FIXES,1612
859,REQUIRES_DIAGNOSIS,871
5809,FIXES,5811
20,FIXES,319
1210,FIXES,4282
6100,FIXES,6102
6055,REQUIRES_DIAGNOSIS,6068
2797,FIXES,4504
5675,FIXES,5688
4548,FIXES,4547
103,REQUIRES_DIAGNOSIS,25
1214,FIXES,22
2740,FIXES,2748
20,FIXES,3702
2518,FIXES,90
4641,FIXES,5031
1385,CAUSED_BY,1392
5826,FIXES,5824
1648,CAUSED_BY,1632
2825,CAUSED_BY,2843
2040,REQUIRES_DIAGNOSIS,2046
4826,FIXES,4827
175,REQUIRES_DIAGNOSIS,181
2660,FIXES,2663
1312,FIXES,1319
6848,FIXES,6850
2254,FIXES,412
5985,FIXES,5398
4791,FIXES,4790
6503,CAUSED_BY,6509
2732,CAUSED_BY,2746
3963,CAUSED_BY,3964
4783,CAUSED_BY,4784
5293,REQUIRES_DIAGNOSIS,5298
6055,CAUSED_BY,6065
1,EXHIBITS,6111
6425,FIXES,6427
782,FIXES,790
1373,FIXES,1376
4966,REQUIRES_DIAGNOSIS,4976
6561,FIXES,6560
2395,FIXES,2402
1990,FIXES,1989
5931,REQUIRES_DIAGNOSIS,5936
232,CAUSED_BY,244
5531,CAUSED_BY,5532
2225,FIXES,2238
1,EXHIBITS,4246
4290,FIXES,4292
1512,FIXES,76
703,FIXES,702
5149,REQUIRES_DIAGNOSIS,5154
4966,CAUSED_BY,4973
712,FIXES,22
910,CAUSED_BY,914
881,FIXES,885
19,FIXES,76
2398,FIXES,2403
6599,FIXES,6602
108,FIXES,124
5742,FIXES,5747
741,FIXES,740
3179,FIXES,306
465,REQUIRES_DIAGNOSIS,485
2459,FIXES,2460
986,REQUIRES_DIAGNOSIS,993
1066,FIXES,1068
2119,FIXES,2517
3092,REQUIRES_DIAGNOSIS,3110
1553,CAUSED_BY,1554
268,REQUIRES_DIAGNOSIS,274
2271,CAUSED_BY,2277
2996,REQUIRES_DIAGNOSIS,3009
61,REQUIRES_DIAGNOSIS,69
1944,CAUSED_BY,1955
3219,FIXES,3226
263,FIXES,261
1793,FIXES,1791
139,FIXES,2038
5124,FIXES,5123
5855,FIXES,5858
1249,FIXES,1246
20,FIXES,2910
2689,FIXES,2697
5852,REQUIRES_DIAGNOSIS,5861
506,FIXES,504
2205,FIXES,385
61,CAUSED_BY,66
20,FIXES,4078
3140,FIXES,3138
3302,FIXES,2265
1297,FIXES,1302
2659,FIXES,2662
2610,FIXES,2609
6506,FIXES,6511
5035,REQUIRES_DIAGNOSIS,5042
3312,CAUSED_BY,3313
1,EXHIBITS,6716
754,REQUIRES_DIAGNOSIS,758
5258,FIXES,5259
4134,REQUIRES_DIAGNOSIS,4143
329,REQUIRES_DIAGNOSIS,344
277,FIXES,253
2763,FIXES,2773
217,CAUSED_BY,227
3592,REQUIRES_DIAGNOSIS,3603
5828,FIXES,5824
1161,CAUSED_BY,1162
4073,REQUIRES_DIAGNOSIS,4083
2230,FIXES,2222
49,EXHIBITS,1224
49,EXHIBITS,3210
4725,REQUIRES_DIAGNOSIS,4733
1907,REQUIRES_DIAGNOSIS,1919
436,FIXES,439
2224,FIXES,2237
4673,CAUSED_BY,4676
5006,FIXES,5010
263,FIXES,2839
20,FIXES,4091
52,FIXES,51
2780,FIXES,2786
3530,FIXES,3528
2493,FIXES,2496
4675,FIXES,4676
20,FIXES,4441
1,EXHIBITS,542
2227,FIXES,2238
20,FIXES,4212
1460,FIXES,1462
637,REQUIRES_DIAGNOSIS,645
5186,REQUIRES_DIAGNOSIS,5191
2900,FIXES,2913
5673,REQUIRES_DIAGNOSIS,5693
5949,FIXES,5948
6622,FIXES,6623
1578,FIXES,1585
1229,FIXES,107
6139,REQUIRES_DIAGNOSIS,6163
2486,FIXES,90
5361,FIXES,5359
97,FIXES,112
660,CAUSED_BY,661
1,EXHIBITS,434
1023,REQUIRES_DIAGNOSIS,1030
2299,FIXES,3104
2825,REQUIRES_DIAGNOSIS,858
3866,FIXES,3870
6335,FIXES,6333
4876,REQUIRES_DIAGNOSIS,4882
4471,FIXES,4472
6399,CAUSED_BY,6403
2338,FIXES,860
5854,FIXES,5857
2355,CAUSED_BY,2362
900,FIXES,898
3843,FIXES,3851
3739,FIXES,3737
1098,REQUIRES_DIAGNOSIS,1103
3608,CAUSED_BY,3609
1527,FIXES,2131
119,EXHIBITS,1200
352,FIXES,194
1,EXHIBITS,555
2827,FIXES,2844
3221,FIXES,3226
6284,REQUIRES_DIAGNOSIS,6293
55,FIXES,65
1505,CAUSED_BY,201
4112,FIXES,4110
590,FIXES,589
2308,FIXES,2309
5176,CAUSED_BY,5177
108,FIXES,5064
2221,CAUSED_BY,2236
1778,REQUIRES_DIAGNOSIS,1801
5286,CAUSED_BY,5287
1,EXHIBITS,676
5579,REQUIRES_DIAGNOSIS,5578
3379,FIXES,3381
3741,FIXES,3831
55,FIXES,6831
6725,FIXES,6723
6304,REQUIRES_DIAGNOSIS,6328
3081,CAUSED_BY,3088
4512,FIXES,4511
1248,FIXES,1258
6240,REQUIRES_DIAGNOSIS,6246
6125,FIXES,6123
5802,REQUIRES_DIAGNOSIS,5820
3350,CAUSED_BY,3354
5369,CAUSED_BY,5373
6508,FIXES,6511
5340,FIXES,5344
6732,REQUIRES_DIAGNOSIS,6739
5761,FIXES,5773
5295,FIXES,5296
5282,FIXES,5284
2197,CAUSED_BY,385
2129,FIXES,2135
1778,CAUSED_BY,1569
1711,FIXES,1710
711,FIXES,713
2062,CAUSED_BY,2063
4034,FIXES,4032
2627,REQUIRES_DIAGNOSIS,2638
4084,CAUSED_BY,4086
5705,FIXES,5704
6031,FIXES,6063
5572,FIXES,5575
1842,FIXES,1845
5787,FIXES,5793
6732,CAUSED_BY,6736
4218,REQUIRES_DIAGNOSIS,4225
2123,REQUIRES_DIAGNOSIS,2143
1299,FIXES,1304
2829,FIXES,2834
2782,FIXES,2786
4084,REQUIRES_DIAGNOSIS,4102
549,CAUSED_BY,550
3037,FIXES,3036
219,FIXES,222
4642,FIXES,4635
20,FIXES,4938
251,EXHIBITS,1553
3865,FIXES,3869
264,FIXES,226
1709,REQUIRES_DIAGNOSIS,1720
2702,CAUSED_BY,2708
3357,REQUIRES_DIAGNOSIS,3362
3423,FIXES,3421
1,EXHIBITS,1978
1578,FIXES,96
434,REQUIRES_DIAGNOSIS,440
1210,FIXES,1209
121,FIXES,22
436,FIXES,1407
49,EXHIBITS,3949
3983,REQUIRES_DIAGNOSIS,3989
5758,REQUIRES_DIAGNOSIS,5775
2797,FIXES,3646
1064,FIXES,1068
795,CAUSED_BY,790
6768,FIXES,6769
20,FIXES,2844
1114,CAUSED_BY,1122
1,EXHIBITS,931
1,EXHIBITS,3146
4555,FIXES,4557
4252,REQUIRES_DIAGNOSIS,4255
4506,FIXES,4504
2829,FIXES,2847
1224,CAUSED_BY,1232
50,REQUIRES_DIAGNOSIS,25
1245,CAUSED_BY,1257
20,FIXES,5998
777,FIXES,778
2340,FIXES,860
1117,FIXES,2193
1622,REQUIRES_DIAGNOSIS,1642
6133,FIXES,6132
4436,FIXES,4437
147,REQUIRES_DIAGNOSIS,154
2632,FIXES,2636
4289,FIXES,4292
5638,FIXES,5640
5758,CAUSED_BY,5772
1,EXHIBITS,1281
5806,FIXES,5810
4955,FIXES,4958
1067,FIXES,1069
3906,FIXES,3908
5086,CAUSED_BY,226
6691,REQUIRES_DIAGNOSIS,6706
4605,FIXES,89
119,EXHIBITS,4851
1,EXHIBITS,4435
3092,CAUSED_BY,3098
1275,FIXES,1271
5016,FIXES,5015
132,FIXES,134
879,CAUSED_BY,886
2736,FIXES,2747
5629,FIXES,5630
3441,FIXES,2798
3565,REQUIRES_DIAGNOSIS,3577
1512,FIXES,3648
4321,CAUSED_BY,4322
4207,FIXES,4681
3846,FIXES,3854
4641,FIXES,4644
87,FIXES,22
712,FIXES,3594
4248,FIXES,4249
4431,CAUSED_BY,4432
1215,FIXES,1217
155,CAUSED_BY,22
1,EXHIBITS,6542
20,FIXES,4025
4054,FIXES,4056
3041,REQUIRES_DIAGNOSIS,3044
1250,FIXES,1258
1511,CAUSED_BY,1885
6406,CAUSED_BY,6407
5728,FIXES,5732
122,FIXES,123
378,REQUIRES_DIAGNOSIS,388
305,CAUSED_BY,306
2431,FIXES,2429
2793,FIXES,2792
20,FIXES,3207
4323,FIXES,4322
4869,REQUIRES_DIAGNOSIS,4874
1,EXHIBITS,5724
2565,CAUSED_BY,2577
1026,FIXES,1019
4344,FIXES,4347
1298,FIXES,1303
2828,FIXES,2833
601,FIXES,605
4469,CAUSED_BY,4470
6696,CAUSED_BY,6698
1713,FIXES,1710
5441,FIXES,5442
1623,FIXES,1631
958,REQUIRES_DIAGNOSIS,966
4036,FIXES,4032
2228,FIXES,2233
4659,REQUIRES_DIAGNOSIS,4651
6114,FIXES,6117
2898,CAUSED_BY,2918
3541,FIXES,3540
5604,REQUIRES_DIAGNOSIS,5610
20,FIXES,3328
20,FIXES,3099
378,CAUSED_BY,385
6082,CAUSED_BY,6086
6696,REQUIRES_DIAGNOSIS,6714
221,FIXES,218
3770,FIXES,3767
88,FIXES,89
1526,FIXES,1627
3319,REQUIRES_DIAGNOSIS,3326
2151,REQUIRES_DIAGNOSIS,2159
2246,CAUSED_BY,2247
3776,CAUSED_BY,3777
28,REQUIRES_DIAGNOSIS,26
15,REQUIRES_DIAGNOSIS,14
4842,CAUSED_BY,4847
6115,FIXES,6118
2231,FIXES,2234
305,CAUSED_BY,319
20,FIXES,1234
1084,FIXES,1092
2252,FIXES,2259
1374,FIXES,1379
2904,FIXES,2909
1,EXHIBITS,1536
6617,REQUIRES_DIAGNOSIS,6626
3196,FIXES,3194
6370,FIXES,6368
5256,CAUSED_BY,5260
2126,FIXES,2176
2828,FIXES,2846
6696,CAUSED_BY,6711
4859,CAUSED_BY,4860
3608,REQUIRES_DIAGNOSIS,3623
1596,FIXES,1597
5482,FIXES,5481
4791,FIXES,107
5939,CAUSED_BY,1516
5862,CAUSED_BY,3435
2287,CAUSED_BY,2078
3639,FIXES,3645
4357,FIXES,4368
733,CAUSED_BY,734
627,FIXES,638
2735,FIXES,2742
3543,FIXES,3544
712,FIXES,4078
6073,FIXES,6071
6617,CAUSED_BY,6623
5923,REQUIRES_DIAGNOSIS,5929
1,EXHIBITS,2825
1,EXHIBITS,4811
2129,FIXES,2177
3700,FIXES,3702
5295,FIXES,2894
6170,FIXES,6169
49,EXHIBITS,6782
5052,CAUSED_BY,5056
6415,REQUIRES_DIAGNOSIS,6422
2205,FIXES,2213
5675,FIXES,5677
1512,FIXES,6468
1907,CAUSED_BY,1920
6058,FIXES,6065
1,EXHIBITS,1778
20,FIXES,3462
392,CAUSED_BY,29
4291,FIXES,4292
5278,FIXES,5277
986,CAUSED_BY,990
1397,CAUSED_BY,1399
1907,REQUIRES_DIAGNOSIS,14
3115,CAUSED_BY,3119
3477,CAUSED_BY,3482
1429,FIXES,1434
2382,FIXES,2383
5761,FIXES,5707
1,EXHIBITS,2946
3822,FIXES,3834
170,FIXES,1531
4755,CAUSED_BY,4759
6460,CAUSED_BY,6467
1592,REQUIRES_DIAGNOSIS,1602
1,EXHIBITS,1899
1762,FIXES,1775
53,FIXES,2135
5703,REQUIRES_DIAGNOSIS,5722
862,FIXES,783
4803,CAUSED_BY,4804
4885,FIXES,5232
3117,FIXES,3119
712,FIXES,4091
6006,CAUSED_BY,6012
859,REQUIRES_DIAGNOSIS,873
232,CAUSED_BY,233
1203,FIXES,1201
20,FIXES,321
1565,FIXES,1564
1624,FIXES,311
2720,FIXES,2719
3179,FIXES,3207
5809,FIXES,5813
6113,FIXES,6116
1267,CAUSED_BY,1271
285,FIXES,293
1114,REQUIRES_DIAGNOSIS,1123
5650,REQUIRES_DIAGNOSIS,5657
2797,FIXES,76
5786,FIXES,5794
1512,FIXES,6481
861,FIXES,880
2319,FIXES,2247
712,FIXES,4441
2825,CAUSED_BY,2845
2040,REQUIRES_DIAGNOSIS,2048
3816,FIXES,3814
6655,FIXES,6653
689,FIXES,860
5531,REQUIRES_DIAGNOSIS,5537
979,FIXES,1003
20,FIXES,4643
6237,FIXES,5999
137,CAUSED_BY,142
1538,FIXES,35
3913,FIXES,3912
6503,CAUSED_BY,6511
1131,CAUSED_BY,9
206,FIXES,205
1960,REQUIRES_DIAGNOSIS,1963
2393,CAUSED_BY,869
2732,CAUSED_BY,2748
20,FIXES,3825
5768,FIXES,5770
1402,CAUSED_BY,1407
3365,EXHIBITS,6476
1373,FIXES,1378
2471,FIXES,2467
72,FIXES,82
1506,FIXES,201
4911,FIXES,4915
1353,CAUSED_BY,1354
620,FIXES,618
2395,FIXES,2404
2119,FIXES,2277
6465,FIXES,6461
4401,REQUIRES_DIAGNOSIS,4408
5931,REQUIRES_DIAGNOSIS,5938
2359,FIXES,2363
3951,FIXES,3950
1513,FIXES,22
1546,FIXES,1543
2456,FIXES,2461
32,FIXES,29
1,EXHIBITS,6234
1341,FIXES,1338
2101,CAUSED_BY,2102
703,FIXES,704
4589,FIXES,4588
5644,REQUIRES_DIAGNOSIS,5648
1355,FIXES,1354
1724,FIXES,1726
1427,CAUSED_BY,90
4846,FIXES,4843
3094,FIXES,3099
3366,CAUSED_BY,3367
163,FIXES,164
1911,FIXES,1903
20,FIXES,2899
881,FIXES,887
1,EXHIBITS,986
2398,FIXES,2405
4401,CAUSED_BY,4405
821,REQUIRES_DIAGNOSIS,824
2251,FIXES,2260
5312,FIXES,5313
436,FIXES,6602
3302,FIXES,3301
5724,CAUSED_BY,5730
5742,FIXES,5749
20,FIXES,4067
5625,FIXES,5623
418,CAUSED_BY,75
3514,REQUIRES_DIAGNOSIS,3522
465,REQUIRES_DIAGNOSIS,487
2459,FIXES,2462
73,FIXES,89
986,REQUIRES_DIAGNOSIS,995
4819,CAUSED_BY,107
6106,FIXES,134
6277,FIXES,6273
6445,FIXES,6443
6555,FIXES,6553
2737,FIXES,2742
1,EXHIBITS,5308
6637,FIXES,6642
1208,REQUIRES_DIAGNOSIS,1213
2996,REQUIRES_DIAGNOSIS,3011
4395,REQUIRES_DIAGNOSIS,4399
6749,CAUSED_BY,6753
2396,FIXES,869
365,REQUIRES_DIAGNOSIS,374
4980,FIXES,4979
2905,FIXES,90
284,FIXES,288
3514,CAUSED_BY,3519
576,FIXES,573
5397,FIXES,5087
4137,FIXES,4140
4124,FIXES,4128
5124,FIXES,5125
3067,FIXES,3065
20,FIXES,2912
3312,REQUIRES_DIAGNOSIS,3318
4842,REQUIRES_DIAGNOSIS,4848
1841,FIXES,1838
6845,CAUSED_BY,6851
4395,CAUSED_BY,4396
4898,FIXES,6761
6442,REQUIRES_DIAGNOSIS,359
3997,CAUSED_BY,4002
3823,FIXES,3826
5080,FIXES,5078
474,FIXES,466
397,FIXES,399
155,REQUIRES_DIAGNOSIS,93
2197,REQUIRES_DIAGNOSIS,14
5617,REQUIRES_DIAGNOSIS,5616
3329,REQUIRES_DIAGNOSIS,3335
907,CAUSED_BY,908
19,FIXES,1609
4287,CAUSED_BY,4293
3248,FIXES,3249
5745,FIXES,5676
329,REQUIRES_DIAGNOSIS,346
1975,FIXES,1974
2763,FIXES,2775
5252,CAUSED_BY,5253
3592,REQUIRES_DIAGNOSIS,3605
104,HAS_EQUIPMENT,105
2358,FIXES,2362
4513,FIXES,4514
49,EXHIBITS,5427
829,REQUIRES_DIAGNOSIS,833
924,CAUSED_BY,921
4652,CAUSED_BY,4653
6517,CAUSED_BY,6518
2797,FIXES,3138
6776,REQUIRES_DIAGNOSIS,6773
2797,FIXES,2909
263,FIXES,2841
1195,FIXES,1190
2299,FIXES,3093
3588,FIXES,3590
3115,REQUIRES_DIAGNOSIS,3120
5897,FIXES,5896
6619,FIXES,6624
2317,REQUIRES_DIAGNOSIS,2329
3150,REQUIRES_DIAGNOSIS,3161
3978,CAUSED_BY,4038
4895,CAUSED_BY,4896
4913,FIXES,4915
1512,FIXES,6052
6265,CAUSED_BY,6269
1053,FIXES,1047
2250,FIXES,2259
3953,FIXES,3950
5741,FIXES,5748
1135,FIXES,1136
6839,FIXES,6837
3974,FIXES,3975
20,FIXES,4443
5762,FIXES,5773
2458,FIXES,2461
3479,FIXES,3483
637,REQUIRES_DIAGNOSIS,647
1413,FIXES,1416
2900,FIXES,2915
1343,FIXES,1338
5186,REQUIRES_DIAGNOSIS,5193
5673,REQUIRES_DIAGNOSIS,5695
4591,FIXES,4588
4736,FIXES,4735
5996,FIXES,5998
6358,FIXES,6361
6031,FIXES,6039
1,EXHIBITS,5913
6106,FIXES,6108
1,EXHIBITS,1483
2317,CAUSED_BY,2326
6274,FIXES,6278
54,FIXES,23
5856,FIXES,5853
6139,REQUIRES_DIAGNOSIS,6165
883,FIXES,887
4709,FIXES,4711
807,CAUSED_BY,808
4189,REQUIRES_DIAGNOSIS,4193
309,FIXES,310
2905,FIXES,2910
1,EXHIBITS,2651
3177,CAUSED_BY,3178
20,FIXES,134
680,CAUSED_BY,435
1385,REQUIRES_DIAGNOSIS,1395
251,EXHIBITS,3394
3866,FIXES,3872
4734,CAUSED_BY,201
5744,FIXES,5749
6016,CAUSED_BY,6017
6048,FIXES,6052
4471,FIXES,4474
371,FIXES,45
3113,FIXES,3112
5524,REQUIRES_DIAGNOSIS,5529
4236,REQUIRES_DIAGNOSIS,4245
2355,CAUSED_BY,2364
3843,FIXES,3853
2861,FIXES,2859
1527,FIXES,2133
5352,FIXES,5351
701,REQUIRES_DIAGNOSIS,705
2129,FIXES,2124
2116,FIXES,2112
2827,FIXES,2846
5879,FIXES,5885
510,REQUIRES_DIAGNOSIS,516
286,FIXES,288
2226,FIXES,2222
4503,CAUSED_BY,4504
4084,CAUSED_BY,4075
20,FIXES,3409
1928,CAUSED_BY,1929
3261,FIXES,3260
2221,CAUSED_BY,2238
1778,REQUIRES_DIAGNOSIS,1803
6760,FIXES,6762
1,EXHIBITS,2893
3134,FIXES,2211
5286,CAUSED_BY,5289
3234,FIXES,3236
3741,FIXES,3833
701,CAUSED_BY,702
5557,FIXES,5558
3736,REQUIRES_DIAGNOSIS,3744
2694,FIXES,2696
1178,FIXES,1182
6800,FIXES,6798
20,FIXES,4927
251,EXHIBITS,1542
20,FIXES,2712
1,EXHIBITS,799
6033,FIXES,6022
2772,REQUIRES_DIAGNOSIS,2757
407,FIXES,412
5595,FIXES,5596
4912,FIXES,4914
2271,REQUIRES_DIAGNOSIS,2280
2024,FIXES,2022
2627,REQUIRES_DIAGNOSIS,2640
4084,CAUSED_BY,4088
4435,REQUIRES_DIAGNOSIS,4439
5705,FIXES,5706
1,EXHIBITS,6168
1427,REQUIRES_DIAGNOSIS,1380
2027,CAUSED_BY,2028
393,FIXES,29
20,FIXES,2833
6372,CAUSED_BY,6373
2123,REQUIRES_DIAGNOSIS,2145
2297,REQUIRES_DIAGNOSIS,2300
2829,FIXES,2836
6845,REQUIRES_DIAGNOSIS,6852
20,FIXES,5987
6490,CAUSED_BY,6496
4440,REQUIRES_DIAGNOSIS,4445
958,CAUSED_BY,963
4436,FIXES,4426
219,FIXES,224
3689,FIXES,3688
2510,CAUSED_BY,2511
1824,FIXES,1823
6360,FIXES,6357
3710,FIXES,3713
5729,FIXES,5732
1512,FIXES,1530
709,REQUIRES_DIAGNOSIS,714
4147,FIXES,4145
3147,FIXES,3148
3865,FIXES,3871
427,FIXES,426
4155,FIXES,4158
4205,CAUSED_BY,4212
1245,REQUIRES_DIAGNOSIS,1262
6691,REQUIRES_DIAGNOSIS,6695
537,FIXES,536
5941,FIXES,6457
42,FIXES,44
5758,REQUIRES_DIAGNOSIS,5777
2797,FIXES,3648
747,REQUIRES_DIAGNOSIS,752
523,FIXES,524
1,EXHIBITS,3377
6768,FIXES,6771
367,FIXES,372
20,FIXES,2846
332,FIXES,335
2829,FIXES,2849
1224,CAUSED_BY,1234
4506,FIXES,76
4520,FIXES,4522
20,FIXES,6000
1,EXHIBITS,2101
6691,CAUSED_BY,6692
1622,REQUIRES_DIAGNOSIS,1644
4297,CAUSED_BY,4298
106,REQUIRES_DIAGNOSIS,93
2466,REQUIRES_DIAGNOSIS,93
4321,REQUIRES_DIAGNOSIS,4327
5806,FIXES,5812
6759,FIXES,6761
95,CAUSED_BY,99
4955,FIXES,4960
2565,CAUSED_BY,2566
3233,FIXES,3235
370,FIXES,373
2118,FIXES,2112
6265,REQUIRES_DIAGNOSIS,6270
6444,FIXES,357
2693,FIXES,2695
2680,FIXES,2683
1,EXHIBITS,6652
6691,REQUIRES_DIAGNOSIS,6708
3092,CAUSED_BY,3100
5881,FIXES,5885
2228,FIXES,2222
5766,FIXES,5759
55,FIXES,4176
1901,FIXES,1900
3263,FIXES,3260
4373,REQUIRES_DIAGNOSIS,4381
1073,CAUSED_BY,1074
1,EXHIBITS,1175
1406,FIXES,1408
4683,CAUSED_BY,4687
4641,FIXES,4646
5838,FIXES,5686
1291,FIXES,1282
4578,CAUSED_BY,4579
4596,FIXES,4598
4549,FIXES,4550
4998,FIXES,4313
674,FIXES,673
260,REQUIRES_DIAGNOSIS,267
1313,FIXES,1311
3332,FIXES,3330
1,EXHIBITS,128
4862,FIXES,4860
1528,FIXES,1529
5456,REQUIRES_DIAGNOSIS,5464
3407,FIXES,107
1180,FIXES,1182
378,REQUIRES_DIAGNOSIS,390
1141,REQUIRES_DIAGNOSIS,1144
736,FIXES,734
1579,FIXES,3151
49,EXHIBITS,3267
2828,FIXES,2835
4469,CAUSED_BY,4472
5169,REQUIRES_DIAGNOSIS,5174
5441,FIXES,5444
20,FIXES,4148
1623,FIXES,1633
3022,FIXES,3021
958,REQUIRES_DIAGNOSIS,968
3776,REQUIRES_DIAGNOSIS,3782
2506,FIXES,2504
4769,CAUSED_BY,4770
2527,FIXES,2529
2898,CAUSED_BY,2920
5997,FIXES,5993
3709,FIXES,3712
2553,FIXES,2792
4952,REQUIRES_DIAGNOSIS,4962
5456,CAUSED_BY,5461
20,FIXES,5545
1061,CAUSED_BY,1069
2359,FIXES,2915
20,FIXES,1115
20,FIXES,3101
20,FIXES,3330
395,FIXES,29
378,CAUSED_BY,387
49,EXHIBITS,1402
712,FIXES,4067
4859,REQUIRES_DIAGNOSIS,4865
5587,CAUSED_BY,5596
2817,FIXES,2820
20,FIXES,4498
2469,FIXES,2473
1526,FIXES,1629
2221,REQUIRES_DIAGNOSIS,2239
2597,REQUIRES_DIAGNOSIS,2600
2151,REQUIRES_DIAGNOSIS,2161
6782,CAUSED_BY,6783
2231,FIXES,2236
1512,FIXES,6228
1,EXHIBITS,5739
305,CAUSED_BY,321
2252,FIXES,2261
4952,CAUSED_BY,4959
3135,FIXES,3132
5604,CAUSED_BY,5609
6718,FIXES,6717
4853,FIXES,4852
2119,FIXES,2132
2828,FIXES,2848
4157,FIXES,4158
2339,FIXES,2341
1339,FIXES,1344
6307,FIXES,5824
5783,FIXES,5782
4482,FIXES,4486
105,EXHIBITS,110
1146,REQUIRES_DIAGNOSIS,1152
4795,FIXES,4796
1930,FIXES,1934
305,CAUSED_BY,442
3639,FIXES,3647
1052,FIXES,1054
3477,REQUIRES_DIAGNOSIS,3487
3404,CAUSED_BY,3405
369,FIXES,372
4905,FIXES,4906
6275,FIXES,6279
20,FIXES,310
4352,FIXES,4354
5052,CAUSED_BY,5058
4692,FIXES,107
2797,FIXES,4495
5675,FIXES,5679
1512,FIXES,6470
1907,CAUSED_BY,1922
6681,REQUIRES_DIAGNOSIS,6686
3560,FIXES,3559
986,CAUSED_BY,992
4595,FIXES,4597
1429,FIXES,1436
979,FIXES,992
1,EXHIBITS,733
1545,FIXES,1531
2682,FIXES,2683
1817,FIXES,1815
6460,CAUSED_BY,6469
1469,FIXES,1468
1592,REQUIRES_DIAGNOSIS,1604
6055,CAUSED_BY,6056
5768,FIXES,5759
1839,FIXES,1844
20,FIXES,1599
53,FIXES,2137
6631,FIXES,6629
72,FIXES,71
3863,CAUSED_BY,3869
260,CAUSED_BY,226
4819,REQUIRES_DIAGNOSIS,4822
530,FIXES,528
2416,FIXES,2418
1,EXHIBITS,854
859,REQUIRES_DIAGNOSIS,875
5809,FIXES,5815
20,FIXES,323
1,EXHIBITS,625
285,FIXES,295
1114,REQUIRES_DIAGNOSIS,1125
5650,REQUIRES_DIAGNOSIS,5659
1512,FIXES,6483
861,FIXES,3097
421,FIXES,75
3659,FIXES,3658
712,FIXES,4443
2085,FIXES,2084
2651,REQUIRES_DIAGNOSIS,2637
2825,CAUSED_BY,2847
3497,CAUSED_BY,3498
6227,REQUIRES_DIAGNOSIS,6233
1,EXHIBITS,5176
1988,CAUSED_BY,1993
2398,FIXES,2394
6307,FIXES,6308
5429,FIXES,5428
4885,FIXES,107
3963,CAUSED_BY,3968
119,EXHIBITS,4774
20,FIXES,3827
5046,FIXES,5044
1331,FIXES,4676
1005,CAUSED_BY,1009
1990,FIXES,1993
2359,FIXES,2365
2996,REQUIRES_DIAGNOSIS,3000
2655,REQUIRES_DIAGNOSIS,2699
1454,FIXES,45
2456,FIXES,2463
4667,CAUSED_BY,4635
333,FIXES,330
4890,FIXES,4889
53,FIXES,56
5542,FIXES,5539
3766,REQUIRES_DIAGNOSIS,3773
1724,FIXES,1728
2966,FIXES,315
2797,FIXES,3703
2123,CAUSED_BY,2133
3094,FIXES,3101
3699,FIXES,3703
1979,FIXES,29
3810,FIXES,3807
2613,CAUSED_BY,2609
4401,CAUSED_BY,4407
2251,FIXES,2262
4791,FIXES,4807
2996,CAUSED_BY,2997
5724,CAUSED_BY,5732
2954,FIXES,2956
3907,FIXES,3905
5062,CAUSED_BY,3374
5742,FIXES,5751
741,FIXES,744
3514,REQUIRES_DIAGNOSIS,3524
465,REQUIRES_DIAGNOSIS,489
2459,FIXES,2464
986,REQUIRES_DIAGNOSIS,997
1578,FIXES,45
6298,FIXES,6300
5950,FIXES,5953
2119,FIXES,2521
2737,FIXES,2744
1709,CAUSED_BY,1710
6814,FIXES,6815
1211,FIXES,1212
2556,REQUIRES_DIAGNOSIS,2559
863,FIXES,865
6520,FIXES,6518
2172,FIXES,2174
3992,FIXES,3991
1061,REQUIRES_DIAGNOSIS,1070
368,FIXES,373
1542,REQUIRES_DIAGNOSIS,1550
284,FIXES,290
4587,REQUIRES_DIAGNOSIS,4600
2393,CAUSED_BY,2402
217,CAUSED_BY,218
4785,FIXES,4787
20,FIXES,2914
4842,REQUIRES_DIAGNOSIS,4850
3740,FIXES,3742
1526,FIXES,45
5458,FIXES,5462
1527,FIXES,1530
4395,CAUSED_BY,4398
263,FIXES,2830
4185,FIXES,4187
1,EXHIBITS,4384
5318,FIXES,5317
1,EXHIBITS,5781
1016,FIXES,921
3823,FIXES,3828
6168,REQUIRES_DIAGNOSIS,6172
532,FIXES,528
4652,REQUIRES_DIAGNOSIS,4658
6101,FIXES,6102
1767,FIXES,1774
739,CAUSED_BY,740
2575,FIXES,2576
1,EXHIBITS,4734
19,FIXES,1611
2818,FIXES,2815
6401,FIXES,6400
4482,FIXES,4528
1460,FIXES,1453
2778,REQUIRES_DIAGNOSIS,2753
3248,FIXES,3251
329,REQUIRES_DIAGNOSIS,348
4895,REQUIRES_DIAGNOSIS,4901
2004,CAUSED_BY,2005
4793,FIXES,4790
2358,FIXES,2364
1,EXHIBITS,5673
2359,FIXES,2741
1907,REQUIRES_DIAGNOSIS,1923
4623,FIXES,4626
5431,FIXES,5428
2797,FIXES,2911
263,FIXES,2843
6597,FIXES,124
1,EXHIBITS,425
2870,FIXES,2869
3739,FIXES,6761
1770,FIXES,1775
1750,FIXES,1774
4240,FIXES,4242
2760,CAUSED_BY,2766
2317,REQUIRES_DIAGNOSIS,2331
2396,FIXES,2402
3150,REQUIRES_DIAGNOSIS,3163
3978,CAUSED_BY,4040
4913,FIXES,4917
3843,FIXES,3842
5387,CAUSED_BY,5391
2250,FIXES,2261
5741,FIXES,5750
5839,FIXES,5842
6792,FIXES,6791
2806,FIXES,2810
3626,FIXES,3630
2458,FIXES,2463
6297,FIXES,6299
1100,FIXES,1101
49,EXHIBITS,4503
5949,FIXES,5952
2900,FIXES,2917
2355,REQUIRES_DIAGNOSIS,2369
5673,REQUIRES_DIAGNOSIS,5697
55,FIXES,56
3061,FIXES,3060
5996,FIXES,6000
6305,FIXES,5824
1753,FIXES,1775
6274,FIXES,6280
2317,CAUSED_BY,2328
835,REQUIRES_DIAGNOSIS,833
3339,FIXES,3340
3701,FIXES,3703
4218,CAUSED_BY,3702
6139,REQUIRES_DIAGNOSIS,6167
6587,FIXES,6590
1429,FIXES,1370
689,FIXES,783
5361,FIXES,5363
2905,FIXES,2912
97,FIXES,116
5744,FIXES,5751
6016,CAUSED_BY,6019
2393,REQUIRES_DIAGNOSIS,2407
1988,REQUIRES_DIAGNOSIS,1994
2355,CAUSED_BY,2366
4422,FIXES,4423
3963,REQUIRES_DIAGNOSIS,3969
49,EXHIBITS,3806
5634,REQUIRES_DIAGNOSIS,5641
1527,FIXES,2135
854,CAUSED_BY,855
1411,REQUIRES_DIAGNOSIS,1417
701,REQUIRES_DIAGNOSIS,707
1,EXHIBITS,788
1778,CAUSED_BY,1789
961,FIXES,959
2827,FIXES,2848
4489,CAUSED_BY,4490
286,FIXES,290
4112,FIXES,4114
53,FIXES,2192
4698,REQUIRES_DIAGNOSIS,4705
4503,CAUSED_BY,76
2641,REQUIRES_DIAGNOSIS,2645
1337,CAUSED_BY,1345
1944,REQUIRES_DIAGNOSIS,1947
28,CAUSED_BY,29
20,FIXES,6794
1,EXHIBITS,680
651,FIXES,650
3234,FIXES,3238
3247,FIXES,3250
701,CAUSED_BY,704
4208,FIXES,4212
6725,FIXES,6727
2739,FIXES,2746
2027,REQUIRES_DIAGNOSIS,2033
20,FIXES,5976
972,FIXES,973
20,FIXES,3761
1512,FIXES,6538
1178,FIXES,1184
4698,CAUSED_BY,4702
2641,CAUSED_BY,2642
789,CAUSED_BY,435
5027,CAUSED_BY,5015
1622,CAUSED_BY,35
5129,FIXES,5128
5480,CAUSED_BY,5481
1452,REQUIRES_DIAGNOSIS,1456
407,FIXES,414
1769,FIXES,1774
2125,FIXES,2134
49,EXHIBITS,2772
4912,FIXES,4916
1,EXHIBITS,6399
31,FIXES,1537
20,FIXES,3882
4084,CAUSED_BY,4090
5705,FIXES,5708
4449,REQUIRES_DIAGNOSIS,4457
20,FIXES,2835
5995,FIXES,5999
3800,REQUIRES_DIAGNOSIS,3804
6599,FIXES,124
2829,FIXES,2838
1772,FIXES,1775
1752,FIXES,1774
6845,REQUIRES_DIAGNOSIS,6854
1,EXHIBITS,2090
6490,CAUSED_BY,6498
897,CAUSED_BY,901
4440,REQUIRES_DIAGNOSIS,4447
3385,FIXES,3387
74,FIXES,4603
6810,REQUIRES_DIAGNOSIS,6817
219,FIXES,226
2510,CAUSED_BY,2513
4998,FIXES,4999
1,EXHIBITS,5473
5729,FIXES,5734
709,REQUIRES_DIAGNOSIS,716
2630,FIXES,6736
5743,FIXES,5750
5311,FIXES,5309
6033,FIXES,6037
305,REQUIRES_DIAGNOSIS,327
1245,REQUIRES_DIAGNOSIS,1264
3800,CAUSED_BY,3801
6589,FIXES,6586
1,EXHIBITS,6641
3423,FIXES,3425
2255,FIXES,2258
4376,FIXES,4374
1755,FIXES,1775
5746,FIXES,5747
5758,REQUIRES_DIAGNOSIS,5779
140,FIXES,138
6464,FIXES,6470
3220,FIXES,3218
3565,REQUIRES_DIAGNOSIS,3568
5236,REQUIRES_DIAGNOSIS,5240
7,FIXES,9
20,FIXES,2848
709,CAUSED_BY,713
2690,FIXES,2696
4909,REQUIRES_DIAGNOSIS,4918
332,FIXES,337
5111,FIXES,5110
6691,CAUSED_BY,6694
460,REQUIRES_DIAGNOSIS,464
2169,FIXES,2124
1622,REQUIRES_DIAGNOSIS,1646
1511,CAUSED_BY,1876
4728,FIXES,4726
1910,FIXES,1912
4321,REQUIRES_DIAGNOSIS,4329
5806,FIXES,5814
1,EXHIBITS,5486
2565,CAUSED_BY,2568
3233,FIXES,3237
5236,CAUSED_BY,5237
1298,FIXES,1294
3738,FIXES,3742
2738,FIXES,2745
4909,CAUSED_BY,4915
2693,FIXES,2697
2725,REQUIRES_DIAGNOSIS,2730
5396,REQUIRES_DIAGNOSIS,5399
3092,CAUSED_BY,3102
2275,FIXES,2272
53,FIXES,2460
5476,FIXES,5474
460,CAUSED_BY,461
1296,FIXES,1300
2901,FIXES,2899
4373,REQUIRES_DIAGNOSIS,4383
6313,REQUIRES_DIAGNOSIS,6317
3300,CAUSED_BY,3304
2130,FIXES,2155
2435,CAUSED_BY,2436
4321,CAUSED_BY,4326
5942,FIXES,5944
1216,FIXES,4221
4469,REQUIRES_DIAGNOSIS,4477
1941,FIXES,35
1809,FIXES,1570
653,FIXES,650
608,REQUIRES_DIAGNOSIS,616
2614,FIXES,2609
1,EXHIBITS,4560
3013,CAUSED_BY,3014
2678,CAUSED_BY,2679
1528,FIXES,1531
4691,REQUIRES_DIAGNOSIS,4695
6406,CAUSED_BY,6411
1180,FIXES,1184
6049,FIXES,1835
305,CAUSED_BY,310
20,FIXES,1225
1476,REQUIRES_DIAGNOSIS,1481
2424,FIXES,172
1374,FIXES,1370
20,FIXES,3211
4323,FIXES,4326
4373,CAUSED_BY,4380
1579,FIXES,3153
1388,FIXES,1386
2828,FIXES,2837
4469,CAUSED_BY,4474
3779,FIXES,3781
6249,FIXES,6248
3051,CAUSED_BY,3052
5840,FIXES,5837
1623,FIXES,1635
6131,CAUSED_BY,6132
854,REQUIRES_DIAGNOSIS,856
3541,FIXES,3544
4952,REQUIRES_DIAGNOSIS,4964
5456,CAUSED_BY,5463
1,EXHIBITS,1648
1432,FIXES,1322
2359,FIXES,2917
6032,FIXES,6036
6716,REQUIRES_DIAGNOSIS,6719
2735,FIXES,2733
4851,REQUIRES_DIAGNOSIS,4854
3407,FIXES,3384
4983,FIXES,4986
393,FIXES,6126
329,CAUSED_BY,336
4859,REQUIRES_DIAGNOSIS,4867
3770,FIXES,3771
4757,FIXES,4756
5517,CAUSED_BY,5520
2469,FIXES,2475
6641,REQUIRES_DIAGNOSIS,6643
2806,FIXES,2636
1526,FIXES,1631
4792,FIXES,4797
5792,FIXES,5794
2151,REQUIRES_DIAGNOSIS,2163
2336,FIXES,2346
332,FIXES,3975
6463,FIXES,6469
598,CAUSED_BY,602
6782,CAUSED_BY,6785
2252,FIXES,2263
1756,FIXES,1747
998,CAUSED_BY,999
3196,FIXES,3198
331,FIXES,336
4505,FIXES,4507
2339,FIXES,2343
1339,FIXES,1346
3822,FIXES,3825
2390,FIXES,2387
6480,FIXES,6482
5470,FIXES,5467
49,EXHIBITS,4679
763,REQUIRES_DIAGNOSIS,766
2257,FIXES,2258
1576,CAUSED_BY,1577
2547,FIXES,2545
1,EXHIBITS,5862
1052,FIXES,1056
3173,FIXES,3172
2308,FIXES,2247
3585,CAUSED_BY,3589
4642,FIXES,4668
1527,FIXES,2190
2692,FIXES,2696
20,FIXES,312
5068,REQUIRES_DIAGNOSIS,5076
2797,FIXES,4497
5675,FIXES,5681
114,REQUIRES_DIAGNOSIS,117
1593,FIXES,2973
1907,CAUSED_BY,1924
2740,FIXES,2741
3863,REQUIRES_DIAGNOSIS,3874
1,EXHIBITS,3997
1,EXHIBITS,5983
1495,FIXES,201
1721,CAUSED_BY,1256
1037,CAUSED_BY,1038
2825,CAUSED_BY,2836
1008,FIXES,1009
6490,REQUIRES_DIAGNOSIS,6499
2069,FIXES,2070
897,REQUIRES_DIAGNOSIS,902
1660,FIXES,1659
1705,REQUIRES_DIAGNOSIS,1704
2660,FIXES,2656
4480,REQUIRES_DIAGNOSIS,4487
560,FIXES,565
6476,REQUIRES_DIAGNOSIS,6487
1608,FIXES,2894
1592,REQUIRES_DIAGNOSIS,1606
4337,CAUSED_BY,4338
1839,FIXES,1846
1,EXHIBITS,6104
782,FIXES,783
2858,REQUIRES_DIAGNOSIS,2865
3641,FIXES,357
1231,FIXES,1425
3497,REQUIRES_DIAGNOSIS,3503
3863,CAUSED_BY,3871
2764,FIXES,2767
4113,FIXES,4115
3778,FIXES,3780
1,EXHIBITS,5286
859,REQUIRES_DIAGNOSIS,877
232,CAUSED_BY,237
1203,FIXES,1205
20,FIXES,325
4021,FIXES,4019
2274,FIXES,2247
4789,CAUSED_BY,4796
285,FIXES,297
861,FIXES,3099
861,FIXES,884
4291,FIXES,4309
3488,REQUIRES_DIAGNOSIS,3493
2966,FIXES,75
2825,CAUSED_BY,2849
2816,FIXES,2821
6286,FIXES,6285
4421,FIXES,4420
689,FIXES,864
1157,FIXES,22
6168,CAUSED_BY,6169
5791,FIXES,5793
4791,FIXES,4796
5783,FIXES,1838
2101,REQUIRES_DIAGNOSIS,2109
5308,REQUIRES_DIAGNOSIS,5067
3529,FIXES,3528
20,FIXES,3829
53,FIXES,2152
72,FIXES,315
4171,CAUSED_BY,4172
2075,FIXES,2102
4156,FIXES,4159
2338,FIXES,2342
2737,FIXES,2733
1,EXHIBITS,5299
1,EXHIBITS,1098
2359,FIXES,2367
933,FIXES,932
2651,CAUSED_BY,2636
2996,REQUIRES_DIAGNOSIS,3002
6819,CAUSED_BY,6822
2808,FIXES,2636
1546,FIXES,1547
5385,FIXES,5383
2971,CAUSED_BY,1599
1,EXHIBITS,4252
1051,FIXES,1055
3919,CAUSED_BY,3923
2774,FIXES,2747
3766,REQUIRES_DIAGNOSIS,3775
1310,REQUIRES_DIAGNOSIS,1324
987,FIXES,973
2123,CAUSED_BY,2135
3094,FIXES,3103
5758,CAUSED_BY,5710
971,FIXES,970
2791,REQUIRES_DIAGNOSIS,2801
19,FIXES,311
5028,FIXES,5015
3281,FIXES,3280
2251,FIXES,2264
2453,REQUIRES_DIAGNOSIS,78
5724,CAUSED_BY,5734
6793,FIXES,6794
1,EXHIBITS,4373
2549,FIXES,2545
1536,CAUSED_BY,3297
3514,REQUIRES_DIAGNOSIS,3526
465,REQUIRES_DIAGNOSIS,491
3457,REQUIRES_DIAGNOSIS,3460
4898,FIXES,6752
721,CAUSED_BY,722
2054,FIXES,2053
1104,CAUSED_BY,1110
4769,REQUIRES_DIAGNOSIS,4773
2737,FIXES,2746
5197,FIXES,5195
20,FIXES,5010
6506,FIXES,6504
1536,CAUSED_BY,35
863,FIXES,867
2172,FIXES,2176
2197,REQUIRES_DIAGNOSIS,2220
1061,REQUIRES_DIAGNOSIS,1072
20,FIXES,6178
1542,REQUIRES_DIAGNOSIS,1552
2647,REQUIRES_DIAGNOSIS,2637
2092,FIXES,2091
2393,CAUSED_BY,2404
576,FIXES,577
2763,FIXES,2766
4517,REQUIRES_DIAGNOSIS,4524
5871,FIXES,5867
3415,FIXES,3416
3592,REQUIRES_DIAGNOSIS,3596
2114,FIXES,2120
3067,FIXES,3069
1249,FIXES,1252
5390,FIXES,5391
182,CAUSED_BY,183
739,REQUIRES_DIAGNOSIS,745
2670,FIXES,2669
1622,CAUSED_BY,1634
3612,FIXES,3748
1512,FIXES,5104
263,FIXES,2832
20,FIXES,4313
2780,FIXES,2779
4527,CAUSED_BY,4528
5318,FIXES,5319
3643,FIXES,357
3823,FIXES,3830
924,REQUIRES_DIAGNOSIS,928
3592,CAUSED_BY,3593
600,FIXES,603
6827,CAUSED_BY,6831
2251,FIXES,412
40,REQUIRES_DIAGNOSIS,26
1767,FIXES,1776
2575,FIXES,2578
1,EXHIBITS,6722
19,FIXES,1613
5414,FIXES,5417
2879,FIXES,2881
2358,FIXES,2366
572,REQUIRES_DIAGNOSIS,582
2359,FIXES,2743
5828,FIXES,5830
1117,FIXES,5998
1161,CAUSED_BY,1168
1969,CAUSED_BY,1970
6546,FIXES,6553
5341,FIXES,5351
263,FIXES,2845
4936,FIXES,4938
749,FIXES,755
2299,FIXES,3097
2630,FIXES,3676
3433,FIXES,76
1750,FIXES,1776
3531,FIXES,3528
2317,REQUIRES_DIAGNOSIS,2333
5246,REQUIRES_DIAGNOSIS,5251
2396,FIXES,2404
3150,REQUIRES_DIAGNOSIS,3165
5726,FIXES,5712
2340,FIXES,2342
2250,FIXES,2263
1527,FIXES,2124
2361,FIXES,2367
660,REQUIRES_DIAGNOSIS,670
5741,FIXES,5752
6839,FIXES,6841
128,REQUIRES_DIAGNOSIS,26
1,EXHIBITS,4978
5839,FIXES,5844
3974,FIXES,3979
1,EXHIBITS,4749
3626,FIXES,3632
3137,CAUSED_BY,2211
4266,FIXES,4264
6034,FIXES,6061
625,REQUIRES_DIAGNOSIS,633
2355,REQUIRES_DIAGNOSIS,2371
5673,REQUIRES_DIAGNOSIS,5699
1862,CAUSED_BY,90
2713,FIXES,2715
3064,CAUSED_BY,3068
3096,FIXES,3103
49,EXHIBITS,3687
788,REQUIRES_DIAGNOSIS,787
4701,FIXES,4702
2171,FIXES,2175
6830,FIXES,6831
2253,FIXES,2264
2905,FIXES,2914
660,CAUSED_BY,667
1,EXHIBITS,2655
5569,FIXES,5567
694,FIXES,693
251,EXHIBITS,365
1,EXHIBITS,1837
2056,FIXES,2053
178,FIXES,176
2355,CAUSED_BY,2368
3134,FIXES,3141
2064,FIXES,2066
3739,FIXES,3743
5103,CAUSED_BY,5104
199,FIXES,201
2893,REQUIRES_DIAGNOSIS,2896
5634,REQUIRES_DIAGNOSIS,5643
3608,CAUSED_BY,3615
1527,FIXES,2137
6508,FIXES,6504
883,FIXES,783
680,REQUIRES_DIAGNOSIS,684
1411,REQUIRES_DIAGNOSIS,1419
4297,REQUIRES_DIAGNOSIS,4306
1778,CAUSED_BY,1791
3195,FIXES,3198
4902,REQUIRES_DIAGNOSIS,4908
6607,REQUIRES_DIAGNOSIS,6616
3499,FIXES,3501
6272,REQUIRES_DIAGNOSIS,6281
5969,FIXES,5968
2094,FIXES,2091
286,FIXES,292
4112,FIXES,4116
6031,FIXES,6056
2292,REQUIRES_DIAGNOSIS,2296
1337,CAUSED_BY,1347
1842,FIXES,1838
1766,FIXES,1775
1778,REQUIRES_DIAGNOSIS,1807
2574,FIXES,2577
1721,REQUIRES_DIAGNOSIS,1741
3919,REQUIRES_DIAGNOSIS,3924
5634,CAUSED_BY,5640
5802,CAUSED_BY,5810
2351,CAUSED_BY,2353
2782,FIXES,2779
951,FIXES,950
2739,FIXES,2748
4084,REQUIRES_DIAGNOSIS,4095
3803,FIXES,3801
6607,CAUSED_BY,6613
555,CAUSED_BY,565
1925,FIXES,1924
49,EXHIBITS,6265
5350,REQUIRES_DIAGNOSIS,5354
121,FIXES,123
3295,FIXES,3297
5416,FIXES,5413
2253,FIXES,412
4602,CAUSED_BY,4603
1,EXHIBITS,1032
19,FIXES,124
4935,FIXES,4937
1,EXHIBITS,803
1452,REQUIRES_DIAGNOSIS,1458
1778,CAUSED_BY,1804
1387,FIXES,1412
1769,FIXES,1776
1104,REQUIRES_DIAGNOSIS,1111
2125,FIXES,2136
2167,CAUSED_BY,2177
4883,REQUIRES_DIAGNOSIS,4887
1372,FIXES,1376
20,FIXES,6099
20,FIXES,3884
2255,FIXES,2247
5705,FIXES,5710
2629,FIXES,2628
1427,REQUIRES_DIAGNOSIS,1384
859,CAUSED_BY,865
42,FIXES,35
4449,REQUIRES_DIAGNOSIS,4459
5468,FIXES,5467
6018,FIXES,6020
6838,FIXES,6840
5358,CAUSED_BY,5364
1,EXHIBITS,1153
20,FIXES,2837
1114,CAUSED_BY,1115
1,EXHIBITS,924
19,FIXES,16
3095,FIXES,3098
6637,FIXES,6688
4510,REQUIRES_DIAGNOSIS,4516
436,FIXES,124
2829,FIXES,2840
1224,CAUSED_BY,1225
1752,FIXES,1776
4883,CAUSED_BY,4884
1375,FIXES,1377
4388,CAUSED_BY,4392
219,FIXES,228
3768,FIXES,3777
5728,FIXES,5712
5806,FIXES,5803
5360,FIXES,5364
6360,FIXES,6361
1485,FIXES,1487
1,EXHIBITS,5246
5743,FIXES,5752
4324,FIXES,4326
6033,FIXES,6039
427,FIXES,430
1067,FIXES,1062
3127,CAUSED_BY,3128
1245,REQUIRES_DIAGNOSIS,1266
2255,FIXES,2260
73,FIXES,148
2907,FIXES,2910
49,EXHIBITS,1969
5746,FIXES,5749
5629,FIXES,5623
3565,REQUIRES_DIAGNOSIS,3570
20,FIXES,5294
355,FIXES,358
6766,REQUIRES_DIAGNOSIS,6772
1216,FIXES,9
2898,REQUIRES_DIAGNOSIS,2941
4786,FIXES,4784
49,EXHIBITS,3137
6316,FIXES,6314
4909,REQUIRES_DIAGNOSIS,4920
1576,CAUSED_BY,35
332,FIXES,339
236,FIXES,238
2588,CAUSED_BY,2589
2435,REQUIRES_DIAGNOSIS,2441
149,FIXES,76
6354,FIXES,6352
2565,CAUSED_BY,2570
3471,REQUIRES_DIAGNOSIS,3446
465,CAUSED_BY,479
2204,FIXES,385
2828,FIXES,2826
4888,CAUSED_BY,4892
2738,FIXES,2747
4909,CAUSED_BY,4917
5394,FIXES,1502
2608,REQUIRES_DIAGNOSIS,2606
3092,CAUSED_BY,3104
2630,FIXES,3718
5016,FIXES,5021
460,CAUSED_BY,463
1296,FIXES,1302
2658,FIXES,2662
2898,CAUSED_BY,2911
425,CAUSED_BY,426
1216,FIXES,22
4469,REQUIRES_DIAGNOSIS,4479
5942,FIXES,1516
1001,FIXES,999
5992,CAUSED_BY,6000
1189,CAUSED_BY,9
2706,FIXES,2707
1661,FIXES,1662
2023,FIXES,2025
5086,REQUIRES_DIAGNOSIS,5092
3029,REQUIRES_DIAGNOSIS,3032
6757,REQUIRES_DIAGNOSIS,6764
4639,CAUSED_BY,4640
2949,FIXES,2950
305,CAUSED_BY,312
20,FIXES,3213
1579,FIXES,3155
141,FIXES,99
2828,FIXES,2839
4879,FIXES,4877
531,FIXES,533
20,FIXES,6596
4719,FIXES,4720
598,REQUIRES_DIAGNOSIS,607
49,EXHIBITS,2453
2506,FIXES,2508
854,REQUIRES_DIAGNOSIS,858
2630,FIXES,1516
4036,FIXES,4038
4317,CAUSED_BY,4313
6757,CAUSED_BY,6761
3639,FIXES,3638
20,FIXES,5549
2359,FIXES,2919
998,REQUIRES_DIAGNOSIS,1004
3990,CAUSED_BY,3991
6032,FIXES,6038
6716,REQUIRES_DIAGNOSIS,6721
627,FIXES,631
1476,CAUSED_BY,1480
4851,REQUIRES_DIAGNOSIS,4856
5566,CAUSED_BY,5575
2796,FIXES,2799
3749,FIXES,3748
4983,FIXES,4988
329,CAUSED_BY,338
1189,CAUSED_BY,22
3179,FIXES,3187
3422,FIXES,3426
2254,FIXES,2259
3741,FIXES,3758
1526,FIXES,1633
5745,FIXES,5748
2151,REQUIRES_DIAGNOSIS,2165
1899,CAUSED_BY,1900
598,CAUSED_BY,604
1189,CAUSED_BY,1190
1512,FIXES,6461
1512,FIXES,45
4180,FIXES,4181
2252,FIXES,2265
49,EXHIBITS,5957
3196,FIXES,3200
4925,FIXES,4790
2519,FIXES,3257
712,FIXES,6178
331,FIXES,338
5157,FIXES,5159
2339,FIXES,2345
3822,FIXES,3827
3150,CAUSED_BY,3153
3707,REQUIRES_DIAGNOSIS,3715
2010,REQUIRES_DIAGNOSIS,2020
49,EXHIBITS,2466
6444,FIXES,6443
2257,FIXES,2260
5703,REQUIRES_DIAGNOSIS,5715
20,FIXES,1361
49,EXHIBITS,3863
6408,FIXES,6412
4642,FIXES,4670
3404,CAUSED_BY,3409
6073,FIXES,6077
1527,FIXES,2192
2072,REQUIRES_DIAGNOSIS,2081
6201,REQUIRES_DIAGNOSIS,6204
20,FIXES,314
264,FIXES,261
2657,FIXES,2661
5358,REQUIRES_DIAGNOSIS,5365
2042,FIXES,35
759,CAUSED_BY,760
1907,CAUSED_BY,1926
730,FIXES,731
2740,FIXES,2743
3863,REQUIRES_DIAGNOSIS,3876
2130,FIXES,318
5519,FIXES,129
6260,CAUSED_BY,6261
6776,CAUSED_BY,6778
2825,CAUSED_BY,2838
6490,REQUIRES_DIAGNOSIS,6501
2206,FIXES,385
1,EXHIBITS,2952
2129,FIXES,318
2072,CAUSED_BY,2078
5791,FIXES,5782
848,REQUIRES_DIAGNOSIS,851
1165,FIXES,1169
6503,CAUSED_BY,6504
2732,CAUSED_BY,2741
6521,FIXES,6523
6055,CAUSED_BY,6060
114,CAUSED_BY,116
782,FIXES,785
72,FIXES,75
1025,FIXES,1024
2772,CAUSED_BY,2773
2858,REQUIRES_DIAGNOSIS,2867
4273,FIXES,4274
49,EXHIBITS,6091
1863,FIXES,90
287,FIXES,293
5611,CAUSED_BY,5612
5276,CAUSED_BY,5277
4126,FIXES,4129
6582,FIXES,6580
4532,REQUIRES_DIAGNOSIS,4543
20,FIXES,4986
2359,FIXES,2356
933,FIXES,921
1312,FIXES,1435
232,CAUSED_BY,239
251,EXHIBITS,5802
1565,FIXES,1570
6812,FIXES,2674
1316,FIXES,29
4334,FIXES,4331
835,CAUSED_BY,836
2225,FIXES,2233
2456,FIXES,2454
392,REQUIRES_DIAGNOSIS,401
3210,REQUIRES_DIAGNOSIS,3215
3986,FIXES,3984
1,EXHIBITS,6456
1,EXHIBITS,6227
6628,REQUIRES_DIAGNOSIS,6746
861,FIXES,3101
861,FIXES,886
3491,FIXES,3492
1427,REQUIRES_DIAGNOSIS,1439
4311,FIXES,4312
5008,FIXES,5010
6377,FIXES,6379
724,FIXES,722
3193,CAUSED_BY,3199
2966,FIXES,306
1273,REQUIRES_DIAGNOSIS,1278
881,FIXES,880
1,EXHIBITS,5180
979,FIXES,1009
2167,CAUSED_BY,2124
185,FIXES,186
397,FIXES,29
4386,FIXES,4385
1856,FIXES,1858
6797,REQUIRES_DIAGNOSIS,6802
1555,FIXES,1559
1161,REQUIRES_DIAGNOSIS,1174
119,EXHIBITS,4778
6449,REQUIRES_DIAGNOSIS,6455
3558,CAUSED_BY,3559
20,FIXES,3831
3210,CAUSED_BY,3212
465,REQUIRES_DIAGNOSIS,480
73,FIXES,82
392,CAUSED_BY,398
5046,FIXES,5048
1316,FIXES,1318
1353,CAUSED_BY,1360
2021,REQUIRES_DIAGNOSIS,2026
2338,FIXES,2344
919,FIXES,918
6465,FIXES,6467
20,FIXES,2784
2271,CAUSED_BY,2272
2996,REQUIRES_DIAGNOSIS,3004
3612,FIXES,3616
1546,FIXES,1549
1944,CAUSED_BY,1950
5432,FIXES,5433
5992,REQUIRES_DIAGNOSIS,6001
2101,CAUSED_BY,2108
1310,REQUIRES_DIAGNOSIS,1326
1299,FIXES,439
3415,FIXES,3405
5957,REQUIRES_DIAGNOSIS,5964
2123,CAUSED_BY,2137
5855,FIXES,5853
3789,FIXES,3786
2791,REQUIRES_DIAGNOSIS,2803
5507,FIXES,5506
170,FIXES,35
20,FIXES,690
6532,CAUSED_BY,6538
6277,FIXES,6279
5726,FIXES,90
49,EXHIBITS,6346
4680,FIXES,2869
2083,CAUSED_BY,2084
332,FIXES,3777
4922,CAUSED_BY,4923
1358,FIXES,1361
588,CAUSED_BY,595
559,FIXES,566
4317,REQUIRES_DIAGNOSIS,4314
863,FIXES,869
1,EXHIBITS,2510
1831,CAUSED_BY,1835
5628,FIXES,5630
3440,FIXES,2798
576,FIXES,579
4125,FIXES,4128
4517,REQUIRES_DIAGNOSIS,4526
5787,FIXES,1908
217,CAUSED_BY,222
3592,REQUIRES_DIAGNOSIS,3598
1249,FIXES,1254
1,EXHIBITS,3449
5028,FIXES,5030
3380,FIXES,3381
1454,FIXES,412
1515,FIXES,1516
2224,FIXES,2232
1622,CAUSED_BY,1636
1167,FIXES,1169
3275,FIXES,3273
5006,FIXES,5005
263,FIXES,2834
3230,REQUIRES_DIAGNOSIS,3239
1432,FIXES,90
5043,CAUSED_BY,5047
1840,FIXES,1844
6376,FIXES,6378
49,EXHIBITS,4602
770,FIXES,769
3137,REQUIRES_DIAGNOSIS,3142
1512,FIXES,1844
3823,FIXES,3832
170,FIXES,169
5310,FIXES,5244
600,FIXES,605
2952,CAUSED_BY,2956
4073,CAUSED_BY,4075
739,CAUSED_BY,744
3926,CAUSED_BY,3930
3035,REQUIRES_DIAGNOSIS,3001
2227,FIXES,2233
2458,FIXES,2454
3230,CAUSED_BY,3236
662,FIXES,666
3675,CAUSED_BY,3681
6622,FIXES,6618
1,EXHIBITS,1705
2358,FIXES,2368
572,REQUIRES_DIAGNOSIS,584
1,EXHIBITS,1476
2288,FIXES,2290
1607,CAUSED_BY,1609
2359,FIXES,2745
1578,FIXES,1580
4330,REQUIRES_DIAGNOSIS,4335
5106,FIXES,5104
1117,FIXES,6000
6139,REQUIRES_DIAGNOSIS,6158
3611,FIXES,3615
5341,FIXES,5353
780,REQUIRES_DIAGNOSIS,786
6437,REQUIRES_DIAGNOSIS,6439
97,FIXES,107
1,EXHIBITS,6845
1216,FIXES,3702
2299,FIXES,3099
1037,REQUIRES_DIAGNOSIS,1041
712,FIXES,5294
32,FIXES,2037
2340,FIXES,2344
2250,FIXES,2265
49,EXHIBITS,1353
2984,REQUIRES_DIAGNOSIS,2988
4301,FIXES,4303
2624,FIXES,2609
5352,FIXES,5344
3974,FIXES,3981
2946,CAUSED_BY,2947
6034,FIXES,6063
2827,FIXES,2839
625,REQUIRES_DIAGNOSIS,635
1888,REQUIRES_DIAGNOSIS,1872
4529,FIXES,76
1343,FIXES,1344
5673,REQUIRES_DIAGNOSIS,5701
5879,FIXES,5878
2074,FIXES,2079
2967,FIXES,315
558,FIXES,565
3064,CAUSED_BY,3070
4789,REQUIRES_DIAGNOSIS,4799
5246,CAUSED_BY,5250
131,FIXES,96
5036,FIXES,5039
197,REQUIRES_DIAGNOSIS,203
4339,FIXES,4341
2171,FIXES,2177
4641,FIXES,4960
4023,REQUIRES_DIAGNOSIS,4027
5592,FIXES,5588
2206,FIXES,90
2905,FIXES,2916
660,CAUSED_BY,669
3741,FIXES,3826
1758,FIXES,1774
213,FIXES,215
6332,REQUIRES_DIAGNOSIS,6337
694,FIXES,695
1248,FIXES,1253
1153,CAUSED_BY,22
2602,REQUIRES_DIAGNOSIS,2607
4512,FIXES,76
5404,CAUSED_BY,5405
5805,FIXES,5812
5534,FIXES,5532
6442,REQUIRES_DIAGNOSIS,6447
3608,CAUSED_BY,3617
3624,REQUIRES_DIAGNOSIS,3633
3321,FIXES,3320
5340,FIXES,5339
1,EXHIBITS,792
2359,FIXES,75
5332,CAUSED_BY,5333
3195,FIXES,3200
961,FIXES,963
1014,REQUIRES_DIAGNOSIS,1021
2544,REQUIRES_DIAGNOSIS,2551
6272,REQUIRES_DIAGNOSIS,6283
1666,REQUIRES_DIAGNOSIS,1671
286,FIXES,294
1,EXHIBITS,4175
3442,FIXES,2798
5789,FIXES,1908
3241,CAUSED_BY,3242
2167,REQUIRES_DIAGNOSIS,2182
1721,REQUIRES_DIAGNOSIS,1743
20,FIXES,2826
1,EXHIBITS,5114
4535,FIXES,4538
4661,FIXES,4213
2123,REQUIRES_DIAGNOSIS,2138
2796,FIXES,76
5742,FIXES,5676
6254,REQUIRES_DIAGNOSIS,6259
3434,FIXES,3431
1925,FIXES,1926
1,EXHIBITS,1852
4442,FIXES,4441
3073,CAUSED_BY,1120
49,EXHIBITS,4052
5350,REQUIRES_DIAGNOSIS,5356
6532,REQUIRES_DIAGNOSIS,6539
6417,FIXES,6416
6372,REQUIRES_DIAGNOSIS,6382
1,EXHIBITS,3020
4935,FIXES,4939
3865,FIXES,3864
4970,FIXES,44
1104,REQUIRES_DIAGNOSIS,1113
588,REQUIRES_DIAGNOSIS,596
2519,FIXES,2520
2702,CAUSED_BY,2703
654,FIXES,655
1372,FIXES,1378
2452,CAUSED_BY,2448
1,EXHIBITS,1973
5705,FIXES,5712
2907,FIXES,2899
4449,REQUIRES_DIAGNOSIS,4461
5725,FIXES,5676
619,FIXES,618
859,CAUSED_BY,867
1511,CAUSED_BY,1517
6018,FIXES,6022
63,FIXES,62
106,CAUSED_BY,107
1512,FIXES,3630
1433,FIXES,1435
20,FIXES,2839
3095,FIXES,3100
6372,CAUSED_BY,6379
1085,FIXES,1088
1389,FIXES,1391
2455,FIXES,2461
5162,REQUIRES_DIAGNOSIS,5168
2829,FIXES,2842
3020,REQUIRES_DIAGNOSIS,3001
1245,CAUSED_BY,1252
20,FIXES,5993
73,FIXES,29
1375,FIXES,1379
115,FIXES,116
1910,FIXES,1903
5638,FIXES,5635
4527,REQUIRES_DIAGNOSIS,4531
4955,FIXES,4953
2794,FIXES,2798
5311,FIXES,5313
370,FIXES,366
712,FIXES,3468
6691,REQUIRES_DIAGNOSIS,6701
5063,FIXES,4884
2693,FIXES,2688
917,REQUIRES_DIAGNOSIS,922
6589,FIXES,6590
20,FIXES,4128
1,EXHIBITS,6645
3092,CAUSED_BY,3093
5881,FIXES,5878
2255,FIXES,2262
5931,CAUSED_BY,5932
5746,FIXES,5751
6554,FIXES,6553
2736,FIXES,2742
3220,FIXES,3222
3565,REQUIRES_DIAGNOSIS,3572
20,FIXES,5296
1,EXHIBITS,1397
1,EXHIBITS,3383
3993,FIXES,3994
453,FIXES,452
405,CAUSED_BY,414
6766,REQUIRES_DIAGNOSIS,6774
2898,REQUIRES_DIAGNOSIS,2943
3846,FIXES,3849
5594,FIXES,5588
332,FIXES,341
4820,FIXES,107
5143,REQUIRES_DIAGNOSIS,5147
1,EXHIBITS,350
236,FIXES,240
1293,CAUSED_BY,439
1250,FIXES,1253
5823,CAUSED_BY,5829
4728,FIXES,4730
393,FIXES,398
425,REQUIRES_DIAGNOSIS,431
4581,FIXES,4585
4744,FIXES,124
105,EXHIBITS,5338
535,REQUIRES_DIAGNOSIS,541
4194,REQUIRES_DIAGNOSIS,4200
1,EXHIBITS,6658
2678,REQUIRES_DIAGNOSIS,2686
1623,FIXES,1626
5016,FIXES,5023
5143,CAUSED_BY,5144
1296,FIXES,1304
2898,CAUSED_BY,2913
4981,FIXES,4986
1061,CAUSED_BY,1062
998,REQUIRES_DIAGNOSIS,993
20,FIXES,3323
1161,CAUSED_BY,1333
5079,FIXES,5078
396,FIXES,399
2111,REQUIRES_DIAGNOSIS,2122
3064,REQUIRES_DIAGNOSIS,3071
1371,FIXES,1377
6477,FIXES,3991
3029,REQUIRES_DIAGNOSIS,3034
49,EXHIBITS,2334
2678,CAUSED_BY,2683
3587,FIXES,3586
1432,FIXES,1434
2186,REQUIRES_DIAGNOSIS,2195
305,CAUSED_BY,314
3585,REQUIRES_DIAGNOSIS,3583
1691,REQUIRES_DIAGNOSIS,1703
1388,FIXES,1390
2388,FIXES,2387
5562,FIXES,5561
2828,FIXES,2841
4277,CAUSED_BY,4283
6122,REQUIRES_DIAGNOSIS,6129
73,FIXES,4606
1470,FIXES,1472
2819,FIXES,2820
1052,FIXES,1047
20,FIXES,1121
3051,CAUSED_BY,23
4357,FIXES,4363
1087,FIXES,1088
4983,FIXES,4990
6617,CAUSED_BY,6618
329,CAUSED_BY,340
3048,FIXES,3047
3179,FIXES,3189
2254,FIXES,2261
6122,CAUSED_BY,6126
1526,FIXES,1635
5745,FIXES,5750
2205,FIXES,2208
1899,CAUSED_BY,1902
332,FIXES,3979
598,CAUSED_BY,606
189,CAUSED_BY,195
4725,CAUSED_BY,4729
1907,CAUSED_BY,1915
6058,FIXES,6060
676,REQUIRES_DIAGNOSIS,679
2200,FIXES,385
5393,REQUIRES_DIAGNOSIS,5395
6348,FIXES,6347
4641,FIXES,5015
1757,FIXES,1775
331,FIXES,340
6363,CAUSED_BY,6364
20,FIXES,6840
3150,CAUSED_BY,3155
934,FIXES,937
370,FIXES,45
49,EXHIBITS,4683
2257,FIXES,2262
2655,CAUSED_BY,2663
5703,REQUIRES_DIAGNOSIS,5717
1081,CAUSED_BY,1089
20,FIXES,1363
2034,CAUSED_BY,2038
2860,FIXES,2859
3420,REQUIRES_DIAGNOSIS,3427
2171,FIXES,2124
5183,FIXES,5181
4136,FIXES,22
5186,CAUSED_BY,5187
1608,FIXES,1609
6006,CAUSED_BY,6007
20,FIXES,316
2657,FIXES,2663
285,FIXES,288
2225,FIXES,2222
5358,REQUIRES_DIAGNOSIS,5367
1944,CAUSED_BY,1468
2740,FIXES,2745
395,FIXES,398
382,FIXES,386
5323,REQUIRES_DIAGNOSIS,5330
49,EXHIBITS,3757
4583,FIXES,4585
2825,CAUSED_BY,2840
150,FIXES,134
1660,FIXES,1663
1705,REQUIRES_DIAGNOSIS,1708
1,EXHIBITS,5169
1,EXHIBITS,739
848,REQUIRES_DIAGNOSIS,853
2732,CAUSED_BY,2743
1098,CAUSED_BY,1099
6055,CAUSED_BY,6062
6425,FIXES,6424
1,EXHIBITS,1907
72,FIXES,306
4956,FIXES,4958
2772,CAUSED_BY,2775
287,FIXES,295
641,FIXES,638
931,REQUIRES_DIAGNOSIS,939
4532,REQUIRES_DIAGNOSIS,4545
20,FIXES,2773
1359,FIXES,1361
20,FIXES,4988
232,CAUSED_BY,241
3558,REQUIRES_DIAGNOSIS,3564
6628,REQUIRES_DIAGNOSIS,6748
392,REQUIRES_DIAGNOSIS,403
5933,FIXES,5031
1773,FIXES,1774
157,FIXES,76
861,FIXES,3103
881,FIXES,3915
2781,FIXES,2784
2086,FIXES,2084
1862,CAUSED_BY,1570
910,CAUSED_BY,911
1273,REQUIRES_DIAGNOSIS,1280
20,FIXES,2894
2588,REQUIRES_DIAGNOSIS,2592
1251,FIXES,1258
6620,FIXES,6624
1,EXHIBITS,6579
3529,FIXES,3532
20,FIXES,3833
3210,CAUSED_BY,3214
465,REQUIRES_DIAGNOSIS,482
392,CAUSED_BY,400
1316,FIXES,1320
1353,CAUSED_BY,1362
2338,FIXES,2346
2740,FIXES,75
6465,FIXES,6469
5985,FIXES,5987
20,FIXES,2786
2996,REQUIRES_DIAGNOSIS,3006
49,EXHIBITS,3073
3612,FIXES,3618
1944,CAUSED_BY,1952
368,FIXES,366
5432,FIXES,5435
2083,REQUIRES_DIAGNOSIS,2089
5270,REQUIRES_DIAGNOSIS,5275
5992,REQUIRES_DIAGNOSIS,6003
4922,REQUIRES_DIAGNOSIS,4928
284,FIXES,283
2202,FIXES,385
4229,FIXES,4231
4587,REQUIRES_DIAGNOSIS,4593
3769,FIXES,4598
1310,REQUIRES_DIAGNOSIS,1328
4137,FIXES,4135
5957,REQUIRES_DIAGNOSIS,5966
6247,REQUIRES_DIAGNOSIS,6253
1557,FIXES,1531
3074,FIXES,1120
1,EXHIBITS,3438
971,FIXES,974
611,FIXES,609
1759,FIXES,1775
6845,CAUSED_BY,6846
5791,FIXES,1838
4652,CAUSED_BY,4635
907,REQUIRES_DIAGNOSIS,906
5703,CAUSED_BY,5676
2197,CAUSED_BY,2208
20,FIXES,4304
20,FIXES,4075
1579,FIXES,45
5220,FIXES,5218
4220,FIXES,4221
1674,CAUSED_BY,1675
1332,FIXES,1329
2862,FIXES,2859
4377,FIXES,4379
4686,FIXES,89
4661,FIXES,4644
141,FIXES,143
6520,FIXES,6524
3980,FIXES,3979
5665,CAUSED_BY,5651
5303,FIXES,5304
2227,FIXES,2222
419,FIXES,423
3350,REQUIRES_DIAGNOSIS,3355
4287,CAUSED_BY,4288
217,CAUSED_BY,224
1405,FIXES,1408
170,FIXES,279
1249,FIXES,1256
2649,FIXES,2648
4073,REQUIRES_DIAGNOSIS,4080
6198,FIXES,6197
2670,FIXES,2673
2224,FIXES,2234
1622,CAUSED_BY,1638
3612,FIXES,3752
97,FIXES,96
263,FIXES,2836
20,FIXES,116
1,EXHIBITS,418
1840,FIXES,1846
6376,FIXES,6380
799,CAUSED_BY,800
770,FIXES,771
3139,FIXES,4750
1595,FIXES,1582
3137,REQUIRES_DIAGNOSIS,3144
4913,FIXES,4910
1512,FIXES,6047
1512,FIXES,1846
1867,FIXES,1866
3823,FIXES,3834
6236,FIXES,6235
5408,CAUSED_BY,5409
4073,CAUSED_BY,4077
2050,FIXES,35
2227,FIXES,2235
3230,CAUSED_BY,3238
3479,FIXES,3478
2479,FIXES,2481
5996,FIXES,5993
2900,FIXES,2910
5673,REQUIRES_DIAGNOSIS,5690
3308,REQUIRES_DIAGNOSIS,3311
662,FIXES,668
947,CAUSED_BY,948
2783,FIXES,2784
2960,REQUIRES_DIAGNOSIS,2964
2967,FIXES,75
5194,REQUIRES_DIAGNOSIS,5201
4239,FIXES,4325
4744,FIXES,4743
572,REQUIRES_DIAGNOSIS,586
2359,FIXES,2747
1,EXHIBITS,5908
6274,FIXES,6273
4758,FIXES,4759
1578,FIXES,1582
6139,REQUIRES_DIAGNOSIS,6160
4824,REQUIRES_DIAGNOSIS,4829
3611,FIXES,3617
5431,FIXES,5434
5071,FIXES,5069
5316,REQUIRES_DIAGNOSIS,5322
1,EXHIBITS,660
6437,REQUIRES_DIAGNOSIS,6441
20,FIXES,129
3531,FIXES,3532
3518,FIXES,3520
4869,CAUSED_BY,4870
712,FIXES,5296
6048,FIXES,6047
2087,FIXES,864
6399,CAUSED_BY,6400
3134,FIXES,3132
3843,FIXES,3848
170,FIXES,413
2340,FIXES,2346
278,FIXES,172
2201,FIXES,2214
4614,FIXES,4615
3933,CAUSED_BY,3934
1387,FIXES,1390
6034,FIXES,6065
1421,FIXES,1407
2827,FIXES,2841
49,EXHIBITS,2523
3221,FIXES,3223
5908,CAUSED_BY,5909
286,FIXES,283
2711,REQUIRES_DIAGNOSIS,2716
2471,FIXES,2504
4789,REQUIRES_DIAGNOSIS,4801
1337,CAUSED_BY,1338
2308,FIXES,2306
2444,FIXES,242
3282,FIXES,3280
2868,REQUIRES_DIAGNOSIS,2874
3269,FIXES,3268
2221,CAUSED_BY,2233
1,EXHIBITS,5103
2905,FIXES,2918
3234,FIXES,3231
3379,FIXES,3378
2351,CAUSED_BY,2344
1758,FIXES,1776
3284,CAUSED_BY,3285
81,FIXES,82
55,FIXES,6828
4414,FIXES,4416
1404,FIXES,1407
555,CAUSED_BY,556
1248,FIXES,1255
6230,FIXES,6228
3394,CAUSED_BY,3395
365,CAUSED_BY,45
5805,FIXES,5814
6790,REQUIRES_DIAGNOSIS,6796
3624,REQUIRES_DIAGNOSIS,3635
5369,CAUSED_BY,5370
20,FIXES,2707
80,CAUSED_BY,76
900,FIXES,90
6375,FIXES,6379
1666,REQUIRES_DIAGNOSIS,1673
5202,REQUIRES_DIAGNOSIS,5210
564,FIXES,565
1,EXHIBITS,6392
6630,FIXES,6629
5920,FIXES,5919
4404,FIXES,4405
6332,CAUSED_BY,6336
49,EXHIBITS,3933
529,FIXES,528
5378,FIXES,5379
5808,FIXES,5815
2553,FIXES,75
6442,CAUSED_BY,6446
251,EXHIBITS,1658
1721,REQUIRES_DIAGNOSIS,1745
2167,REQUIRES_DIAGNOSIS,2184
639,FIXES,638
4535,FIXES,4540
5647,FIXES,5645
1299,FIXES,1301
2829,FIXES,2831
951,FIXES,954
1904,FIXES,1903
4138,FIXES,4140
5152,FIXES,5153
1,EXHIBITS,2083
1512,FIXES,357
6490,CAUSED_BY,6491
5202,CAUSED_BY,5207
49,EXHIBITS,2068
5416,FIXES,5417
6532,REQUIRES_DIAGNOSIS,6541
5430,FIXES,5433
2173,FIXES,2132
3710,FIXES,3708
1,EXHIBITS,5466
86,FIXES,90
33,FIXES,1537
1592,CAUSED_BY,1598
2359,FIXES,90
4270,REQUIRES_DIAGNOSIS,4276
6033,FIXES,6030
6751,FIXES,6753
6813,FIXES,6841
1,EXHIBITS,4419
859,CAUSED_BY,869
49,EXHIBITS,1960
3818,REQUIRES_DIAGNOSIS,3838
63,FIXES,64
2200,FIXES,2213
1,EXHIBITS,5587
523,FIXES,519
4660,FIXES,4662
1512,FIXES,3632
1433,FIXES,1437
20,FIXES,2841
1085,FIXES,1090
4555,FIXES,4554
2455,FIXES,2463
332,FIXES,330
4228,FIXES,4232
1245,CAUSED_BY,1254
182,REQUIRES_DIAGNOSIS,188
2778,REQUIRES_DIAGNOSIS,2788
6649,FIXES,6646
1117,FIXES,2190
3663,FIXES,3662
5544,CAUSED_BY,5545
3768,FIXES,3781
122,FIXES,107
5043,REQUIRES_DIAGNOSIS,5050
3527,REQUIRES_DIAGNOSIS,3536
2491,REQUIRES_DIAGNOSIS,2498
2658,FIXES,5686
2389,FIXES,2387
3906,FIXES,3905
1275,FIXES,1268
73,FIXES,152
2255,FIXES,2264
6836,REQUIRES_DIAGNOSIS,6843
2736,FIXES,2744
3220,FIXES,3224
453,FIXES,454
1406,FIXES,1403
2058,FIXES,2053
2898,REQUIRES_DIAGNOSIS,2945
3124,FIXES,3123
3527,CAUSED_BY,3533
3846,FIXES,3851
1863,FIXES,1570
4654,FIXES,4653
4146,FIXES,4149
5156,REQUIRES_DIAGNOSIS,5161
1,EXHIBITS,4553
4054,FIXES,4053
1526,FIXES,5812
514,FIXES,511
236,FIXES,242
917,CAUSED_BY,921
1528,FIXES,1524
1250,FIXES,1255
1511,CAUSED_BY,1882
2797,FIXES,4006
106,REQUIRES_DIAGNOSIS,101
5807,FIXES,5814
5823,CAUSED_BY,5831
393,FIXES,400
425,REQUIRES_DIAGNOSIS,433
5836,CAUSED_BY,5843
4610,CAUSED_BY,4616
1298,FIXES,1300
2828,FIXES,2830
601,FIXES,602
31,FIXES,41
1623,FIXES,1628
3642,FIXES,3647
2630,FIXES,3722
49,EXHIBITS,4659
3255,FIXES,3093
5995,FIXES,1120
712,FIXES,2894
2527,FIXES,2524
268,CAUSED_BY,272
2898,CAUSED_BY,2915
2797,FIXES,4127
4981,FIXES,4988
2359,FIXES,2910
20,FIXES,1110
425,CAUSED_BY,430
4737,FIXES,201
6082,CAUSED_BY,6083
6750,FIXES,6752
4109,REQUIRES_DIAGNOSIS,4118
1001,FIXES,1003
4983,FIXES,4979
2817,FIXES,2815
3179,FIXES,3178
1371,FIXES,1379
4587,CAUSED_BY,4594
1,EXHIBITS,2580
2255,FIXES,412
49,EXHIBITS,6766
4792,FIXES,4790
2151,REQUIRES_DIAGNOSIS,2156
5004,REQUIRES_DIAGNOSIS,5011
1432,FIXES,1436
6722,REQUIRES_DIAGNOSIS,6731
1084,FIXES,1089
4970,FIXES,4973
4622,FIXES,4626
5562,FIXES,5563
4109,CAUSED_BY,4115
171,FIXES,172
3046,REQUIRES_DIAGNOSIS,3049
6597,FIXES,6601
1749,FIXES,1774
1118,FIXES,3401
1189,REQUIRES_DIAGNOSIS,1197
1930,FIXES,1929
1414,FIXES,1412
4357,FIXES,4365
6478,FIXES,6481
4613,FIXES,4616
6722,CAUSED_BY,6728
5740,FIXES,5750
712,FIXES,4075
1087,FIXES,1090
329,CAUSED_BY,342
2129,FIXES,2174
2254,FIXES,2263
2643,FIXES,2636
3741,FIXES,3762
1526,FIXES,1637
436,FIXES,36
5052,CAUSED_BY,5053
2205,FIXES,2210
2797,FIXES,4490
5675,FIXES,5674
5137,FIXES,22
1,EXHIBITS,6205
6058,FIXES,6062
6776,CAUSED_BY,6769
861,FIXES,864
742,FIXES,740
4167,REQUIRES_DIAGNOSIS,4170
3943,FIXES,3942
3796,FIXES,3797
3115,CAUSED_BY,3116
6664,CAUSED_BY,6665
1705,REQUIRES_DIAGNOSIS,1697
4480,REQUIRES_DIAGNOSIS,4251
1,EXHIBITS,728
3150,CAUSED_BY,3157
4755,CAUSED_BY,4756
469,FIXES,466
2257,FIXES,2264
4263,REQUIRES_DIAGNOSIS,4268
4978,CAUSED_BY,4987
114,CAUSED_BY,107
53,FIXES,2132
5703,REQUIRES_DIAGNOSIS,5719
49,EXHIBITS,6082
1525,FIXES,1529
676,CAUSED_BY,678
3863,CAUSED_BY,3864
3420,REQUIRES_DIAGNOSIS,3429
1653,REQUIRES_DIAGNOSIS,1656
1608,FIXES,1611
1,EXHIBITS,3064
3717,CAUSED_BY,3723
859,REQUIRES_DIAGNOSIS,870
5809,FIXES,5810
20,FIXES,318
49,EXHIBITS,5035
264,FIXES,265
81,FIXES,29
285,FIXES,290
1267,CAUSED_BY,1268
6055,REQUIRES_DIAGNOSIS,6067
192,FIXES,1499
395,FIXES,400
1385,CAUSED_BY,1391
2825,CAUSED_BY,2842
2040,REQUIRES_DIAGNOSIS,2045
4876,CAUSED_BY,4880
175,REQUIRES_DIAGNOSIS,180
5157,FIXES,1204
4186,FIXES,4187
1331,FIXES,1517
2732,CAUSED_BY,2745
156,CAUSED_BY,22
1098,CAUSED_BY,1101
119,EXHIBITS,4769
6055,CAUSED_BY,6064
4969,FIXES,4972
4956,FIXES,4960
49,EXHIBITS,4109
2276,FIXES,2247
1511,CAUSED_BY,1453
3551,FIXES,3550
287,FIXES,297
910,REQUIRES_DIAGNOSIS,916
2338,FIXES,2335
308,FIXES,322
931,REQUIRES_DIAGNOSIS,941
20,FIXES,4990
20,FIXES,2775
1359,FIXES,1363
5547,FIXES,5550
2257,FIXES,412
5382,CAUSED_BY,5244
98,FIXES,99
5725,FIXES,5733
1658,REQUIRES_DIAGNOSIS,1664
332,FIXES,3647
2797,FIXES,3698
3076,CAUSED_BY,3077
4624,FIXES,4626
3699,FIXES,3698
881,FIXES,884
2398,FIXES,2402
3720,FIXES,3723
1293,CAUSED_BY,1301
4401,CAUSED_BY,4402
6599,FIXES,6601
108,FIXES,123
1799,FIXES,1796
20,FIXES,4064
3529,FIXES,3534
465,REQUIRES_DIAGNOSIS,484
6298,FIXES,6295
5950,FIXES,5948
2523,CAUSED_BY,2529
2075,FIXES,2108
20,FIXES,5232
933,FIXES,938
863,FIXES,860
2996,REQUIRES_DIAGNOSIS,3008
4791,FIXES,4923
627,FIXES,85
61,REQUIRES_DIAGNOSIS,68
1944,CAUSED_BY,1954
5992,REQUIRES_DIAGNOSIS,6005
1023,CAUSED_BY,1024
4319,FIXES,4312
4922,REQUIRES_DIAGNOSIS,4930
2732,CAUSED_BY,75
2339,FIXES,860
5855,FIXES,5857
2689,FIXES,2696
3740,FIXES,3737
4360,FIXES,4368
5458,FIXES,5457
1622,CAUSED_BY,1627
1593,FIXES,1598
6810,CAUSED_BY,6811
2197,CAUSED_BY,2210
3067,FIXES,29
5308,REQUIRES_DIAGNOSIS,5315
61,CAUSED_BY,65
20,FIXES,4077
1607,CAUSED_BY,311
4898,FIXES,6758
234,FIXES,242
332,FIXES,3781
2054,FIXES,2059
4872,FIXES,4873
4922,CAUSED_BY,4927
5590,FIXES,5596
6210,CAUSED_BY,6211
1512,FIXES,1835
20,FIXES,3030
4673,REQUIRES_DIAGNOSIS,4678
5035,REQUIRES_DIAGNOSIS,5041
3980,FIXES,3981
2903,FIXES,2917
3983,CAUSED_BY,3987
747,CAUSED_BY,748
1526,FIXES,1558
49,EXHIBITS,2499
3248,FIXES,3246
2900,FIXES,2899
4252,CAUSED_BY,4253
307,FIXES,321
1432,FIXES,1370
4513,FIXES,4511
4830,REQUIRES_DIAGNOSIS,4840
1387,FIXES,90
3757,CAUSED_BY,3761
4073,REQUIRES_DIAGNOSIS,4082
5341,FIXES,5344
5006,FIXES,5009
263,FIXES,2838
749,FIXES,748
147,CAUSED_BY,152
1118,FIXES,1120
3936,FIXES,3934
49,EXHIBITS,405
770,FIXES,773
935,FIXES,921
4240,FIXES,4237
4771,FIXES,124
5984,FIXES,5398
2760,CAUSED_BY,2761
3139,FIXES,4752
6048,FIXES,1835
6265,CAUSED_BY,6266
2340,FIXES,2335
831,FIXES,830
332,FIXES,2976
5839,FIXES,5837
3974,FIXES,3972
2806,FIXES,2805
5762,FIXES,5770
2227,FIXES,2237
3626,FIXES,3625
6399,REQUIRES_DIAGNOSIS,6405
5186,REQUIRES_DIAGNOSIS,5190
5673,REQUIRES_DIAGNOSIS,5692
55,FIXES,51
5601,FIXES,5600
2783,FIXES,2786
2967,FIXES,306
6031,FIXES,6036
629,FIXES,2997
1,EXHIBITS,1709
5841,FIXES,5686
4744,FIXES,4745
6106,FIXES,6105
6139,REQUIRES_DIAGNOSIS,6162
3701,FIXES,3698
883,FIXES,884
3400,FIXES,3399
2221,CAUSED_BY,2222
4308,REQUIRES_DIAGNOSIS,4314
4709,FIXES,4708
1,EXHIBITS,2877
3866,FIXES,3869
1048,FIXES,1055
3531,FIXES,3534
5176,REQUIRES_DIAGNOSIS,5179
49,EXHIBITS,6016
6559,REQUIRES_DIAGNOSIS,6564
1098,REQUIRES_DIAGNOSIS,1102
4622,FIXES,4694
5761,FIXES,5759
629,FIXES,85
6479,FIXES,6482
6432,FIXES,6434
1387,FIXES,1392
2827,FIXES,2843
1286,FIXES,1282
53,FIXES,2187
6294,REQUIRES_DIAGNOSIS,6303
2040,CAUSED_BY,687
4029,FIXES,172
4813,FIXES,22
2868,REQUIRES_DIAGNOSIS,2876
2221,CAUSED_BY,2235
1778,REQUIRES_DIAGNOSIS,1800
5802,CAUSED_BY,5803
1721,REQUIRES_DIAGNOSIS,1734
2905,FIXES,2920
5961,FIXES,6786
5570,FIXES,5567
6304,REQUIRES_DIAGNOSIS,6327
2797,FIXES,357
2739,FIXES,2741
